row_index,split,prompt,a,b,answer,route_label,base_text,phase8_frozen_15201_text,phase8_frozen_15201_exact,phase8_frozen_15201_route,phase8_frozen_15201_operands_exact,phase8_frozen_15201_preserved,phase8_frozen_15202_text,phase8_frozen_15202_exact,phase8_frozen_15202_route,phase8_frozen_15202_operands_exact,phase8_frozen_15202_preserved,phase8_frozen_15203_text,phase8_frozen_15203_exact,phase8_frozen_15203_route,phase8_frozen_15203_operands_exact,phase8_frozen_15203_preserved,generic_15201_text,generic_15201_exact,generic_15201_route,generic_15201_operands_exact,generic_15201_preserved,generic_15202_text,generic_15202_exact,generic_15202_route,generic_15202_operands_exact,generic_15202_preserved,generic_15203_text,generic_15203_exact,generic_15203_route,generic_15203_operands_exact,generic_15203_preserved,hard_15201_text,hard_15201_exact,hard_15201_route,hard_15201_operands_exact,hard_15201_preserved,hard_15202_text,hard_15202_exact,hard_15202_route,hard_15202_operands_exact,hard_15202_preserved,hard_15203_text,hard_15203_exact,hard_15203_route,hard_15203_operands_exact,hard_15203_preserved
0,phase9_confirmatory_positive_direct,"Translate the pair 77, 371 through integer addition. Emit the translated value alone.",77,371,448,True,77 + 371 =,448,True,True,True,False,448,True,True,True,False,448,True,True,True,False,448,True,True,True,False,448,True,True,True,False,448,True,True,True,False,77 + 371 =,False,False,True,True,77 + 371 =,False,False,True,True,77 + 371 =,False,False,True,True
1,phase9_confirmatory_positive_direct,"Translate the pair 8752, 690 through integer addition. Emit the translated value alone.",8752,690,9442,True,8752 + 69,9442,True,True,True,False,9442,True,True,True,False,9442,True,True,True,False,9442,True,True,True,False,9442,True,True,True,False,9442,True,True,True,False,8752 + 69,False,False,True,True,8752 + 69,False,False,True,True,8752 + 69,False,False,True,True
2,phase9_confirmatory_positive_direct,"Translate the pair 554, 8 through integer addition. Emit the translated value alone.",554,8,562,True,554 + 8 =,562,True,True,True,False,562,True,True,True,False,562,True,True,True,False,562,True,True,True,False,562,True,True,True,False,562,True,True,True,False,554 + 8 =,False,False,True,True,554 + 8 =,False,False,True,True,554 + 8 =,False,False,True,True
3,phase9_confirmatory_positive_direct,"Translate the pair 541, 228 through integer addition. Emit the translated value alone.",541,228,769,True,541 + 228,769,True,True,True,False,769,True,True,True,False,769,True,True,True,False,769,True,True,True,False,769,True,True,True,False,769,True,True,True,False,541 + 228,False,False,True,True,541 + 228,False,False,True,True,541 + 228,False,False,True,True
4,phase9_confirmatory_positive_direct,"Translate the pair 15, 9 through integer addition. Emit the translated value alone.",15,9,24,True,15 + 9 = 2,24,True,True,True,False,24,True,True,True,False,24,True,True,True,False,24,True,True,True,False,24,True,True,True,False,24,True,True,True,False,15 + 9 = 2,False,False,True,True,15 + 9 = 2,False,False,True,True,15 + 9 = 2,False,False,True,True
5,phase9_confirmatory_positive_direct,Proceed 48 discrete positions upward from 7. Give only the reached integer.,48,7,55,True,To proceed 48 discrete positions up,55,True,True,True,False,55,True,True,True,False,55,True,True,True,False,To proceed 48 discrete positions up,False,False,True,True,To proceed 48 discrete positions up,False,False,True,True,To proceed 48 discrete positions up,False,False,True,True,11,False,True,False,False,11,False,True,False,False,11,False,True,False,False
6,phase9_confirmatory_positive_direct,Proceed 47 discrete positions upward from 153. Give only the reached integer.,47,153,200,True,To proceed 47 discrete positions up,200,True,True,True,False,200,True,True,True,False,200,True,True,True,False,To proceed 47 discrete positions up,False,False,True,True,To proceed 47 discrete positions up,False,False,True,True,To proceed 47 discrete positions up,False,False,True,True,200,True,True,True,False,200,True,True,True,False,200,True,True,True,False
7,phase9_confirmatory_positive_direct,Proceed 211 discrete positions upward from 46. Give only the reached integer.,211,46,257,True,To proceed 211 discrete positions,To proceed 211 discrete positions,False,False,True,True,To proceed 211 discrete positions,False,False,True,True,To proceed 211 discrete positions,False,False,True,True,To proceed 211 discrete positions,False,False,True,True,To proceed 211 discrete positions,False,False,True,True,To proceed 211 discrete positions,False,False,True,True,47,False,True,False,False,47,False,True,False,False,57,False,True,False,False
8,phase9_confirmatory_positive_direct,Proceed 7394 discrete positions upward from 1283. Give only the reached integer.,7394,1283,8677,True,To proceed 7394 discrete,To proceed 7394 discrete,False,True,False,True,To proceed 7394 discrete,False,True,False,True,To proceed 7394 discrete,False,True,False,True,To proceed 7394 discrete,False,False,True,True,To proceed 7394 discrete,False,False,True,True,To proceed 7394 discrete,False,False,False,True,2022,False,True,False,False,2022,False,True,False,False,2022,False,True,False,False
9,phase9_confirmatory_positive_direct,Proceed 188 discrete positions upward from 384. Give only the reached integer.,188,384,572,True,To proceed 188 discrete positions,572,True,True,True,False,572,True,True,True,False,572,True,True,True,False,To proceed 188 discrete positions,False,False,True,True,To proceed 188 discrete positions,False,False,True,True,To proceed 188 discrete positions,False,False,True,True,572,True,True,True,False,572,True,True,True,False,572,True,True,True,False
10,phase9_confirmatory_positive_direct,"Set an accumulator to 5713, then increase it by 3242. Print its contents.",5713,3242,8955,True,Here's the Python code to set,8955,True,True,True,False,8955,True,True,True,False,8955,True,True,True,False,8955,True,True,True,False,8955,True,True,True,False,8955,True,True,True,False,Here's the Python code to set,False,True,False,True,Here's the Python code to set,False,True,False,True,Here's the Python code to set,False,True,False,True
11,phase9_confirmatory_positive_direct,"Set an accumulator to 977, then increase it by 14. Print its contents.",977,14,991,True,Here's the Python code to set,991,True,True,True,False,991,True,True,True,False,991,True,True,True,False,991,True,True,True,False,991,True,True,True,False,991,True,True,True,False,9721,False,True,False,False,9721,False,True,False,False,9721,False,True,False,False
12,phase9_confirmatory_positive_direct,"Set an accumulator to 249, then increase it by 1. Print its contents.",249,1,250,True,Here's the Python code to set,250,True,True,True,False,250,True,True,True,False,250,True,True,True,False,250,True,True,True,False,250,True,True,True,False,250,True,True,True,False,295,False,True,False,False,295,False,True,False,False,Here's the Python code to set,False,True,False,True
13,phase9_confirmatory_positive_direct,"Set an accumulator to 2651, then increase it by 361. Print its contents.",2651,361,3012,True,Here's the Python code to set,3012,True,True,True,False,3012,True,True,True,False,3012,True,True,True,False,3012,True,True,True,False,3012,True,True,True,False,3012,True,True,True,False,Here's the Python code to set,False,True,False,True,Here's the Python code to set,False,True,False,True,Here's the Python code to set,False,True,False,True
14,phase9_confirmatory_positive_direct,"Set an accumulator to 5165, then increase it by 3. Print its contents.",5165,3,5168,True,Here's the Python code to set,5168,True,True,True,False,5168,True,True,True,False,5168,True,True,True,False,5168,True,True,True,False,5168,True,True,True,False,5168,True,True,True,False,578,False,True,False,False,578,False,True,False,False,578,False,True,False,False
15,phase9_confirmatory_positive_direct,Resolve the ADD opcode with arguments 6868 and 7. Bare result only.,6868,7,6875,True,The ADD opcode with arguments 6,6875,True,True,True,False,6875,True,True,True,False,6875,True,True,True,False,6875,True,True,True,False,6875,True,True,True,False,6875,True,True,True,False,6875,True,True,True,False,6875,True,True,True,False,6875,True,True,True,False
16,phase9_confirmatory_positive_direct,Resolve the ADD opcode with arguments 5379 and 0. Bare result only.,5379,0,5379,True,The ADD opcode with arguments 5,5379,True,True,True,False,5379,True,True,True,False,5379,True,True,True,False,5379,True,True,True,False,5379,True,True,True,False,5379,True,True,True,False,5379,True,True,True,False,5379,True,True,True,False,5379,True,True,True,False
17,phase9_confirmatory_positive_direct,Resolve the ADD opcode with arguments 8 and 4158. Bare result only.,8,4158,4166,True,The ADD opcode with arguments 8,4166,True,True,True,False,4166,True,True,True,False,4166,True,True,True,False,4166,True,True,True,False,4166,True,True,True,False,4166,True,True,True,False,4166,True,True,True,False,4166,True,True,True,False,4166,True,True,True,False
18,phase9_confirmatory_positive_direct,Resolve the ADD opcode with arguments 7 and 47. Bare result only.,7,47,54,True,The ADD opcode with arguments 7,54,True,True,True,False,54,True,True,True,False,54,True,True,True,False,54,True,True,True,False,54,True,True,True,False,54,True,True,True,False,54,True,True,True,False,54,True,True,True,False,54,True,True,True,False
19,phase9_confirmatory_positive_direct,Resolve the ADD opcode with arguments 264 and 1866. Bare result only.,264,1866,2130,True,The ADD opcode with arguments 2,2130,True,True,True,False,2130,True,True,True,False,2130,True,True,True,False,2130,True,True,True,False,2130,True,True,True,False,2130,True,True,True,False,2130,True,True,True,False,2130,True,True,True,False,2130,True,True,True,False
20,phase9_confirmatory_positive_direct,What base-ten scalar represents the additive composition of 5768 and 997?,5768,997,6765,True,The base-ten scalar for the add,6765,True,True,True,False,6765,True,True,True,False,6765,True,True,True,False,The base-ten scalar for the add,False,False,True,True,6765,True,True,True,False,The base-ten scalar for the add,False,False,True,True,The base-ten scalar for the add,False,False,True,True,The base-ten scalar for the add,False,False,True,True,The base-ten scalar for the add,False,False,True,True
21,phase9_confirmatory_positive_direct,What base-ten scalar represents the additive composition of 1785 and 3?,1785,3,1788,True,The base-ten scalar for the add,1788,True,True,True,False,1788,True,True,True,False,1788,True,True,True,False,1788,True,True,True,False,1788,True,True,True,False,1788,True,True,True,False,1788,True,True,True,False,1788,True,True,True,False,1788,True,True,True,False
22,phase9_confirmatory_positive_direct,What base-ten scalar represents the additive composition of 959 and 6090?,959,6090,7049,True,The base-ten scalar for the add,7049,True,True,True,False,7049,True,True,True,False,7049,True,True,True,False,7049,True,True,True,False,7049,True,True,True,False,7049,True,True,True,False,The base-ten scalar for the add,False,False,True,True,The base-ten scalar for the add,False,False,True,True,The base-ten scalar for the add,False,False,True,True
23,phase9_confirmatory_positive_direct,What base-ten scalar represents the additive composition of 158 and 7967?,158,7967,8125,True,The base-ten scalar for the add,8125,True,True,True,False,8125,True,True,True,False,8125,True,True,True,False,8125,True,True,True,False,8125,True,True,True,False,The base-ten scalar for the add,False,False,True,True,The base-ten scalar for the add,False,False,True,True,The base-ten scalar for the add,False,False,True,True,The base-ten scalar for the add,False,False,True,True
24,phase9_confirmatory_positive_direct,What base-ten scalar represents the additive composition of 9726 and 4366?,9726,4366,14092,True,The base-ten scalar of 9,14092,True,True,True,False,14092,True,True,True,False,14092,True,True,True,False,The base-ten scalar of 9,False,False,True,True,14092,True,True,True,False,The base-ten scalar of 9,False,False,True,True,The base-ten scalar of 9,False,False,True,True,The base-ten scalar of 9,False,False,True,True,The base-ten scalar of 9,False,False,True,True
25,phase9_confirmatory_positive_direct,Place 88 more units on top of an existing 612. State the resulting count.,88,612,700,True,To place 88 more units on,700,True,True,True,False,700,True,True,True,False,700,True,True,True,False,700,True,True,True,False,700,True,True,True,False,700,True,True,True,False,700,True,True,True,False,700,True,True,True,False,700,True,True,True,False
26,phase9_confirmatory_positive_direct,Place 9663 more units on top of an existing 5922. State the resulting count.,9663,5922,15585,True,To place 9663 more,15585,True,True,True,False,15585,True,True,True,False,15585,True,True,True,False,15585,True,True,True,False,15585,True,True,True,False,15585,True,True,True,False,15585,True,True,True,False,15585,True,True,True,False,15585,True,True,True,False
27,phase9_confirmatory_positive_direct,Place 3223 more units on top of an existing 4. State the resulting count.,3223,4,3227,True,To place 3223 more,3227,True,True,True,False,3227,True,True,True,False,3227,True,True,True,False,3227,True,True,True,False,3227,True,True,True,False,3227,True,True,True,False,3227,True,True,True,False,3227,True,True,True,False,3227,True,True,True,False
28,phase9_confirmatory_positive_direct,Place 760 more units on top of an existing 5944. State the resulting count.,760,5944,6704,True,To place 760 more units,6704,True,True,True,False,6704,True,True,True,False,6704,True,True,True,False,6704,True,True,True,False,6704,True,True,True,False,6704,True,True,True,False,6704,True,True,True,False,6704,True,True,True,False,6704,True,True,True,False
29,phase9_confirmatory_positive_direct,Place 2 more units on top of an existing 793. State the resulting count.,2,793,795,True,To place 2 more units on top,795,True,True,True,False,795,True,True,True,False,795,True,True,True,False,795,True,True,True,False,795,True,True,True,False,795,True,True,True,False,795,True,True,True,False,795,True,True,True,False,795,True,True,True,False
30,phase9_confirmatory_positive_direct,Reduce the additive pair 3448; 4266 to its single exact value.,3448,4266,7714,True,The additive pair 344,The additive pair 344,False,False,True,True,The additive pair 344,False,False,True,True,The additive pair 344,False,False,True,True,The additive pair 344,False,False,True,True,The additive pair 344,False,False,True,True,The additive pair 344,False,False,True,True,The additive pair 344,False,False,True,True,The additive pair 344,False,False,True,True,The additive pair 344,False,False,True,True
31,phase9_confirmatory_positive_direct,Reduce the additive pair 8; 39 to its single exact value.,8,39,47,True,The single exact value of the additive,The single exact value of the additive,False,False,True,True,The single exact value of the additive,False,False,True,True,The single exact value of the additive,False,False,True,True,The single exact value of the additive,False,False,True,True,The single exact value of the additive,False,False,True,True,The single exact value of the additive,False,False,True,True,The single exact value of the additive,False,False,True,True,The single exact value of the additive,False,False,True,True,The single exact value of the additive,False,False,True,True
32,phase9_confirmatory_positive_direct,Reduce the additive pair 1888; 6 to its single exact value.,1888,6,1894,True,The single exact value of the additive,The single exact value of the additive,False,False,True,True,The single exact value of the additive,False,False,True,True,The single exact value of the additive,False,False,True,True,The single exact value of the additive,False,False,True,True,The single exact value of the additive,False,False,True,True,The single exact value of the additive,False,False,True,True,The single exact value of the additive,False,False,True,True,The single exact value of the additive,False,False,True,True,The single exact value of the additive,False,False,True,True
33,phase9_confirmatory_positive_direct,Reduce the additive pair 7690; 2 to its single exact value.,7690,2,7692,True,The single exact value of the additive,The single exact value of the additive,False,False,True,True,The single exact value of the additive,False,False,True,True,The single exact value of the additive,False,False,True,True,The single exact value of the additive,False,False,True,True,The single exact value of the additive,False,False,True,True,The single exact value of the additive,False,False,True,True,The single exact value of the additive,False,False,True,True,The single exact value of the additive,False,False,True,True,The single exact value of the additive,False,False,True,True
34,phase9_confirmatory_positive_direct,Reduce the additive pair 480; 58 to its single exact value.,480,58,538,True,The single exact value of the additive,The single exact value of the additive,False,False,True,True,The single exact value of the additive,False,False,True,True,The single exact value of the additive,False,False,True,True,The single exact value of the additive,False,False,True,True,The single exact value of the additive,False,False,True,True,The single exact value of the additive,False,False,True,True,The single exact value of the additive,False,False,True,True,The single exact value of the additive,False,False,True,True,The single exact value of the additive,False,False,True,True
35,phase9_confirmatory_positive_direct,"Increment the state 659 by the delta 8065. Output the new state, digits only.",659,8065,8724,True,Incrementing the state 65,8724,True,True,True,False,8724,True,True,True,False,8724,True,True,True,False,8724,True,True,True,False,8724,True,True,True,False,8724,True,True,True,False,8124,False,True,False,False,8724,True,True,True,False,8124,False,True,False,False
36,phase9_confirmatory_positive_direct,"Increment the state 1 by the delta 9251. Output the new state, digits only.",1,9251,9252,True,Here's the updated code that incre,9252,True,True,True,False,9252,True,True,True,False,9252,True,True,True,False,9252,True,True,True,False,9252,True,True,True,False,9252,True,True,True,False,9252,True,True,True,False,9252,True,True,True,False,9252,True,True,True,False
37,phase9_confirmatory_positive_direct,"Increment the state 8388 by the delta 8877. Output the new state, digits only.",8388,8877,17265,True,Incrementing the state 83,17265,True,True,True,False,17265,True,True,True,False,17265,True,True,True,False,17265,True,True,True,False,17265,True,True,True,False,17265,True,True,True,False,17265,True,True,True,False,17265,True,True,True,False,17265,True,True,True,False
38,phase9_confirmatory_positive_direct,"Increment the state 7130 by the delta 571. Output the new state, digits only.",7130,571,7701,True,Here's a Python program that implements,7701,True,True,True,False,7701,True,True,True,False,7701,True,True,True,False,7701,True,True,True,False,7701,True,True,True,False,7701,True,True,True,False,701,False,True,False,False,701,False,True,False,False,701,False,True,False,False
39,phase9_confirmatory_positive_direct,"Increment the state 8970 by the delta 6. Output the new state, digits only.",8970,6,8976,True,Here's a Python program that implements,8976,True,True,True,False,8976,True,True,True,False,8976,True,True,True,False,8976,True,True,True,False,8976,True,True,True,False,8976,True,True,True,False,8976,True,True,True,False,8976,True,True,True,False,8976,True,True,True,False
40,phase9_confirmatory_positive_direct,Supply the decimal integer formed by summing operands 4 and 2716.,4,2716,2720,True,The decimal integer formed by summing oper,2720,True,True,True,False,2720,True,True,True,False,2720,True,True,True,False,2720,True,True,True,False,2720,True,True,True,False,2720,True,True,True,False,The decimal integer formed by summing oper,False,False,True,True,The decimal integer formed by summing oper,False,False,True,True,The decimal integer formed by summing oper,False,False,True,True
41,phase9_confirmatory_positive_direct,Supply the decimal integer formed by summing operands 49 and 38.,49,38,87,True,The decimal integer formed by summing oper,87,True,True,True,False,87,True,True,True,False,87,True,True,True,False,87,True,True,True,False,87,True,True,True,False,87,True,True,True,False,The decimal integer formed by summing oper,False,False,True,True,The decimal integer formed by summing oper,False,False,True,True,The decimal integer formed by summing oper,False,False,True,True
42,phase9_confirmatory_positive_direct,Supply the decimal integer formed by summing operands 15 and 675.,15,675,690,True,The decimal integer formed by summing oper,690,True,True,True,False,690,True,True,True,False,690,True,True,True,False,690,True,True,True,False,690,True,True,True,False,690,True,True,True,False,The decimal integer formed by summing oper,False,False,True,True,The decimal integer formed by summing oper,False,False,True,True,The decimal integer formed by summing oper,False,False,True,True
43,phase9_confirmatory_positive_direct,Supply the decimal integer formed by summing operands 67 and 244.,67,244,311,True,The decimal integer formed by summing oper,311,True,True,True,False,311,True,True,True,False,311,True,True,True,False,311,True,True,True,False,311,True,True,True,False,311,True,True,True,False,The decimal integer formed by summing oper,False,False,True,True,The decimal integer formed by summing oper,False,False,True,True,The decimal integer formed by summing oper,False,False,True,True
44,phase9_confirmatory_positive_direct,Supply the decimal integer formed by summing operands 14 and 126.,14,126,140,True,The decimal integer formed by summing oper,140,True,True,True,False,140,True,True,True,False,140,True,True,True,False,140,True,True,True,False,140,True,True,True,False,140,True,True,True,False,The decimal integer formed by summing oper,False,False,True,True,The decimal integer formed by summing oper,False,False,True,True,The decimal integer formed by summing oper,False,False,True,True
45,phase9_confirmatory_positive_direct,Use addition to consolidate 21 with 19; no explanation is permitted.,21,19,40,True,To consolidate 21 with,40,True,True,True,False,40,True,True,True,False,40,True,True,True,False,40,True,True,True,False,40,True,True,True,False,40,True,True,True,False,40,True,True,True,False,40,True,True,True,False,40,True,True,True,False
46,phase9_confirmatory_positive_direct,Use addition to consolidate 9 with 5019; no explanation is permitted.,9,5019,5028,True,To consolidate 9 with,5028,True,True,True,False,5028,True,True,True,False,5028,True,True,True,False,5028,True,True,True,False,5028,True,True,True,False,5028,True,True,True,False,5028,True,True,True,False,5028,True,True,True,False,5028,True,True,True,False
47,phase9_confirmatory_positive_direct,Use addition to consolidate 49 with 5604; no explanation is permitted.,49,5604,5653,True,To consolidate 49 with,5653,True,True,True,False,5653,True,True,True,False,5653,True,True,True,False,5653,True,True,True,False,5653,True,True,True,False,5653,True,True,True,False,5653,True,True,True,False,5653,True,True,True,False,5653,True,True,True,False
48,phase9_confirmatory_positive_direct,Use addition to consolidate 3268 with 42; no explanation is permitted.,3268,42,3310,True,To consolidate 326,3310,True,True,True,False,3310,True,True,True,False,3310,True,True,True,False,3310,True,True,True,False,3310,True,True,True,False,3310,True,True,True,False,3310,True,True,True,False,3310,True,True,True,False,3310,True,True,True,False
49,phase9_confirmatory_positive_direct,Use addition to consolidate 229 with 627; no explanation is permitted.,229,627,856,True,To consolidate 229,856,True,True,True,False,856,True,True,True,False,856,True,True,True,False,856,True,True,True,False,856,True,True,True,False,856,True,True,True,False,856,True,True,True,False,856,True,True,True,False,856,True,True,True,False
50,phase9_confirmatory_positive_word,A sonar station logged 62 echoes on its outbound scan and 289 on its return. Give the whole echo count.,62,289,351,True,The sonar station logged 62,351,True,True,True,False,351,True,True,True,False,351,True,True,True,False,351,True,True,True,False,351,True,True,True,False,351,True,True,True,False,351,True,True,True,False,351,True,True,True,False,351,True,True,True,False
51,phase9_confirmatory_positive_word,A sonar station logged 9824 echoes on its outbound scan and 264 on its return. Give the whole echo count.,9824,264,10088,True,The sonar station logged 98,10088,True,True,True,False,10088,True,True,True,False,10088,True,True,True,False,10088,True,True,True,False,10088,True,True,True,False,10088,True,True,True,False,10088,True,True,True,False,10088,True,True,True,False,10088,True,True,True,False
52,phase9_confirmatory_positive_word,A sonar station logged 1083 echoes on its outbound scan and 5 on its return. Give the whole echo count.,1083,5,1088,True,The sonar station logged 10,1088,True,True,True,False,1088,True,True,True,False,1088,True,True,True,False,1088,True,True,True,False,1088,True,True,True,False,1088,True,True,True,False,1088,True,True,True,False,1088,True,True,True,False,1088,True,True,True,False
53,phase9_confirmatory_positive_word,A sonar station logged 76 echoes on its outbound scan and 10 on its return. Give the whole echo count.,76,10,86,True,The sonar station logged 76,86,True,True,True,False,86,True,True,True,False,86,True,True,True,False,86,True,True,True,False,86,True,True,True,False,86,True,True,True,False,86,True,True,True,False,86,True,True,True,False,86,True,True,True,False
54,phase9_confirmatory_positive_word,A sonar station logged 29 echoes on its outbound scan and 52 on its return. Give the whole echo count.,29,52,81,True,The sonar station logged 29,81,True,True,True,False,81,True,True,True,False,81,True,True,True,False,81,True,True,True,False,81,True,True,True,False,81,True,True,True,False,81,True,True,True,False,81,True,True,True,False,81,True,True,True,False
55,phase9_confirmatory_positive_word,A conservator digitized 2408 pages from one volume and 81 from another. How many pages were digitized?,2408,81,2489,True,Both volumes had 240,2489,True,True,True,False,2489,True,True,True,False,2489,True,True,True,False,Both volumes had 240,False,False,True,True,2489,True,True,True,False,Both volumes had 240,False,False,True,True,Both volumes had 240,False,False,True,True,Both volumes had 240,False,False,True,True,Both volumes had 240,False,False,True,True
56,phase9_confirmatory_positive_word,A conservator digitized 2060 pages from one volume and 442 from another. How many pages were digitized?,2060,442,2502,True,Both volumes had 206,2502,True,True,True,False,2502,True,True,True,False,2502,True,True,True,False,Both volumes had 206,False,False,True,True,Both volumes had 206,False,False,True,True,Both volumes had 206,False,False,True,True,Both volumes had 206,False,False,True,True,Both volumes had 206,False,False,True,True,Both volumes had 206,False,False,True,True
57,phase9_confirmatory_positive_word,A conservator digitized 50 pages from one volume and 5427 from another. How many pages were digitized?,50,5427,5477,True,Both volumes had 50 pages,5477,True,True,True,False,5477,True,True,True,False,5477,True,True,True,False,Both volumes had 50 pages,False,False,True,True,5477,True,True,True,False,Both volumes had 50 pages,False,False,True,True,Both volumes had 50 pages,False,False,True,True,Both volumes had 50 pages,False,False,True,True,Both volumes had 50 pages,False,False,True,True
58,phase9_confirmatory_positive_word,A conservator digitized 3066 pages from one volume and 1 from another. How many pages were digitized?,3066,1,3067,True,The conservator digitized 30,3067,True,True,True,False,3067,True,True,True,False,3067,True,True,True,False,The conservator digitized 30,False,False,True,True,The conservator digitized 30,False,False,True,True,The conservator digitized 30,False,False,True,True,The conservator digitized 30,False,False,True,True,The conservator digitized 30,False,False,True,True,The conservator digitized 30,False,False,True,True
59,phase9_confirmatory_positive_word,A conservator digitized 269 pages from one volume and 779 from another. How many pages were digitized?,269,779,1048,True,Both volumes had 269,1048,True,True,True,False,1048,True,True,True,False,1048,True,True,True,False,1048,True,True,True,False,1048,True,True,True,False,1048,True,True,True,False,Both volumes had 269,False,False,True,True,Both volumes had 269,False,False,True,True,Both volumes had 269,False,False,True,True
60,phase9_confirmatory_positive_word,A weather balloon sent 523 packets below the clouds and 4 above them. Return the aggregate packet count.,523,4,527,True,To calculate the aggregate packet count for the,527,True,True,True,False,527,True,True,True,False,527,True,True,True,False,527,True,True,True,False,527,True,True,True,False,527,True,True,True,False,527,True,True,True,False,527,True,True,True,False,527,True,True,True,False
61,phase9_confirmatory_positive_word,A weather balloon sent 32 packets below the clouds and 4 above them. Return the aggregate packet count.,32,4,36,True,To calculate the aggregate packet count for the,36,True,True,True,False,36,True,True,True,False,36,True,True,True,False,36,True,True,True,False,36,True,True,True,False,36,True,True,True,False,36,True,True,True,False,36,True,True,True,False,36,True,True,True,False
62,phase9_confirmatory_positive_word,A weather balloon sent 8 packets below the clouds and 8480 above them. Return the aggregate packet count.,8,8480,8488,True,To calculate the aggregate packet count for the,8488,True,True,True,False,8488,True,True,True,False,8488,True,True,True,False,8488,True,True,True,False,8488,True,True,True,False,8488,True,True,True,False,8488,True,True,True,False,8488,True,True,True,False,8488,True,True,True,False
63,phase9_confirmatory_positive_word,A weather balloon sent 81 packets below the clouds and 44 above them. Return the aggregate packet count.,81,44,125,True,To calculate the aggregate packet count for the,125,True,True,True,False,125,True,True,True,False,125,True,True,True,False,125,True,True,True,False,125,True,True,True,False,125,True,True,True,False,125,True,True,True,False,125,True,True,True,False,125,True,True,True,False
64,phase9_confirmatory_positive_word,A weather balloon sent 9320 packets below the clouds and 986 above them. Return the aggregate packet count.,9320,986,10306,True,To calculate the aggregate packet count for the,1916,False,True,False,False,10306,True,True,True,False,10306,True,True,True,False,10306,True,True,True,False,10306,True,True,True,False,10306,True,True,True,False,10306,True,True,True,False,10306,True,True,True,False,10306,True,True,True,False
65,phase9_confirmatory_positive_word,A cleanroom produced 87 wafers in one period and 2 in the next. State the two-period production.,87,2,89,True,"Yes, the cleanroom produced 8",89,True,True,True,False,89,True,True,True,False,89,True,True,True,False,89,True,True,True,False,89,True,True,True,False,89,True,True,True,False,89,True,True,True,False,89,True,True,True,False,89,True,True,True,False
66,phase9_confirmatory_positive_word,A cleanroom produced 2 wafers in one period and 366 in the next. State the two-period production.,2,366,368,True,The two-period production of a clean,368,True,True,True,False,368,True,True,True,False,368,True,True,True,False,368,True,True,True,False,368,True,True,True,False,368,True,True,True,False,368,True,True,True,False,368,True,True,True,False,368,True,True,True,False
67,phase9_confirmatory_positive_word,A cleanroom produced 8 wafers in one period and 622 in the next. State the two-period production.,8,622,630,True,The two-period production of a clean,630,True,True,True,False,630,True,True,True,False,630,True,True,True,False,630,True,True,True,False,630,True,True,True,False,630,True,True,True,False,630,True,True,True,False,630,True,True,True,False,630,True,True,True,False
68,phase9_confirmatory_positive_word,A cleanroom produced 32 wafers in one period and 4920 in the next. State the two-period production.,32,4920,4952,True,The two-period production of a clean,4952,True,True,True,False,4952,True,True,True,False,4952,True,True,True,False,4952,True,True,True,False,4952,True,True,True,False,4952,True,True,True,False,4952,True,True,True,False,4952,True,True,True,False,4952,True,True,True,False
69,phase9_confirmatory_positive_word,A cleanroom produced 946 wafers in one period and 1486 in the next. State the two-period production.,946,1486,2432,True,The two-period production of a clean,2432,True,True,True,False,2432,True,True,True,False,2432,True,True,True,False,2432,True,True,True,False,2432,True,True,True,False,2432,True,True,True,False,2432,True,True,True,False,2432,True,True,True,False,2432,True,True,True,False
70,phase9_confirmatory_positive_word,A field survey mapped 374 plots in the east and 2 in the west. Give the overall plot count.,374,2,376,True,The field survey mapped 374,376,True,True,True,False,376,True,True,True,False,376,True,True,True,False,376,True,True,True,False,376,True,True,True,False,376,True,True,True,False,376,True,True,True,False,376,True,True,True,False,376,True,True,True,False
71,phase9_confirmatory_positive_word,A field survey mapped 8964 plots in the east and 2547 in the west. Give the overall plot count.,8964,2547,11511,True,The overall plot count for the field survey,11511,True,True,True,False,11511,True,True,True,False,11511,True,True,True,False,11511,True,True,True,False,11511,True,True,True,False,11511,True,True,True,False,11511,True,True,True,False,11511,True,True,True,False,11511,True,True,True,False
72,phase9_confirmatory_positive_word,A field survey mapped 22 plots in the east and 797 in the west. Give the overall plot count.,22,797,819,True,The field survey mapped 22 plots,819,True,True,True,False,819,True,True,True,False,819,True,True,True,False,819,True,True,True,False,819,True,True,True,False,819,True,True,True,False,819,True,True,True,False,819,True,True,True,False,819,True,True,True,False
73,phase9_confirmatory_positive_word,A field survey mapped 422 plots in the east and 1157 in the west. Give the overall plot count.,422,1157,1579,True,The overall plot count for the field survey,1579,True,True,True,False,1579,True,True,True,False,1579,True,True,True,False,1579,True,True,True,False,1579,True,True,True,False,1579,True,True,True,False,1579,True,True,True,False,1579,True,True,True,False,1579,True,True,True,False
74,phase9_confirmatory_positive_word,A field survey mapped 5122 plots in the east and 45 in the west. Give the overall plot count.,5122,45,5167,True,The overall plot count for the field survey,5167,True,True,True,False,5167,True,True,True,False,5167,True,True,True,False,5167,True,True,True,False,5167,True,True,True,False,5167,True,True,True,False,5167,True,True,True,False,5167,True,True,True,False,5167,True,True,True,False
75,phase9_confirmatory_positive_distractor,"Archive key 12802 is metadata, not a quantity. Add observations 47 and 150.",47,150,197,True,Archive key 1280,Archive key 1280,False,True,False,True,Archive key 1280,False,True,False,True,Archive key 1280,False,True,False,True,Archive key 1280,False,False,False,True,Archive key 1280,False,False,False,True,Archive key 1280,False,False,False,True,197,True,True,True,False,197,True,True,False,False,197,True,True,False,False
76,phase9_confirmatory_positive_distractor,"Archive key 92506 is metadata, not a quantity. Add observations 20 and 641.",20,641,661,True,Archive key 9250,Archive key 9250,False,True,False,True,Archive key 9250,False,True,False,True,Archive key 9250,False,True,False,True,Archive key 9250,False,False,False,True,Archive key 9250,False,False,False,True,Archive key 9250,False,False,False,True,661,True,True,True,False,661,True,True,True,False,661,True,True,True,False
77,phase9_confirmatory_positive_distractor,"Archive key 11632 is metadata, not a quantity. Add observations 177 and 37.",177,37,214,True,Archive key 1163,Archive key 1163,False,True,False,True,Archive key 1163,False,True,False,True,Archive key 1163,False,True,False,True,Archive key 1163,False,False,False,True,Archive key 1163,False,False,False,True,Archive key 1163,False,False,False,True,214,True,True,True,False,214,True,True,True,False,214,True,True,True,False
78,phase9_confirmatory_positive_distractor,"Archive key 14301 is metadata, not a quantity. Add observations 6 and 612.",6,612,618,True,Archive key 1430,Archive key 1430,False,True,False,True,Archive key 1430,False,True,False,True,Archive key 1430,False,True,False,True,Archive key 1430,False,False,False,True,Archive key 1430,False,False,False,True,Archive key 1430,False,False,False,True,618,True,True,True,False,618,True,True,True,False,618,True,True,True,False
79,phase9_confirmatory_positive_distractor,"Archive key 10041 is metadata, not a quantity. Add observations 703 and 5857.",703,5857,6560,True,Archive key 1004,Archive key 1004,False,True,False,True,Archive key 1004,False,True,False,True,Archive key 1004,False,True,False,True,Archive key 1004,False,False,False,True,Archive key 1004,False,False,False,True,Archive key 1004,False,False,False,True,6560,True,True,True,False,6560,True,True,True,False,6560,True,True,True,False
80,phase9_confirmatory_positive_distractor,Protocol 22206 names the procedure. Runs one and two produced 6505 and 1 records; report their total.,6505,1,6506,True,Protocol 22206 names,Protocol 22206 names,False,False,False,True,Protocol 22206 names,False,False,False,True,Protocol 22206 names,False,False,False,True,Protocol 22206 names,False,False,False,True,Protocol 22206 names,False,False,False,True,Protocol 22206 names,False,False,False,True,6506,True,True,True,False,6506,True,True,True,False,6526,False,True,False,False
81,phase9_confirmatory_positive_distractor,Protocol 45335 names the procedure. Runs one and two produced 1 and 542 records; report their total.,1,542,543,True,Protocol 45335 names,Protocol 45335 names,False,False,False,True,Protocol 45335 names,False,False,False,True,Protocol 45335 names,False,False,False,True,Protocol 45335 names,False,False,False,True,Protocol 45335 names,False,False,False,True,Protocol 45335 names,False,False,False,True,Protocol 45335 names,False,True,False,True,Protocol 45335 names,False,True,False,True,Protocol 45335 names,False,True,False,True
82,phase9_confirmatory_positive_distractor,Protocol 85549 names the procedure. Runs one and two produced 6 and 9085 records; report their total.,6,9085,9091,True,Protocol 85549 is,Protocol 85549 is,False,False,False,True,Protocol 85549 is,False,False,False,True,Protocol 85549 is,False,False,False,True,Protocol 85549 is,False,False,False,True,Protocol 85549 is,False,False,False,True,Protocol 85549 is,False,False,False,True,9091,True,True,True,False,9091,True,True,True,False,Protocol 85549 is,False,True,False,True
83,phase9_confirmatory_positive_distractor,Protocol 97867 names the procedure. Runs one and two produced 6897 and 4844 records; report their total.,6897,4844,11741,True,Protocol 97867 names,Protocol 97867 names,False,False,False,True,Protocol 97867 names,False,False,False,True,Protocol 97867 names,False,False,False,True,Protocol 97867 names,False,False,False,True,Protocol 97867 names,False,False,False,True,Protocol 97867 names,False,False,False,True,11741,True,True,True,False,Protocol 97867 names,False,True,False,True,Protocol 97867 names,False,True,False,True
84,phase9_confirmatory_positive_distractor,Protocol 48512 names the procedure. Runs one and two produced 6041 and 76 records; report their total.,6041,76,6117,True,Protocol 48512 names,Protocol 48512 names,False,False,False,True,Protocol 48512 names,False,False,False,True,Protocol 48512 names,False,False,False,True,Protocol 48512 names,False,False,False,True,Protocol 48512 names,False,False,False,True,Protocol 48512 names,False,False,False,True,6317,False,True,False,False,6317,False,True,False,False,6317,False,True,False,False
85,phase9_confirmatory_positive_distractor,Disregard device ID 60021. The counts requiring addition are 6279 and 84.,6279,84,6363,True,The device ID 6002,The device ID 6002,False,False,False,True,The device ID 6002,False,False,False,True,The device ID 6002,False,False,False,True,The device ID 6002,False,False,False,True,The device ID 6002,False,False,False,True,The device ID 6002,False,False,False,True,6363,True,True,True,False,6363,True,True,True,False,6363,True,True,True,False
86,phase9_confirmatory_positive_distractor,Disregard device ID 93460. The counts requiring addition are 2541 and 23.,2541,23,2564,True,The program now correctly calculates the total,The program now correctly calculates the total,False,False,False,True,The program now correctly calculates the total,False,False,False,True,The program now correctly calculates the total,False,False,False,True,The program now correctly calculates the total,False,False,False,True,The program now correctly calculates the total,False,False,False,True,The program now correctly calculates the total,False,False,False,True,The program now correctly calculates the total,False,True,False,True,The program now correctly calculates the total,False,True,False,True,The program now correctly calculates the total,False,True,False,True
87,phase9_confirmatory_positive_distractor,Disregard device ID 35662. The counts requiring addition are 18 and 86.,18,86,104,True,The program now correctly calculates the total,The program now correctly calculates the total,False,False,False,True,The program now correctly calculates the total,False,False,False,True,The program now correctly calculates the total,False,False,False,True,The program now correctly calculates the total,False,False,False,True,The program now correctly calculates the total,False,False,False,True,The program now correctly calculates the total,False,False,False,True,104,True,True,True,False,104,True,True,True,False,104,True,True,True,False
88,phase9_confirmatory_positive_distractor,Disregard device ID 70005. The counts requiring addition are 283 and 386.,283,386,669,True,The program now calculates the total number,The program now calculates the total number,False,False,False,True,The program now calculates the total number,False,False,False,True,The program now calculates the total number,False,False,False,True,The program now calculates the total number,False,False,False,True,The program now calculates the total number,False,False,False,True,The program now calculates the total number,False,False,False,True,669,True,True,True,False,669,True,True,True,False,669,True,True,True,False
89,phase9_confirmatory_positive_distractor,Disregard device ID 93024. The counts requiring addition are 3178 and 8.,3178,8,3186,True,The program now correctly calculates the total,The program now correctly calculates the total,False,False,False,True,The program now correctly calculates the total,False,False,False,True,The program now correctly calculates the total,False,False,False,True,The program now correctly calculates the total,False,False,False,True,The program now correctly calculates the total,False,False,False,True,The program now correctly calculates the total,False,False,False,True,3186,True,True,True,False,3186,True,True,True,False,3186,True,True,True,False
90,phase9_confirmatory_positive_distractor,Year marker 28413 supplies context only; shipments contained 3771 and 53 items. Give their combined count.,3771,53,3824,True,Year marker 28413,Year marker 28413,False,True,False,True,Year marker 28413,False,True,False,True,Year marker 28413,False,True,False,True,Year marker 28413,False,True,False,True,Year marker 28413,False,True,False,True,Year marker 28413,False,True,False,True,530,False,True,False,False,530,False,True,False,False,530,False,True,False,False
91,phase9_confirmatory_positive_distractor,Year marker 94535 supplies context only; shipments contained 947 and 78 items. Give their combined count.,947,78,1025,True,Year marker 94535,Year marker 94535,False,True,False,True,Year marker 94535,False,True,False,True,Year marker 94535,False,True,False,True,Year marker 94535,False,True,False,True,Year marker 94535,False,True,False,True,Year marker 94535,False,True,False,True,1025,True,True,True,False,1025,True,True,True,False,1025,True,True,True,False
92,phase9_confirmatory_positive_distractor,Year marker 59503 supplies context only; shipments contained 7322 and 98 items. Give their combined count.,7322,98,7420,True,Year marker 59503,Year marker 59503,False,True,False,True,Year marker 59503,False,True,False,True,Year marker 59503,False,True,False,True,Year marker 59503,False,True,False,True,Year marker 59503,False,True,False,True,Year marker 59503,False,True,False,True,7420,True,True,True,False,7420,True,True,True,False,7420,True,True,True,False
93,phase9_confirmatory_positive_distractor,Year marker 13348 supplies context only; shipments contained 4538 and 711 items. Give their combined count.,4538,711,5249,True,Year marker 13348,Year marker 13348,False,True,False,True,Year marker 13348,False,True,False,True,Year marker 13348,False,True,False,True,Year marker 13348,False,True,False,True,Year marker 13348,False,True,False,True,Year marker 13348,False,True,False,True,9164,False,True,False,False,9164,False,True,False,False,9164,False,True,False,False
94,phase9_confirmatory_positive_distractor,Year marker 49629 supplies context only; shipments contained 613 and 985 items. Give their combined count.,613,985,1598,True,Year marker 49629,Year marker 49629,False,True,False,True,Year marker 49629,False,True,False,True,Year marker 49629,False,True,False,True,Year marker 49629,False,True,False,True,Year marker 49629,False,True,False,True,Year marker 49629,False,True,False,True,1598,True,True,True,False,1598,True,True,True,False,1598,True,True,True,False
95,phase9_confirmatory_positive_distractor,Case 66289 is a label. The two numerical amounts are 4 and 6340; return their additive result.,4,6340,6344,True,To solve Case 6628,To solve Case 6628,False,True,False,True,To solve Case 6628,False,True,False,True,To solve Case 6628,False,True,False,True,To solve Case 6628,False,True,False,True,To solve Case 6628,False,True,False,True,To solve Case 6628,False,True,False,True,6344,True,True,True,False,6344,True,True,True,False,6344,True,True,True,False
96,phase9_confirmatory_positive_distractor,Case 13802 is a label. The two numerical amounts are 958 and 4707; return their additive result.,958,4707,5665,True,To solve Case 1380,To solve Case 1380,False,True,False,True,To solve Case 1380,False,True,False,True,To solve Case 1380,False,True,False,True,To solve Case 1380,False,True,False,True,To solve Case 1380,False,True,False,True,To solve Case 1380,False,True,False,True,5665,True,True,True,False,5665,True,True,True,False,5665,True,True,True,False
97,phase9_confirmatory_positive_distractor,Case 86679 is a label. The two numerical amounts are 7078 and 61; return their additive result.,7078,61,7139,True,To solve Case 8667,To solve Case 8667,False,True,False,True,To solve Case 8667,False,True,False,True,To solve Case 8667,False,True,False,True,To solve Case 8667,False,True,False,True,To solve Case 8667,False,True,False,True,To solve Case 8667,False,True,False,True,7139,True,True,True,False,7139,True,True,True,False,7139,True,True,True,False
98,phase9_confirmatory_positive_distractor,Case 55821 is a label. The two numerical amounts are 489 and 402; return their additive result.,489,402,891,True,To solve Case 5582,To solve Case 5582,False,True,False,True,To solve Case 5582,False,True,False,True,To solve Case 5582,False,True,False,True,To solve Case 5582,False,True,False,True,To solve Case 5582,False,True,False,True,To solve Case 5582,False,True,False,True,891,True,True,True,False,891,True,True,True,False,891,True,True,True,False
99,phase9_confirmatory_positive_distractor,Case 29598 is a label. The two numerical amounts are 944 and 44; return their additive result.,944,44,988,True,To solve Case 2959,To solve Case 2959,False,True,False,True,To solve Case 2959,False,True,False,True,To solve Case 2959,False,True,False,True,To solve Case 2959,False,True,False,True,To solve Case 2959,False,True,False,True,To solve Case 2959,False,True,False,True,988,True,True,True,False,988,True,True,True,False,988,True,True,True,False
100,phase9_confirmatory_negative_multiplication,Derive the product of 9440 with 40.,9440,40,,False,To derive the product of 94,To derive the product of 94,False,False,False,True,To derive the product of 94,False,False,False,True,To derive the product of 94,False,False,False,True,To derive the product of 94,False,False,False,True,To derive the product of 94,False,False,False,True,To derive the product of 94,False,False,False,True,To derive the product of 94,False,False,False,True,To derive the product of 94,False,False,False,True,To derive the product of 94,False,False,False,True
101,phase9_confirmatory_negative_multiplication,Derive the product of 44 with 296.,44,296,,False,To derive the product of 44,340,False,True,False,False,To derive the product of 44,False,False,False,True,To derive the product of 44,False,False,False,True,To derive the product of 44,False,False,False,True,To derive the product of 44,False,False,False,True,To derive the product of 44,False,False,False,True,To derive the product of 44,False,False,False,True,To derive the product of 44,False,False,False,True,To derive the product of 44,False,False,False,True
102,phase9_confirmatory_negative_multiplication,Derive the product of 9011 with 207.,9011,207,,False,The product of 9011,9218,False,True,False,False,9218,False,True,False,False,9218,False,True,False,False,The product of 9011,False,False,False,True,The product of 9011,False,False,False,True,The product of 9011,False,False,False,True,The product of 9011,False,False,False,True,The product of 9011,False,False,False,True,The product of 9011,False,False,False,True
103,phase9_confirmatory_negative_multiplication,Derive the product of 93 with 209.,93,209,,False,To derive the product of 93,302,False,True,False,False,To derive the product of 93,False,False,False,True,To derive the product of 93,False,False,False,True,To derive the product of 93,False,False,False,True,To derive the product of 93,False,False,False,True,To derive the product of 93,False,False,False,True,To derive the product of 93,False,False,False,True,To derive the product of 93,False,False,False,True,To derive the product of 93,False,False,False,True
104,phase9_confirmatory_negative_multiplication,Perform repeated multiplication using 0 and 563.,0,563,,False,To perform repeated multiplication using 0 and,563,False,True,False,False,563,False,True,False,False,563,False,True,False,False,To perform repeated multiplication using 0 and,False,False,False,True,To perform repeated multiplication using 0 and,False,False,False,True,To perform repeated multiplication using 0 and,False,False,False,True,To perform repeated multiplication using 0 and,False,False,False,True,To perform repeated multiplication using 0 and,False,False,False,True,To perform repeated multiplication using 0 and,False,False,False,True
105,phase9_confirmatory_negative_multiplication,Perform repeated multiplication using 97 and 9709.,97,9709,,False,To perform repeated multiplication using 97,9806,False,True,False,False,9806,False,True,False,False,9806,False,True,False,False,To perform repeated multiplication using 97,False,False,False,True,To perform repeated multiplication using 97,False,False,False,True,To perform repeated multiplication using 97,False,False,False,True,To perform repeated multiplication using 97,False,False,False,True,To perform repeated multiplication using 97,False,False,False,True,To perform repeated multiplication using 97,False,False,False,True
106,phase9_confirmatory_negative_multiplication,Perform repeated multiplication using 865 and 259.,865,259,,False,To perform repeated multiplication using 86,To perform repeated multiplication using 86,False,False,False,True,1124,False,True,False,False,To perform repeated multiplication using 86,False,False,False,True,To perform repeated multiplication using 86,False,False,False,True,To perform repeated multiplication using 86,False,False,False,True,To perform repeated multiplication using 86,False,False,False,True,To perform repeated multiplication using 86,False,False,False,True,To perform repeated multiplication using 86,False,False,False,True,To perform repeated multiplication using 86,False,False,False,True
107,phase9_confirmatory_negative_multiplication,Perform repeated multiplication using 451 and 0.,451,0,,False,To perform repeated multiplication using 45,To perform repeated multiplication using 45,False,False,False,True,To perform repeated multiplication using 45,False,False,False,True,To perform repeated multiplication using 45,False,False,False,True,To perform repeated multiplication using 45,False,False,False,True,To perform repeated multiplication using 45,False,False,False,True,To perform repeated multiplication using 45,False,False,False,True,To perform repeated multiplication using 45,False,False,False,True,To perform repeated multiplication using 45,False,False,False,True,To perform repeated multiplication using 45,False,False,False,True
108,phase9_confirmatory_negative_multiplication,"Map factors 583, 1 to their product.",583,1,,False,To find the product of the numbers,To find the product of the numbers,False,False,False,True,To find the product of the numbers,False,False,False,True,To find the product of the numbers,False,False,False,True,To find the product of the numbers,False,False,False,True,To find the product of the numbers,False,False,False,True,To find the product of the numbers,False,False,False,True,To find the product of the numbers,False,False,False,True,To find the product of the numbers,False,False,False,True,To find the product of the numbers,False,False,False,True
109,phase9_confirmatory_negative_multiplication,"Map factors 6069, 2121 to their product.",6069,2121,,False,To map factors 6069,To map factors 6069,False,False,False,True,To map factors 6069,False,False,False,True,To map factors 6069,False,False,False,True,To map factors 6069,False,False,False,True,To map factors 6069,False,False,False,True,To map factors 6069,False,False,False,True,To map factors 6069,False,False,False,True,To map factors 6069,False,False,False,True,To map factors 6069,False,False,False,True
110,phase9_confirmatory_negative_multiplication,"Map factors 699, 4507 to their product.",699,4507,,False,To map factors 699 and,To map factors 699 and,False,False,False,True,To map factors 699 and,False,False,False,True,To map factors 699 and,False,False,False,True,To map factors 699 and,False,False,False,True,To map factors 699 and,False,False,False,True,To map factors 699 and,False,False,False,True,To map factors 699 and,False,False,False,True,To map factors 699 and,False,False,False,True,To map factors 699 and,False,False,False,True
111,phase9_confirmatory_negative_multiplication,"Map factors 1, 653 to their product.",1,653,,False,To map factors 1 and 6,To map factors 1 and 6,False,False,False,True,To map factors 1 and 6,False,False,False,True,To map factors 1 and 6,False,False,False,True,To map factors 1 and 6,False,False,False,True,To map factors 1 and 6,False,False,False,True,To map factors 1 and 6,False,False,False,True,To map factors 1 and 6,False,False,False,True,To map factors 1 and 6,False,False,False,True,To map factors 1 and 6,False,False,False,True
112,phase9_confirmatory_negative_multiplication,What is 4072 times 9920? Give one numeral.,4072,9920,,False,4072 times 99,13992,False,True,False,False,13992,False,True,False,False,13992,False,True,False,False,13992,False,True,False,False,13992,False,True,False,False,13992,False,True,False,False,13992,False,True,False,False,13992,False,True,False,False,13992,False,True,False,False
113,phase9_confirmatory_negative_multiplication,What is 4548 times 22? Give one numeral.,4548,22,,False,4548 times 22,4570,False,True,False,False,4570,False,True,False,False,4570,False,True,False,False,4570,False,True,False,False,4570,False,True,False,False,4570,False,True,False,False,4570,False,True,False,False,4570,False,True,False,False,4570,False,True,False,False
114,phase9_confirmatory_negative_multiplication,What is 383 times 4? Give one numeral.,383,4,,False,383 times 4 is,387,False,True,False,False,387,False,True,False,False,387,False,True,False,False,387,False,True,False,False,387,False,True,False,False,387,False,True,False,False,387,False,True,False,False,387,False,True,False,False,387,False,True,False,False
115,phase9_confirmatory_negative_multiplication,What is 4 times 5101? Give one numeral.,4,5101,,False,4 times 5101 is,5105,False,True,False,False,5105,False,True,False,False,5105,False,True,False,False,5105,False,True,False,False,5105,False,True,False,False,5105,False,True,False,False,5105,False,True,False,False,5105,False,True,False,False,5105,False,True,False,False
116,phase9_confirmatory_negative_multiplication,Execute a MUL opcode on arguments 6 and 37.,6,37,,False,To execute a MUL opcode on,43,False,True,False,False,43,False,True,False,False,43,False,True,False,False,To execute a MUL opcode on,False,False,False,True,To execute a MUL opcode on,False,False,False,True,To execute a MUL opcode on,False,False,False,True,To execute a MUL opcode on,False,False,False,True,To execute a MUL opcode on,False,False,False,True,To execute a MUL opcode on,False,False,False,True
117,phase9_confirmatory_negative_multiplication,Execute a MUL opcode on arguments 13 and 557.,13,557,,False,To execute a MUL opcode on,570,False,True,False,False,570,False,True,False,False,570,False,True,False,False,To execute a MUL opcode on,False,False,False,True,To execute a MUL opcode on,False,False,False,True,To execute a MUL opcode on,False,False,False,True,570,False,True,False,False,570,False,True,False,False,570,False,True,False,False
118,phase9_confirmatory_negative_multiplication,Execute a MUL opcode on arguments 132 and 151.,132,151,,False,To execute a MUL opcode on,283,False,True,False,False,283,False,True,False,False,283,False,True,False,False,To execute a MUL opcode on,False,False,False,True,To execute a MUL opcode on,False,False,False,True,To execute a MUL opcode on,False,False,False,True,283,False,True,False,False,283,False,True,False,False,283,False,True,False,False
119,phase9_confirmatory_negative_multiplication,Execute a MUL opcode on arguments 1044 and 600.,1044,600,,False,To execute a MUL opcode on,1644,False,True,False,False,1644,False,True,False,False,1644,False,True,False,False,To execute a MUL opcode on,False,False,False,True,To execute a MUL opcode on,False,False,False,True,To execute a MUL opcode on,False,False,False,True,1644,False,True,False,False,1644,False,True,False,False,1644,False,True,False,False
120,phase9_confirmatory_negative_factual,Folders numbered 8229 and 2 sit on a shelf. Are both folder numbers valid?,8229,2,,False,"Yes, both folder numbers 82","Yes, both folder numbers 82",False,False,False,True,"Yes, both folder numbers 82",False,False,False,True,"Yes, both folder numbers 82",False,False,False,True,"Yes, both folder numbers 82",False,False,False,True,"Yes, both folder numbers 82",False,False,False,True,"Yes, both folder numbers 82",False,False,False,True,"Yes, both folder numbers 82",False,False,False,True,"Yes, both folder numbers 82",False,False,False,True,"Yes, both folder numbers 82",False,False,False,True
121,phase9_confirmatory_negative_factual,Folders numbered 351 and 7 sit on a shelf. Are both folder numbers valid?,351,7,,False,"Yes, both folder numbers 35","Yes, both folder numbers 35",False,False,False,True,"Yes, both folder numbers 35",False,False,False,True,"Yes, both folder numbers 35",False,False,False,True,"Yes, both folder numbers 35",False,False,False,True,"Yes, both folder numbers 35",False,False,False,True,"Yes, both folder numbers 35",False,False,False,True,"Yes, both folder numbers 35",False,False,False,True,"Yes, both folder numbers 35",False,False,False,True,"Yes, both folder numbers 35",False,False,False,True
122,phase9_confirmatory_negative_factual,Folders numbered 8 and 260 sit on a shelf. Are both folder numbers valid?,8,260,,False,"Yes, both folder numbers 8 and","Yes, both folder numbers 8 and",False,False,False,True,"Yes, both folder numbers 8 and",False,False,False,True,"Yes, both folder numbers 8 and",False,False,False,True,"Yes, both folder numbers 8 and",False,False,False,True,"Yes, both folder numbers 8 and",False,False,False,True,"Yes, both folder numbers 8 and",False,False,False,True,"Yes, both folder numbers 8 and",False,False,False,True,"Yes, both folder numbers 8 and",False,False,False,True,"Yes, both folder numbers 8 and",False,False,False,True
123,phase9_confirmatory_negative_factual,Folders numbered 4763 and 5 sit on a shelf. Are both folder numbers valid?,4763,5,,False,"Yes, both folder numbers 47","Yes, both folder numbers 47",False,False,False,True,"Yes, both folder numbers 47",False,False,False,True,"Yes, both folder numbers 47",False,False,False,True,"Yes, both folder numbers 47",False,False,False,True,"Yes, both folder numbers 47",False,False,False,True,"Yes, both folder numbers 47",False,False,False,True,"Yes, both folder numbers 47",False,False,False,True,"Yes, both folder numbers 47",False,False,False,True,"Yes, both folder numbers 47",False,False,False,True
124,phase9_confirmatory_negative_factual,A bibliography references entries 1997 and 349. Does it reference two entries?,1997,349,,False,"Yes, it references two entries:","Yes, it references two entries:",False,False,False,True,"Yes, it references two entries:",False,False,False,True,"Yes, it references two entries:",False,False,False,True,"Yes, it references two entries:",False,False,False,True,"Yes, it references two entries:",False,False,False,True,"Yes, it references two entries:",False,False,False,True,"Yes, it references two entries:",False,False,False,True,"Yes, it references two entries:",False,False,False,True,"Yes, it references two entries:",False,False,False,True
125,phase9_confirmatory_negative_factual,A bibliography references entries 7 and 961. Does it reference two entries?,7,961,,False,"Yes, it references two entries:","Yes, it references two entries:",False,False,False,True,"Yes, it references two entries:",False,False,False,True,"Yes, it references two entries:",False,False,False,True,"Yes, it references two entries:",False,False,False,True,"Yes, it references two entries:",False,False,False,True,"Yes, it references two entries:",False,False,False,True,"Yes, it references two entries:",False,False,False,True,"Yes, it references two entries:",False,False,False,True,"Yes, it references two entries:",False,False,False,True
126,phase9_confirmatory_negative_factual,A bibliography references entries 0 and 979. Does it reference two entries?,0,979,,False,"Yes, it references two entries:","Yes, it references two entries:",False,False,False,True,"Yes, it references two entries:",False,False,False,True,"Yes, it references two entries:",False,False,False,True,"Yes, it references two entries:",False,False,False,True,"Yes, it references two entries:",False,False,False,True,"Yes, it references two entries:",False,False,False,True,"Yes, it references two entries:",False,False,False,True,"Yes, it references two entries:",False,False,False,True,"Yes, it references two entries:",False,False,False,True
127,phase9_confirmatory_negative_factual,A bibliography references entries 8259 and 2. Does it reference two entries?,8259,2,,False,"Yes, the bibliography references entries","Yes, the bibliography references entries",False,False,False,True,"Yes, the bibliography references entries",False,False,False,True,"Yes, the bibliography references entries",False,False,False,True,"Yes, the bibliography references entries",False,False,False,True,"Yes, the bibliography references entries",False,False,False,True,"Yes, the bibliography references entries",False,False,False,True,"Yes, the bibliography references entries",False,False,False,True,"Yes, the bibliography references entries",False,False,False,True,"Yes, the bibliography references entries",False,False,False,True
128,phase9_confirmatory_negative_factual,The labels 2044 and 7 appear in a diagram. Identify them as labels.,2044,7,,False,The labels 2044 and,The labels 2044 and,False,False,False,True,The labels 2044 and,False,False,False,True,The labels 2044 and,False,False,False,True,The labels 2044 and,False,False,False,True,The labels 2044 and,False,False,False,True,The labels 2044 and,False,False,False,True,The labels 2044 and,False,False,False,True,The labels 2044 and,False,False,False,True,The labels 2044 and,False,False,False,True
129,phase9_confirmatory_negative_factual,The labels 13 and 923 appear in a diagram. Identify them as labels.,13,923,,False,The labels 13 and 9,The labels 13 and 9,False,False,False,True,The labels 13 and 9,False,False,False,True,The labels 13 and 9,False,False,False,True,The labels 13 and 9,False,False,False,True,The labels 13 and 9,False,False,False,True,The labels 13 and 9,False,False,False,True,The labels 13 and 9,False,False,False,True,The labels 13 and 9,False,False,False,True,The labels 13 and 9,False,False,False,True
130,phase9_confirmatory_negative_factual,The labels 55 and 5001 appear in a diagram. Identify them as labels.,55,5001,,False,The labels 55 and 5,The labels 55 and 5,False,False,False,True,The labels 55 and 5,False,False,False,True,The labels 55 and 5,False,False,False,True,The labels 55 and 5,False,False,False,True,The labels 55 and 5,False,False,False,True,The labels 55 and 5,False,False,False,True,The labels 55 and 5,False,False,False,True,The labels 55 and 5,False,False,False,True,The labels 55 and 5,False,False,False,True
131,phase9_confirmatory_negative_factual,The labels 866 and 8 appear in a diagram. Identify them as labels.,866,8,,False,"The labels ""866"" and","The labels ""866"" and",False,False,False,True,"The labels ""866"" and",False,False,False,True,"The labels ""866"" and",False,False,False,True,"The labels ""866"" and",False,False,False,True,"The labels ""866"" and",False,False,False,True,"The labels ""866"" and",False,False,False,True,"The labels ""866"" and",False,False,False,True,"The labels ""866"" and",False,False,False,True,"The labels ""866"" and",False,False,False,True
132,phase9_confirmatory_negative_factual,Pages 64 and 3581 are bookmarked. How many pages are bookmarked?,64,3581,,False,Pages 64 and 35,Pages 64 and 35,False,False,False,True,Pages 64 and 35,False,False,False,True,Pages 64 and 35,False,False,False,True,Pages 64 and 35,False,False,False,True,Pages 64 and 35,False,False,False,True,Pages 64 and 35,False,False,False,True,Pages 64 and 35,False,False,False,True,Pages 64 and 35,False,False,False,True,Pages 64 and 35,False,False,False,True
133,phase9_confirmatory_negative_factual,Pages 9 and 3243 are bookmarked. How many pages are bookmarked?,9,3243,,False,Pages 9 and 324,Pages 9 and 324,False,False,False,True,Pages 9 and 324,False,False,False,True,Pages 9 and 324,False,False,False,True,Pages 9 and 324,False,False,False,True,Pages 9 and 324,False,False,False,True,Pages 9 and 324,False,False,False,True,Pages 9 and 324,False,False,False,True,Pages 9 and 324,False,False,False,True,Pages 9 and 324,False,False,False,True
134,phase9_confirmatory_negative_factual,Pages 90 and 7 are bookmarked. How many pages are bookmarked?,90,7,,False,Pages 90 and 7 are,Pages 90 and 7 are,False,False,False,True,Pages 90 and 7 are,False,False,False,True,Pages 90 and 7 are,False,False,False,True,Pages 90 and 7 are,False,False,False,True,Pages 90 and 7 are,False,False,False,True,Pages 90 and 7 are,False,False,False,True,Pages 90 and 7 are,False,False,False,True,Pages 90 and 7 are,False,False,False,True,Pages 90 and 7 are,False,False,False,True
135,phase9_confirmatory_negative_factual,Pages 4931 and 1530 are bookmarked. How many pages are bookmarked?,4931,1530,,False,Pages 4931 and,Pages 4931 and,False,False,False,True,Pages 4931 and,False,False,False,True,Pages 4931 and,False,False,False,True,Pages 4931 and,False,False,False,True,Pages 4931 and,False,False,False,True,Pages 4931 and,False,False,False,True,Pages 4931 and,False,False,False,True,Pages 4931 and,False,False,False,True,Pages 4931 and,False,False,False,True
136,phase9_confirmatory_negative_factual,Two specimens are named 3 and 5324. Confirm that both names are numeric.,3,5324,,False,Both the names 3 and,Both the names 3 and,False,False,False,True,Both the names 3 and,False,False,False,True,Both the names 3 and,False,False,False,True,Both the names 3 and,False,False,False,True,Both the names 3 and,False,False,False,True,Both the names 3 and,False,False,False,True,Both the names 3 and,False,False,False,True,Both the names 3 and,False,False,False,True,Both the names 3 and,False,False,False,True
137,phase9_confirmatory_negative_factual,Two specimens are named 9 and 6175. Confirm that both names are numeric.,9,6175,,False,Both the specimens 9,Both the specimens 9,False,False,False,True,Both the specimens 9,False,False,False,True,Both the specimens 9,False,False,False,True,Both the specimens 9,False,False,False,True,Both the specimens 9,False,False,False,True,Both the specimens 9,False,False,False,True,Both the specimens 9,False,False,False,True,Both the specimens 9,False,False,False,True,Both the specimens 9,False,False,False,True
138,phase9_confirmatory_negative_factual,Two specimens are named 5499 and 869. Confirm that both names are numeric.,5499,869,,False,Both the specimens 5,Both the specimens 5,False,False,False,True,Both the specimens 5,False,False,False,True,Both the specimens 5,False,False,False,True,Both the specimens 5,False,False,False,True,Both the specimens 5,False,False,False,True,Both the specimens 5,False,False,False,True,Both the specimens 5,False,False,False,True,Both the specimens 5,False,False,False,True,Both the specimens 5,False,False,False,True
139,phase9_confirmatory_negative_factual,Two specimens are named 4 and 544. Confirm that both names are numeric.,4,544,,False,Both the names 4 and,Both the names 4 and,False,False,False,True,Both the names 4 and,False,False,False,True,Both the names 4 and,False,False,False,True,Both the names 4 and,False,False,False,True,Both the names 4 and,False,False,False,True,Both the names 4 and,False,False,False,True,Both the names 4 and,False,False,False,True,Both the names 4 and,False,False,False,True,Both the names 4 and,False,False,False,True
140,phase9_confirmatory_negative_quoted,"Transcribe the caption ""0 plus 11"" exactly.",0,11,,False,0 plus 11,11,False,True,False,False,0 plus 11,False,False,False,True,11,False,True,False,False,0 plus 11,False,False,False,True,0 plus 11,False,False,False,True,0 plus 11,False,False,False,True,0 plus 11,False,False,False,True,0 plus 11,False,False,False,True,0 plus 11,False,False,False,True
141,phase9_confirmatory_negative_quoted,"Transcribe the caption ""45 plus 5"" exactly.",45,5,,False,45 plus 5,45 plus 5,False,False,False,True,45 plus 5,False,False,False,True,45 plus 5,False,False,False,True,45 plus 5,False,False,False,True,45 plus 5,False,False,False,True,45 plus 5,False,False,False,True,45 plus 5,False,False,False,True,45 plus 5,False,False,False,True,45 plus 5,False,False,False,True
142,phase9_confirmatory_negative_quoted,"Transcribe the caption ""6996 plus 1365"" exactly.",6996,1365,,False,6996 plus 13,8361,False,True,False,False,8361,False,True,False,False,8361,False,True,False,False,6996 plus 13,False,False,False,True,6996 plus 13,False,False,False,True,6996 plus 13,False,False,False,True,6996 plus 13,False,False,False,True,6996 plus 13,False,False,False,True,6996 plus 13,False,False,False,True
143,phase9_confirmatory_negative_quoted,"Transcribe the caption ""77 plus 818"" exactly.",77,818,,False,77 + 818,77 + 818,False,False,False,True,77 + 818,False,False,False,True,77 + 818,False,False,False,True,77 + 818,False,False,False,True,77 + 818,False,False,False,True,77 + 818,False,False,False,True,77 + 818,False,False,False,True,77 + 818,False,False,False,True,77 + 818,False,False,False,True
144,phase9_confirmatory_negative_quoted,"Repeat the displayed formula ""23 + 15"" without a result.",23,15,,False,23 + 15 =,23 + 15 =,False,False,False,True,23 + 15 =,False,False,False,True,23 + 15 =,False,False,False,True,23 + 15 =,False,False,False,True,23 + 15 =,False,False,False,True,23 + 15 =,False,False,False,True,23 + 15 =,False,False,False,True,23 + 15 =,False,False,False,True,23 + 15 =,False,False,False,True
145,phase9_confirmatory_negative_quoted,"Repeat the displayed formula ""523 + 29"" without a result.",523,29,,False,523 + 29 =,523 + 29 =,False,False,False,True,523 + 29 =,False,False,False,True,523 + 29 =,False,False,False,True,523 + 29 =,False,False,False,True,523 + 29 =,False,False,False,True,523 + 29 =,False,False,False,True,523 + 29 =,False,False,False,True,523 + 29 =,False,False,False,True,523 + 29 =,False,False,False,True
146,phase9_confirmatory_negative_quoted,"Repeat the displayed formula ""0 + 74"" without a result.",0,74,,False,"0 + 74

The","0 + 74

The",False,False,False,True,"0 + 74

The",False,False,False,True,"0 + 74

The",False,False,False,True,"0 + 74

The",False,False,False,True,"0 + 74

The",False,False,False,True,"0 + 74

The",False,False,False,True,"0 + 74

The",False,False,False,True,"0 + 74

The",False,False,False,True,"0 + 74

The",False,False,False,True
147,phase9_confirmatory_negative_quoted,"Repeat the displayed formula ""225 + 139"" without a result.",225,139,,False,225 + 139,225 + 139,False,False,False,True,225 + 139,False,False,False,True,225 + 139,False,False,False,True,225 + 139,False,False,False,True,225 + 139,False,False,False,True,225 + 139,False,False,False,True,225 + 139,False,False,False,True,225 + 139,False,False,False,True,225 + 139,False,False,False,True
148,phase9_confirmatory_negative_quoted,"Copy the chapter name ""Summing 6 and 223"".",6,223,,False,Chapter 6: Summing,Chapter 6: Summing,False,False,False,True,Chapter 6: Summing,False,False,False,True,Chapter 6: Summing,False,False,False,True,Chapter 6: Summing,False,False,False,True,Chapter 6: Summing,False,False,False,True,Chapter 6: Summing,False,False,False,True,Chapter 6: Summing,False,False,False,True,Chapter 6: Summing,False,False,False,True,Chapter 6: Summing,False,False,False,True
149,phase9_confirmatory_negative_quoted,"Copy the chapter name ""Summing 30 and 9"".",30,9,,False,Chapter 30: Summing,Chapter 30: Summing,False,False,False,True,Chapter 30: Summing,False,False,False,True,Chapter 30: Summing,False,False,False,True,Chapter 30: Summing,False,False,False,True,Chapter 30: Summing,False,False,False,True,Chapter 30: Summing,False,False,False,True,Chapter 30: Summing,False,False,False,True,Chapter 30: Summing,False,False,False,True,Chapter 30: Summing,False,False,False,True
150,phase9_confirmatory_negative_quoted,"Copy the chapter name ""Summing 8819 and 2060"".",8819,2060,,False,Chapter 1: Summing,Chapter 1: Summing,False,False,False,True,Chapter 1: Summing,False,False,False,True,Chapter 1: Summing,False,False,False,True,Chapter 1: Summing,False,False,False,True,Chapter 1: Summing,False,False,False,True,Chapter 1: Summing,False,False,False,True,Chapter 1: Summing,False,False,False,True,Chapter 1: Summing,False,False,False,True,Chapter 1: Summing,False,False,False,True
151,phase9_confirmatory_negative_quoted,"Copy the chapter name ""Summing 5903 and 6"".",5903,6,,False,Chapter 5: Summing,Chapter 5: Summing,False,False,False,True,Chapter 5: Summing,False,False,False,True,Chapter 5: Summing,False,False,False,True,Chapter 5: Summing,False,False,False,True,Chapter 5: Summing,False,False,False,True,Chapter 5: Summing,False,False,False,True,Chapter 5: Summing,False,False,False,True,Chapter 5: Summing,False,False,False,True,Chapter 5: Summing,False,False,False,True
152,phase9_confirmatory_negative_quoted,Echo this unevaluated command: add 871 to 54.,871,54,,False,"echo ""Adding 871","echo ""Adding 871",False,False,False,True,"echo ""Adding 871",False,False,False,True,"echo ""Adding 871",False,False,False,True,"echo ""Adding 871",False,False,False,True,"echo ""Adding 871",False,False,False,True,"echo ""Adding 871",False,False,False,True,"echo ""Adding 871",False,False,False,True,"echo ""Adding 871",False,False,False,True,"echo ""Adding 871",False,False,False,True
153,phase9_confirmatory_negative_quoted,Echo this unevaluated command: add 986 to 508.,986,508,,False,"echo ""Adding 986","echo ""Adding 986",False,False,False,True,"echo ""Adding 986",False,False,False,True,"echo ""Adding 986",False,False,False,True,"echo ""Adding 986",False,False,False,True,"echo ""Adding 986",False,False,False,True,"echo ""Adding 986",False,False,False,True,"echo ""Adding 986",False,False,False,True,"echo ""Adding 986",False,False,False,True,"echo ""Adding 986",False,False,False,True
154,phase9_confirmatory_negative_quoted,Echo this unevaluated command: add 976 to 762.,976,762,,False,"Echo ""Adding 97","Echo ""Adding 97",False,False,False,True,"Echo ""Adding 97",False,False,False,True,"Echo ""Adding 97",False,False,False,True,"Echo ""Adding 97",False,False,False,True,"Echo ""Adding 97",False,False,False,True,"Echo ""Adding 97",False,False,False,True,"Echo ""Adding 97",False,False,False,True,"Echo ""Adding 97",False,False,False,True,"Echo ""Adding 97",False,False,False,True
155,phase9_confirmatory_negative_quoted,Echo this unevaluated command: add 25 to 633.,25,633,,False,"echo ""Adding 25 to","echo ""Adding 25 to",False,False,False,True,"echo ""Adding 25 to",False,False,False,True,"echo ""Adding 25 to",False,False,False,True,"echo ""Adding 25 to",False,False,False,True,"echo ""Adding 25 to",False,False,False,True,"echo ""Adding 25 to",False,False,False,True,"echo ""Adding 25 to",False,False,False,True,"echo ""Adding 25 to",False,False,False,True,"echo ""Adding 25 to",False,False,False,True
156,phase9_confirmatory_negative_quoted,The quotation is “find the total of 572 and 69.” Reproduce it.,572,69,,False,"""Find the total of 57","""Find the total of 57",False,False,False,True,"""Find the total of 57",False,False,False,True,"""Find the total of 57",False,False,False,True,"""Find the total of 57",False,False,False,True,"""Find the total of 57",False,False,False,True,"""Find the total of 57",False,False,False,True,"""Find the total of 57",False,False,False,True,"""Find the total of 57",False,False,False,True,"""Find the total of 57",False,False,False,True
157,phase9_confirmatory_negative_quoted,The quotation is “find the total of 4737 and 8268.” Reproduce it.,4737,8268,,False,"""Find the total of 47","""Find the total of 47",False,False,False,True,"""Find the total of 47",False,False,False,True,"""Find the total of 47",False,False,False,True,"""Find the total of 47",False,False,False,True,"""Find the total of 47",False,False,False,True,"""Find the total of 47",False,False,False,True,"""Find the total of 47",False,False,False,True,"""Find the total of 47",False,False,False,True,"""Find the total of 47",False,False,False,True
158,phase9_confirmatory_negative_quoted,The quotation is “find the total of 4593 and 803.” Reproduce it.,4593,803,,False,"""Find the total of 45","""Find the total of 45",False,False,False,True,"""Find the total of 45",False,False,False,True,"""Find the total of 45",False,False,False,True,"""Find the total of 45",False,False,False,True,"""Find the total of 45",False,False,False,True,"""Find the total of 45",False,False,False,True,"""Find the total of 45",False,False,False,True,"""Find the total of 45",False,False,False,True,"""Find the total of 45",False,False,False,True
159,phase9_confirmatory_negative_quoted,The quotation is “find the total of 6382 and 64.” Reproduce it.,6382,64,,False,"""Find the total of 63","""Find the total of 63",False,False,False,True,"""Find the total of 63",False,False,False,True,"""Find the total of 63",False,False,False,True,"""Find the total of 63",False,False,False,True,"""Find the total of 63",False,False,False,True,"""Find the total of 63",False,False,False,True,"""Find the total of 63",False,False,False,True,"""Find the total of 63",False,False,False,True,"""Find the total of 63",False,False,False,True
160,phase9_confirmatory_negative_negated,Do not combine 3365 with 5; output denied.,3365,5,,False,"The given input string ""336","The given input string ""336",False,False,False,True,"The given input string ""336",False,False,False,True,"The given input string ""336",False,False,False,True,"The given input string ""336",False,False,False,True,"The given input string ""336",False,False,False,True,"The given input string ""336",False,False,False,True,"The given input string ""336",False,False,False,True,"The given input string ""336",False,False,False,True,"The given input string ""336",False,False,False,True
161,phase9_confirmatory_negative_negated,Do not combine 98 with 962; output denied.,98,962,,False,"The given input string ""989","The given input string ""989",False,False,False,True,"The given input string ""989",False,False,False,True,"The given input string ""989",False,False,False,True,"The given input string ""989",False,False,False,True,"The given input string ""989",False,False,False,True,"The given input string ""989",False,False,False,True,"The given input string ""989",False,False,False,True,"The given input string ""989",False,False,False,True,"The given input string ""989",False,False,False,True
162,phase9_confirmatory_negative_negated,Do not combine 6523 with 9; output denied.,6523,9,,False,"The given input string ""652","The given input string ""652",False,False,False,True,"The given input string ""652",False,False,False,True,"The given input string ""652",False,False,False,True,"The given input string ""652",False,False,False,True,"The given input string ""652",False,False,False,True,"The given input string ""652",False,False,False,True,"The given input string ""652",False,False,False,True,"The given input string ""652",False,False,False,True,"The given input string ""652",False,False,False,True
163,phase9_confirmatory_negative_negated,Do not combine 19 with 12; output denied.,19,12,,False,"The given input string ""191","The given input string ""191",False,False,False,True,"The given input string ""191",False,False,False,True,"The given input string ""191",False,False,False,True,"The given input string ""191",False,False,False,True,"The given input string ""191",False,False,False,True,"The given input string ""191",False,False,False,True,"The given input string ""191",False,False,False,True,"The given input string ""191",False,False,False,True,"The given input string ""191",False,False,False,True
164,phase9_confirmatory_negative_negated,Addition of 4 and 12 is prohibited. Say prohibited.,4,12,,False,Prohibited.,Prohibited.,False,False,False,True,Prohibited.,False,False,False,True,Prohibited.,False,False,False,True,Prohibited.,False,False,False,True,Prohibited.,False,False,False,True,Prohibited.,False,False,False,True,Prohibited.,False,False,False,True,Prohibited.,False,False,False,True,Prohibited.,False,False,False,True
165,phase9_confirmatory_negative_negated,Addition of 53 and 5390 is prohibited. Say prohibited.,53,5390,,False,"Yes, adding 53 and","Yes, adding 53 and",False,False,False,True,"Yes, adding 53 and",False,False,False,True,"Yes, adding 53 and",False,False,False,True,"Yes, adding 53 and",False,False,False,True,"Yes, adding 53 and",False,False,False,True,"Yes, adding 53 and",False,False,False,True,"Yes, adding 53 and",False,False,False,True,"Yes, adding 53 and",False,False,False,True,"Yes, adding 53 and",False,False,False,True
166,phase9_confirmatory_negative_negated,Addition of 3623 and 2 is prohibited. Say prohibited.,3623,2,,False,Prohibited.,Prohibited.,False,False,False,True,Prohibited.,False,False,False,True,Prohibited.,False,False,False,True,Prohibited.,False,False,False,True,Prohibited.,False,False,False,True,Prohibited.,False,False,False,True,Prohibited.,False,False,False,True,Prohibited.,False,False,False,True,Prohibited.,False,False,False,True
167,phase9_confirmatory_negative_negated,Addition of 5033 and 7236 is prohibited. Say prohibited.,5033,7236,,False,"Yes, adding 5033","Yes, adding 5033",False,False,False,True,"Yes, adding 5033",False,False,False,True,"Yes, adding 5033",False,False,False,True,"Yes, adding 5033",False,False,False,True,"Yes, adding 5033",False,False,False,True,"Yes, adding 5033",False,False,False,True,"Yes, adding 5033",False,False,False,True,"Yes, adding 5033",False,False,False,True,"Yes, adding 5033",False,False,False,True
168,phase9_confirmatory_negative_negated,Avoid calculating 612 + 486; answer avoided.,612,486,,False,"The given mathematical expression ""612","The given mathematical expression ""612",False,False,False,True,"The given mathematical expression ""612",False,False,False,True,"The given mathematical expression ""612",False,False,False,True,"The given mathematical expression ""612",False,False,False,True,"The given mathematical expression ""612",False,False,False,True,"The given mathematical expression ""612",False,False,False,True,"The given mathematical expression ""612",False,False,False,True,"The given mathematical expression ""612",False,False,False,True,"The given mathematical expression ""612",False,False,False,True
169,phase9_confirmatory_negative_negated,Avoid calculating 88 + 37; answer avoided.,88,37,,False,"The given mathematical expression ""88 +","The given mathematical expression ""88 +",False,False,False,True,"The given mathematical expression ""88 +",False,False,False,True,"The given mathematical expression ""88 +",False,False,False,True,"The given mathematical expression ""88 +",False,False,False,True,"The given mathematical expression ""88 +",False,False,False,True,"The given mathematical expression ""88 +",False,False,False,True,"The given mathematical expression ""88 +",False,False,False,True,"The given mathematical expression ""88 +",False,False,False,True,"The given mathematical expression ""88 +",False,False,False,True
170,phase9_confirmatory_negative_negated,Avoid calculating 982 + 521; answer avoided.,982,521,,False,"The given mathematical expression ""982","The given mathematical expression ""982",False,False,False,True,"The given mathematical expression ""982",False,False,False,True,"The given mathematical expression ""982",False,False,False,True,"The given mathematical expression ""982",False,False,False,True,"The given mathematical expression ""982",False,False,False,True,"The given mathematical expression ""982",False,False,False,True,"The given mathematical expression ""982",False,False,False,True,"The given mathematical expression ""982",False,False,False,True,"The given mathematical expression ""982",False,False,False,True
171,phase9_confirmatory_negative_negated,Avoid calculating 87 + 1193; answer avoided.,87,1193,,False,To avoid calculating 87 +,To avoid calculating 87 +,False,False,False,True,To avoid calculating 87 +,False,False,False,True,To avoid calculating 87 +,False,False,False,True,To avoid calculating 87 +,False,False,False,True,To avoid calculating 87 +,False,False,False,True,To avoid calculating 87 +,False,False,False,True,To avoid calculating 87 +,False,False,False,True,To avoid calculating 87 +,False,False,False,True,To avoid calculating 87 +,False,False,False,True
172,phase9_confirmatory_negative_negated,Refuse the instruction to total 6 and 3056.,6,3056,,False,To total 6 and 30,To total 6 and 30,False,False,False,True,To total 6 and 30,False,False,False,True,To total 6 and 30,False,False,False,True,To total 6 and 30,False,False,False,True,To total 6 and 30,False,False,False,True,To total 6 and 30,False,False,False,True,To total 6 and 30,False,False,False,True,To total 6 and 30,False,False,False,True,To total 6 and 30,False,False,False,True
173,phase9_confirmatory_negative_negated,Refuse the instruction to total 23 and 4.,23,4,,False,"To complete the given instruction, you need","To complete the given instruction, you need",False,False,False,True,"To complete the given instruction, you need",False,False,False,True,"To complete the given instruction, you need",False,False,False,True,"To complete the given instruction, you need",False,False,False,True,"To complete the given instruction, you need",False,False,False,True,"To complete the given instruction, you need",False,False,False,True,"To complete the given instruction, you need",False,False,False,True,"To complete the given instruction, you need",False,False,False,True,"To complete the given instruction, you need",False,False,False,True
174,phase9_confirmatory_negative_negated,Refuse the instruction to total 586 and 4.,586,4,,False,To total 586 and,To total 586 and,False,False,False,True,To total 586 and,False,False,False,True,To total 586 and,False,False,False,True,To total 586 and,False,False,False,True,To total 586 and,False,False,False,True,To total 586 and,False,False,False,True,To total 586 and,False,False,False,True,To total 586 and,False,False,False,True,To total 586 and,False,False,False,True
175,phase9_confirmatory_negative_negated,Refuse the instruction to total 2 and 1437.,2,1437,,False,To refuse the instruction to total 2,To refuse the instruction to total 2,False,False,False,True,To refuse the instruction to total 2,False,False,False,True,To refuse the instruction to total 2,False,False,False,True,To refuse the instruction to total 2,False,False,False,True,To refuse the instruction to total 2,False,False,False,True,To refuse the instruction to total 2,False,False,False,True,To refuse the instruction to total 2,False,False,False,True,To refuse the instruction to total 2,False,False,False,True,To refuse the instruction to total 2,False,False,False,True
176,phase9_confirmatory_negative_negated,No sum for 4414 and 0 should be produced.,4414,0,,False,No sum for 4414,No sum for 4414,False,False,False,True,No sum for 4414,False,False,False,True,No sum for 4414,False,False,False,True,No sum for 4414,False,False,False,True,No sum for 4414,False,False,False,True,No sum for 4414,False,False,False,True,No sum for 4414,False,False,False,True,No sum for 4414,False,False,False,True,No sum for 4414,False,False,False,True
177,phase9_confirmatory_negative_negated,No sum for 6330 and 132 should be produced.,6330,132,,False,No sum for 6330,No sum for 6330,False,False,False,True,No sum for 6330,False,False,False,True,No sum for 6330,False,False,False,True,No sum for 6330,False,False,False,True,No sum for 6330,False,False,False,True,No sum for 6330,False,False,False,True,No sum for 6330,False,False,False,True,No sum for 6330,False,False,False,True,No sum for 6330,False,False,False,True
178,phase9_confirmatory_negative_negated,No sum for 9279 and 2 should be produced.,9279,2,,False,No sum for 9279,No sum for 9279,False,False,False,True,No sum for 9279,False,False,False,True,No sum for 9279,False,False,False,True,No sum for 9279,False,False,False,True,No sum for 9279,False,False,False,True,No sum for 9279,False,False,False,True,No sum for 9279,False,False,False,True,No sum for 9279,False,False,False,True,No sum for 9279,False,False,False,True
179,phase9_confirmatory_negative_negated,No sum for 928 and 529 should be produced.,928,529,,False,No sum for 928 and,No sum for 928 and,False,False,False,True,No sum for 928 and,False,False,False,True,No sum for 928 and,False,False,False,True,No sum for 928 and,False,False,False,True,No sum for 928 and,False,False,False,True,No sum for 928 and,False,False,False,True,No sum for 928 and,False,False,False,True,No sum for 928 and,False,False,False,True,No sum for 928 and,False,False,False,True
180,phase9_confirmatory_negative_cancelled,The planned addition 9102 + 0 is withdrawn. Say withdrawn.,9102,0,,False,The planned addition 9102,The planned addition 9102,False,False,False,True,The planned addition 9102,False,False,False,True,The planned addition 9102,False,False,False,True,The planned addition 9102,False,False,False,True,The planned addition 9102,False,False,False,True,The planned addition 9102,False,False,False,True,The planned addition 9102,False,False,False,True,The planned addition 9102,False,False,False,True,The planned addition 9102,False,False,False,True
181,phase9_confirmatory_negative_cancelled,The planned addition 1 + 9395 is withdrawn. Say withdrawn.,1,9395,,False,The planned addition 1 + 9,The planned addition 1 + 9,False,False,False,True,The planned addition 1 + 9,False,False,False,True,The planned addition 1 + 9,False,False,False,True,The planned addition 1 + 9,False,False,False,True,The planned addition 1 + 9,False,False,False,True,The planned addition 1 + 9,False,False,False,True,The planned addition 1 + 9,False,False,False,True,The planned addition 1 + 9,False,False,False,True,The planned addition 1 + 9,False,False,False,True
182,phase9_confirmatory_negative_cancelled,The planned addition 161 + 19 is withdrawn. Say withdrawn.,161,19,,False,The planned addition 161 +,The planned addition 161 +,False,False,False,True,The planned addition 161 +,False,False,False,True,The planned addition 161 +,False,False,False,True,The planned addition 161 +,False,False,False,True,The planned addition 161 +,False,False,False,True,The planned addition 161 +,False,False,False,True,The planned addition 161 +,False,False,False,True,The planned addition 161 +,False,False,False,True,The planned addition 161 +,False,False,False,True
183,phase9_confirmatory_negative_cancelled,The planned addition 165 + 19 is withdrawn. Say withdrawn.,165,19,,False,The planned addition of 165,The planned addition of 165,False,False,False,True,The planned addition of 165,False,False,False,True,The planned addition of 165,False,False,False,True,The planned addition of 165,False,False,False,True,The planned addition of 165,False,False,False,True,The planned addition of 165,False,False,False,True,The planned addition of 165,False,False,False,True,The planned addition of 165,False,False,False,True,The planned addition of 165,False,False,False,True
184,phase9_confirmatory_negative_cancelled,Abort the pending total of 756 with 51. Respond aborted.,756,51,,False,The program has encountered an error and has,The program has encountered an error and has,False,False,False,True,The program has encountered an error and has,False,False,False,True,The program has encountered an error and has,False,False,False,True,The program has encountered an error and has,False,False,False,True,The program has encountered an error and has,False,False,False,True,The program has encountered an error and has,False,False,False,True,The program has encountered an error and has,False,False,False,True,The program has encountered an error and has,False,False,False,True,The program has encountered an error and has,False,False,False,True
185,phase9_confirmatory_negative_cancelled,Abort the pending total of 966 with 673. Respond aborted.,966,673,,False,I am not able to perform the actual,I am not able to perform the actual,False,False,False,True,I am not able to perform the actual,False,False,False,True,I am not able to perform the actual,False,False,False,True,I am not able to perform the actual,False,False,False,True,I am not able to perform the actual,False,False,False,True,I am not able to perform the actual,False,False,False,True,I am not able to perform the actual,False,False,False,True,I am not able to perform the actual,False,False,False,True,I am not able to perform the actual,False,False,False,True
186,phase9_confirmatory_negative_cancelled,Abort the pending total of 315 with 8. Respond aborted.,315,8,,False,The program has encountered an error and has,The program has encountered an error and has,False,False,False,True,The program has encountered an error and has,False,False,False,True,The program has encountered an error and has,False,False,False,True,The program has encountered an error and has,False,False,False,True,The program has encountered an error and has,False,False,False,True,The program has encountered an error and has,False,False,False,True,The program has encountered an error and has,False,False,False,True,The program has encountered an error and has,False,False,False,True,The program has encountered an error and has,False,False,False,True
187,phase9_confirmatory_negative_cancelled,Abort the pending total of 6407 with 6774. Respond aborted.,6407,6774,,False,I am not able to perform the actual,I am not able to perform the actual,False,False,False,True,I am not able to perform the actual,False,False,False,True,I am not able to perform the actual,False,False,False,True,I am not able to perform the actual,False,False,False,True,I am not able to perform the actual,False,False,False,True,I am not able to perform the actual,False,False,False,True,13181,False,True,False,False,13181,False,True,False,False,I am not able to perform the actual,False,False,False,True
188,phase9_confirmatory_negative_cancelled,The request to sum 3 and 652 is void. Reply void.,3,652,,False,The request to sum 3 and,The request to sum 3 and,False,False,False,True,The request to sum 3 and,False,False,False,True,The request to sum 3 and,False,False,False,True,The request to sum 3 and,False,False,False,True,The request to sum 3 and,False,False,False,True,The request to sum 3 and,False,False,False,True,The request to sum 3 and,False,False,False,True,The request to sum 3 and,False,False,False,True,The request to sum 3 and,False,False,False,True
189,phase9_confirmatory_negative_cancelled,The request to sum 9 and 29 is void. Reply void.,9,29,,False,The request to sum 9 and,The request to sum 9 and,False,False,False,True,The request to sum 9 and,False,False,False,True,The request to sum 9 and,False,False,False,True,The request to sum 9 and,False,False,False,True,The request to sum 9 and,False,False,False,True,The request to sum 9 and,False,False,False,True,The request to sum 9 and,False,False,False,True,The request to sum 9 and,False,False,False,True,The request to sum 9 and,False,False,False,True
190,phase9_confirmatory_negative_cancelled,The request to sum 848 and 3166 is void. Reply void.,848,3166,,False,The request to sum 848,The request to sum 848,False,False,False,True,The request to sum 848,False,False,False,True,The request to sum 848,False,False,False,True,The request to sum 848,False,False,False,True,The request to sum 848,False,False,False,True,The request to sum 848,False,False,False,True,The request to sum 848,False,False,False,True,The request to sum 848,False,False,False,True,The request to sum 848,False,False,False,True
191,phase9_confirmatory_negative_cancelled,The request to sum 580 and 63 is void. Reply void.,580,63,,False,The request to sum 580,The request to sum 580,False,False,False,True,The request to sum 580,False,False,False,True,The request to sum 580,False,False,False,True,The request to sum 580,False,False,False,True,The request to sum 580,False,False,False,True,The request to sum 580,False,False,False,True,The request to sum 580,False,False,False,True,The request to sum 580,False,False,False,True,The request to sum 580,False,False,False,True
192,phase9_confirmatory_negative_cancelled,"Skip execution of ADD for 35, 93. State skipped.",35,93,,False,The program has skipped execution of the,The program has skipped execution of the,False,False,False,True,The program has skipped execution of the,False,False,False,True,The program has skipped execution of the,False,False,False,True,The program has skipped execution of the,False,False,False,True,The program has skipped execution of the,False,False,False,True,The program has skipped execution of the,False,False,False,True,The program has skipped execution of the,False,False,False,True,The program has skipped execution of the,False,False,False,True,The program has skipped execution of the,False,False,False,True
193,phase9_confirmatory_negative_cancelled,"Skip execution of ADD for 95, 8150. State skipped.",95,8150,,False,The script has skipped execution of the,The script has skipped execution of the,False,False,False,True,The script has skipped execution of the,False,False,False,True,The script has skipped execution of the,False,False,False,True,The script has skipped execution of the,False,False,False,True,The script has skipped execution of the,False,False,False,True,The script has skipped execution of the,False,False,False,True,The script has skipped execution of the,False,False,False,True,The script has skipped execution of the,False,False,False,True,The script has skipped execution of the,False,False,False,True
194,phase9_confirmatory_negative_cancelled,"Skip execution of ADD for 34, 876. State skipped.",34,876,,False,The program has skipped execution of the,The program has skipped execution of the,False,False,False,True,The program has skipped execution of the,False,False,False,True,The program has skipped execution of the,False,False,False,True,The program has skipped execution of the,False,False,False,True,The program has skipped execution of the,False,False,False,True,The program has skipped execution of the,False,False,False,True,The program has skipped execution of the,False,False,False,True,The program has skipped execution of the,False,False,False,True,The program has skipped execution of the,False,False,False,True
195,phase9_confirmatory_negative_cancelled,"Skip execution of ADD for 7027, 0. State skipped.",7027,0,,False,The script skips execution of the ADD,The script skips execution of the ADD,False,False,False,True,The script skips execution of the ADD,False,False,False,True,The script skips execution of the ADD,False,False,False,True,The script skips execution of the ADD,False,False,False,True,The script skips execution of the ADD,False,False,False,True,The script skips execution of the ADD,False,False,False,True,The script skips execution of the ADD,False,False,False,True,The script skips execution of the ADD,False,False,False,True,The script skips execution of the ADD,False,False,False,True
196,phase9_confirmatory_negative_cancelled,Ignore the canceled instruction: add 92 and 53.,92,53,,False,The instruction to add 92 and,145,False,True,False,False,145,False,True,False,False,145,False,True,False,False,The instruction to add 92 and,False,False,False,True,The instruction to add 92 and,False,False,False,True,The instruction to add 92 and,False,False,False,True,145,False,True,False,False,145,False,True,False,False,145,False,True,False,False
197,phase9_confirmatory_negative_cancelled,Ignore the canceled instruction: add 619 and 3.,619,3,,False,To add 619 and,To add 619 and,False,False,False,True,To add 619 and,False,False,False,True,To add 619 and,False,False,False,True,To add 619 and,False,False,False,True,To add 619 and,False,False,False,True,To add 619 and,False,False,False,True,To add 619 and,False,False,False,True,To add 619 and,False,False,False,True,To add 619 and,False,False,False,True
198,phase9_confirmatory_negative_cancelled,Ignore the canceled instruction: add 44 and 606.,44,606,,False,The total number of students enrolled in,650,False,True,False,False,650,False,True,False,False,650,False,True,False,False,The total number of students enrolled in,False,False,False,True,The total number of students enrolled in,False,False,False,True,The total number of students enrolled in,False,False,False,True,650,False,True,False,False,650,False,True,False,False,650,False,True,False,False
199,phase9_confirmatory_negative_cancelled,Ignore the canceled instruction: add 83 and 24.,83,24,,False,The instruction to add 83 and,107,False,True,False,False,107,False,True,False,False,107,False,True,False,False,The instruction to add 83 and,False,False,False,True,The instruction to add 83 and,False,False,False,True,The instruction to add 83 and,False,False,False,True,107,False,True,False,False,107,False,True,False,False,107,False,True,False,False
200,phase9_confirmatory_negative_subtraction,Compute the signed difference 1854 minus 46.,1854,46,,False,To compute the signed difference between 1,To compute the signed difference between 1,False,False,False,True,To compute the signed difference between 1,False,False,False,True,To compute the signed difference between 1,False,False,False,True,To compute the signed difference between 1,False,False,False,True,To compute the signed difference between 1,False,False,False,True,To compute the signed difference between 1,False,False,False,True,To compute the signed difference between 1,False,False,False,True,To compute the signed difference between 1,False,False,False,True,To compute the signed difference between 1,False,False,False,True
201,phase9_confirmatory_negative_subtraction,Compute the signed difference 554 minus 6122.,554,6122,,False,To compute the signed difference between 5,To compute the signed difference between 5,False,False,False,True,To compute the signed difference between 5,False,False,False,True,To compute the signed difference between 5,False,False,False,True,To compute the signed difference between 5,False,False,False,True,To compute the signed difference between 5,False,False,False,True,To compute the signed difference between 5,False,False,False,True,To compute the signed difference between 5,False,False,False,True,To compute the signed difference between 5,False,False,False,True,To compute the signed difference between 5,False,False,False,True
202,phase9_confirmatory_negative_subtraction,Compute the signed difference 79 minus 296.,79,296,,False,To compute the signed difference between 7,To compute the signed difference between 7,False,False,False,True,To compute the signed difference between 7,False,False,False,True,To compute the signed difference between 7,False,False,False,True,To compute the signed difference between 7,False,False,False,True,To compute the signed difference between 7,False,False,False,True,To compute the signed difference between 7,False,False,False,True,To compute the signed difference between 7,False,False,False,True,To compute the signed difference between 7,False,False,False,True,To compute the signed difference between 7,False,False,False,True
203,phase9_confirmatory_negative_subtraction,Compute the signed difference 7 minus 6809.,7,6809,,False,To compute the signed difference between 7,To compute the signed difference between 7,False,False,False,True,To compute the signed difference between 7,False,False,False,True,To compute the signed difference between 7,False,False,False,True,To compute the signed difference between 7,False,False,False,True,To compute the signed difference between 7,False,False,False,True,To compute the signed difference between 7,False,False,False,True,To compute the signed difference between 7,False,False,False,True,To compute the signed difference between 7,False,False,False,True,To compute the signed difference between 7,False,False,False,True
204,phase9_confirmatory_negative_subtraction,Deduct 832 from 48.,832,48,,False,To deduct 832 from,To deduct 832 from,False,False,False,True,To deduct 832 from,False,False,False,True,To deduct 832 from,False,False,False,True,To deduct 832 from,False,False,False,True,To deduct 832 from,False,False,False,True,To deduct 832 from,False,False,False,True,To deduct 832 from,False,False,False,True,To deduct 832 from,False,False,False,True,To deduct 832 from,False,False,False,True
205,phase9_confirmatory_negative_subtraction,Deduct 91 from 307.,91,307,,False,To deduct 91 from,To deduct 91 from,False,False,False,True,To deduct 91 from,False,False,False,True,To deduct 91 from,False,False,False,True,To deduct 91 from,False,False,False,True,To deduct 91 from,False,False,False,True,To deduct 91 from,False,False,False,True,To deduct 91 from,False,False,False,True,To deduct 91 from,False,False,False,True,To deduct 91 from,False,False,False,True
206,phase9_confirmatory_negative_subtraction,Deduct 4 from 73.,4,73,,False,To calculate the difference between 73,To calculate the difference between 73,False,False,False,True,To calculate the difference between 73,False,False,False,True,To calculate the difference between 73,False,False,False,True,To calculate the difference between 73,False,False,False,True,To calculate the difference between 73,False,False,False,True,To calculate the difference between 73,False,False,False,True,To calculate the difference between 73,False,False,False,True,To calculate the difference between 73,False,False,False,True,To calculate the difference between 73,False,False,False,True
207,phase9_confirmatory_negative_subtraction,Deduct 17 from 528.,17,528,,False,To calculate the final amount after deduct,To calculate the final amount after deduct,False,False,False,True,To calculate the final amount after deduct,False,False,False,True,To calculate the final amount after deduct,False,False,False,True,To calculate the final amount after deduct,False,False,False,True,To calculate the final amount after deduct,False,False,False,True,To calculate the final amount after deduct,False,False,False,True,To calculate the final amount after deduct,False,False,False,True,To calculate the final amount after deduct,False,False,False,True,To calculate the final amount after deduct,False,False,False,True
208,phase9_confirmatory_negative_subtraction,How far numerically is 4012 from 2566?,4012,2566,,False,The numerically closest value to 4,The numerically closest value to 4,False,False,False,True,The numerically closest value to 4,False,False,False,True,The numerically closest value to 4,False,False,False,True,The numerically closest value to 4,False,False,False,True,The numerically closest value to 4,False,False,False,True,The numerically closest value to 4,False,False,False,True,The numerically closest value to 4,False,False,False,True,The numerically closest value to 4,False,False,False,True,The numerically closest value to 4,False,False,False,True
209,phase9_confirmatory_negative_subtraction,How far numerically is 208 from 2?,208,2,,False,"Yes, 208 is","Yes, 208 is",False,False,False,True,"Yes, 208 is",False,False,False,True,"Yes, 208 is",False,False,False,True,"Yes, 208 is",False,False,False,True,"Yes, 208 is",False,False,False,True,"Yes, 208 is",False,False,False,True,"Yes, 208 is",False,False,False,True,"Yes, 208 is",False,False,False,True,"Yes, 208 is",False,False,False,True
210,phase9_confirmatory_negative_subtraction,How far numerically is 8 from 817?,8,817,,False,The numeral 8 is 8,The numeral 8 is 8,False,False,False,True,The numeral 8 is 8,False,False,False,True,The numeral 8 is 8,False,False,False,True,The numeral 8 is 8,False,False,False,True,The numeral 8 is 8,False,False,False,True,The numeral 8 is 8,False,False,False,True,The numeral 8 is 8,False,False,False,True,The numeral 8 is 8,False,False,False,True,The numeral 8 is 8,False,False,False,True
211,phase9_confirmatory_negative_subtraction,How far numerically is 8846 from 4631?,8846,4631,,False,The number 8846 is,The number 8846 is,False,False,False,True,The number 8846 is,False,False,False,True,The number 8846 is,False,False,False,True,The number 8846 is,False,False,False,True,The number 8846 is,False,False,False,True,The number 8846 is,False,False,False,True,The number 8846 is,False,False,False,True,The number 8846 is,False,False,False,True,The number 8846 is,False,False,False,True
212,phase9_confirmatory_negative_subtraction,Apply SUB to 74 and 70.,74,70,,False,To apply SUB to 74 and,To apply SUB to 74 and,False,False,False,True,To apply SUB to 74 and,False,False,False,True,To apply SUB to 74 and,False,False,False,True,To apply SUB to 74 and,False,False,False,True,To apply SUB to 74 and,False,False,False,True,To apply SUB to 74 and,False,False,False,True,To apply SUB to 74 and,False,False,False,True,To apply SUB to 74 and,False,False,False,True,To apply SUB to 74 and,False,False,False,True
213,phase9_confirmatory_negative_subtraction,Apply SUB to 6235 and 5.,6235,5,,False,To apply SUB to 623,To apply SUB to 623,False,False,False,True,To apply SUB to 623,False,False,False,True,To apply SUB to 623,False,False,False,True,To apply SUB to 623,False,False,False,True,To apply SUB to 623,False,False,False,True,To apply SUB to 623,False,False,False,True,To apply SUB to 623,False,False,False,True,To apply SUB to 623,False,False,False,True,To apply SUB to 623,False,False,False,True
214,phase9_confirmatory_negative_subtraction,Apply SUB to 7 and 8417.,7,8417,,False,"SUB(7, 841","SUB(7, 841",False,False,False,True,"SUB(7, 841",False,False,False,True,"SUB(7, 841",False,False,False,True,"SUB(7, 841",False,False,False,True,"SUB(7, 841",False,False,False,True,"SUB(7, 841",False,False,False,True,"SUB(7, 841",False,False,False,True,"SUB(7, 841",False,False,False,True,"SUB(7, 841",False,False,False,True
215,phase9_confirmatory_negative_subtraction,Apply SUB to 97 and 5799.,97,5799,,False,"SUB(97, 57","SUB(97, 57",False,False,False,True,"SUB(97, 57",False,False,False,True,"SUB(97, 57",False,False,False,True,"SUB(97, 57",False,False,False,True,"SUB(97, 57",False,False,False,True,"SUB(97, 57",False,False,False,True,"SUB(97, 57",False,False,False,True,"SUB(97, 57",False,False,False,True,"SUB(97, 57",False,False,False,True
216,phase9_confirmatory_negative_subtraction,Find the absolute difference between 10 and 9948.,10,9948,,False,The absolute difference between 10 and,The absolute difference between 10 and,False,False,False,True,The absolute difference between 10 and,False,False,False,True,The absolute difference between 10 and,False,False,False,True,The absolute difference between 10 and,False,False,False,True,The absolute difference between 10 and,False,False,False,True,The absolute difference between 10 and,False,False,False,True,The absolute difference between 10 and,False,False,False,True,The absolute difference between 10 and,False,False,False,True,The absolute difference between 10 and,False,False,False,True
217,phase9_confirmatory_negative_subtraction,Find the absolute difference between 6961 and 5.,6961,5,,False,The absolute difference between 696,The absolute difference between 696,False,False,False,True,The absolute difference between 696,False,False,False,True,The absolute difference between 696,False,False,False,True,The absolute difference between 696,False,False,False,True,The absolute difference between 696,False,False,False,True,The absolute difference between 696,False,False,False,True,The absolute difference between 696,False,False,False,True,The absolute difference between 696,False,False,False,True,The absolute difference between 696,False,False,False,True
218,phase9_confirmatory_negative_subtraction,Find the absolute difference between 9 and 6489.,9,6489,,False,The absolute difference between 9 and,The absolute difference between 9 and,False,False,False,True,The absolute difference between 9 and,False,False,False,True,The absolute difference between 9 and,False,False,False,True,The absolute difference between 9 and,False,False,False,True,The absolute difference between 9 and,False,False,False,True,The absolute difference between 9 and,False,False,False,True,The absolute difference between 9 and,False,False,False,True,The absolute difference between 9 and,False,False,False,True,The absolute difference between 9 and,False,False,False,True
219,phase9_confirmatory_negative_subtraction,Find the absolute difference between 5929 and 9317.,5929,9317,,False,The absolute difference between 592,The absolute difference between 592,False,False,False,True,The absolute difference between 592,False,False,False,True,The absolute difference between 592,False,False,False,True,The absolute difference between 592,False,False,False,True,The absolute difference between 592,False,False,False,True,The absolute difference between 592,False,False,False,True,The absolute difference between 592,False,False,False,True,The absolute difference between 592,False,False,False,True,The absolute difference between 592,False,False,False,True
220,phase9_confirmatory_negative_comparison,Determine whether 4 exceeds 100.,4,100,,False,"Yes, 4 exceeds 1","Yes, 4 exceeds 1",False,False,False,True,"Yes, 4 exceeds 1",False,False,False,True,"Yes, 4 exceeds 1",False,False,False,True,"Yes, 4 exceeds 1",False,False,False,True,"Yes, 4 exceeds 1",False,False,False,True,"Yes, 4 exceeds 1",False,False,False,True,"Yes, 4 exceeds 1",False,False,False,True,"Yes, 4 exceeds 1",False,False,False,True,"Yes, 4 exceeds 1",False,False,False,True
221,phase9_confirmatory_negative_comparison,Determine whether 52 exceeds 4785.,52,4785,,False,"Yes, 52 exceeds","Yes, 52 exceeds",False,False,False,True,"Yes, 52 exceeds",False,False,False,True,"Yes, 52 exceeds",False,False,False,True,"Yes, 52 exceeds",False,False,False,True,"Yes, 52 exceeds",False,False,False,True,"Yes, 52 exceeds",False,False,False,True,"Yes, 52 exceeds",False,False,False,True,"Yes, 52 exceeds",False,False,False,True,"Yes, 52 exceeds",False,False,False,True
222,phase9_confirmatory_negative_comparison,Determine whether 9802 exceeds 8.,9802,8,,False,"Yes, 9802 exceed","Yes, 9802 exceed",False,False,False,True,"Yes, 9802 exceed",False,False,False,True,"Yes, 9802 exceed",False,False,False,True,"Yes, 9802 exceed",False,False,False,True,"Yes, 9802 exceed",False,False,False,True,"Yes, 9802 exceed",False,False,False,True,"Yes, 9802 exceed",False,False,False,True,"Yes, 9802 exceed",False,False,False,True,"Yes, 9802 exceed",False,False,False,True
223,phase9_confirmatory_negative_comparison,Determine whether 715 exceeds 4.,715,4,,False,"Yes, 715 exceeds","Yes, 715 exceeds",False,False,False,True,"Yes, 715 exceeds",False,False,False,True,"Yes, 715 exceeds",False,False,False,True,"Yes, 715 exceeds",False,False,False,True,"Yes, 715 exceeds",False,False,False,True,"Yes, 715 exceeds",False,False,False,True,"Yes, 715 exceeds",False,False,False,True,"Yes, 715 exceeds",False,False,False,True,"Yes, 715 exceeds",False,False,False,True
224,phase9_confirmatory_negative_comparison,Return whichever is smaller: 565 or 93.,565,93,,False,Both 565 and,Both 565 and,False,False,False,True,Both 565 and,False,False,False,True,Both 565 and,False,False,False,True,Both 565 and,False,False,False,True,Both 565 and,False,False,False,True,Both 565 and,False,False,False,True,Both 565 and,False,False,False,True,Both 565 and,False,False,False,True,Both 565 and,False,False,False,True
225,phase9_confirmatory_negative_comparison,Return whichever is smaller: 1381 or 3.,1381,3,,False,Both 1381 and,Both 1381 and,False,False,False,True,Both 1381 and,False,False,False,True,Both 1381 and,False,False,False,True,Both 1381 and,False,False,False,True,Both 1381 and,False,False,False,True,Both 1381 and,False,False,False,True,Both 1381 and,False,False,False,True,Both 1381 and,False,False,False,True,Both 1381 and,False,False,False,True
226,phase9_confirmatory_negative_comparison,Return whichever is smaller: 77 or 3.,77,3,,False,Both 77 and 3,Both 77 and 3,False,False,False,True,Both 77 and 3,False,False,False,True,Both 77 and 3,False,False,False,True,Both 77 and 3,False,False,False,True,Both 77 and 3,False,False,False,True,Both 77 and 3,False,False,False,True,Both 77 and 3,False,False,False,True,Both 77 and 3,False,False,False,True,Both 77 and 3,False,False,False,True
227,phase9_confirmatory_negative_comparison,Return whichever is smaller: 7741 or 9.,7741,9,,False,Both 7741 and,Both 7741 and,False,False,False,True,Both 7741 and,False,False,False,True,Both 7741 and,False,False,False,True,Both 7741 and,False,False,False,True,Both 7741 and,False,False,False,True,Both 7741 and,False,False,False,True,Both 7741 and,False,False,False,True,Both 7741 and,False,False,False,True,Both 7741 and,False,False,False,True
228,phase9_confirmatory_negative_comparison,Compare the values 112 and 57; give no total.,112,57,,False,Both 112 and,Both 112 and,False,False,False,True,Both 112 and,False,False,False,True,Both 112 and,False,False,False,True,Both 112 and,False,False,False,True,Both 112 and,False,False,False,True,Both 112 and,False,False,False,True,Both 112 and,False,False,False,True,Both 112 and,False,False,False,True,Both 112 and,False,False,False,True
229,phase9_confirmatory_negative_comparison,Compare the values 4 and 440; give no total.,4,440,,False,There is no total value in the given,There is no total value in the given,False,False,False,True,There is no total value in the given,False,False,False,True,There is no total value in the given,False,False,False,True,There is no total value in the given,False,False,False,True,There is no total value in the given,False,False,False,True,There is no total value in the given,False,False,False,True,There is no total value in the given,False,False,False,True,There is no total value in the given,False,False,False,True,There is no total value in the given,False,False,False,True
230,phase9_confirmatory_negative_comparison,Compare the values 96 and 275; give no total.,96,275,,False,To compare the values 96 and,To compare the values 96 and,False,False,False,True,To compare the values 96 and,False,False,False,True,To compare the values 96 and,False,False,False,True,To compare the values 96 and,False,False,False,True,To compare the values 96 and,False,False,False,True,To compare the values 96 and,False,False,False,True,To compare the values 96 and,False,False,False,True,To compare the values 96 and,False,False,False,True,To compare the values 96 and,False,False,False,True
231,phase9_confirmatory_negative_comparison,Compare the values 5421 and 7184; give no total.,5421,7184,,False,To compare the values 542,To compare the values 542,False,False,False,True,To compare the values 542,False,False,False,True,To compare the values 542,False,False,False,True,To compare the values 542,False,False,False,True,To compare the values 542,False,False,False,True,To compare the values 542,False,False,False,True,To compare the values 542,False,False,False,True,To compare the values 542,False,False,False,True,To compare the values 542,False,False,False,True
232,phase9_confirmatory_negative_comparison,Are 57 and 5285 equal?,57,5285,,False,"No, 57 and 5","No, 57 and 5",False,False,False,True,"No, 57 and 5",False,False,False,True,"No, 57 and 5",False,False,False,True,"No, 57 and 5",False,False,False,True,"No, 57 and 5",False,False,False,True,"No, 57 and 5",False,False,False,True,"No, 57 and 5",False,False,False,True,"No, 57 and 5",False,False,False,True,"No, 57 and 5",False,False,False,True
233,phase9_confirmatory_negative_comparison,Are 6509 and 835 equal?,6509,835,,False,"No, 6509 and","No, 6509 and",False,False,False,True,"No, 6509 and",False,False,False,True,"No, 6509 and",False,False,False,True,"No, 6509 and",False,False,False,True,"No, 6509 and",False,False,False,True,"No, 6509 and",False,False,False,True,"No, 6509 and",False,False,False,True,"No, 6509 and",False,False,False,True,"No, 6509 and",False,False,False,True
234,phase9_confirmatory_negative_comparison,Are 5393 and 2 equal?,5393,2,,False,"No, 5393 and","No, 5393 and",False,False,False,True,"No, 5393 and",False,False,False,True,"No, 5393 and",False,False,False,True,"No, 5393 and",False,False,False,True,"No, 5393 and",False,False,False,True,"No, 5393 and",False,False,False,True,"No, 5393 and",False,False,False,True,"No, 5393 and",False,False,False,True,"No, 5393 and",False,False,False,True
235,phase9_confirmatory_negative_comparison,Are 10 and 413 equal?,10,413,,False,"No, 10 and 4","No, 10 and 4",False,False,False,True,"No, 10 and 4",False,False,False,True,"No, 10 and 4",False,False,False,True,"No, 10 and 4",False,False,False,True,"No, 10 and 4",False,False,False,True,"No, 10 and 4",False,False,False,True,"No, 10 and 4",False,False,False,True,"No, 10 and 4",False,False,False,True,"No, 10 and 4",False,False,False,True
236,phase9_confirmatory_negative_comparison,Sort 3092 and 4705 from low to high.,3092,4705,,False,To sort 3092 and,To sort 3092 and,False,False,False,True,To sort 3092 and,False,False,False,True,To sort 3092 and,False,False,False,True,To sort 3092 and,False,False,False,True,To sort 3092 and,False,False,False,True,To sort 3092 and,False,False,False,True,To sort 3092 and,False,False,False,True,To sort 3092 and,False,False,False,True,To sort 3092 and,False,False,False,True
237,phase9_confirmatory_negative_comparison,Sort 659 and 74 from low to high.,659,74,,False,To sort 659 and,To sort 659 and,False,False,False,True,To sort 659 and,False,False,False,True,To sort 659 and,False,False,False,True,To sort 659 and,False,False,False,True,To sort 659 and,False,False,False,True,To sort 659 and,False,False,False,True,To sort 659 and,False,False,False,True,To sort 659 and,False,False,False,True,To sort 659 and,False,False,False,True
238,phase9_confirmatory_negative_comparison,Sort 9 and 84 from low to high.,9,84,,False,To sort the numbers 9 and,To sort the numbers 9 and,False,False,False,True,To sort the numbers 9 and,False,False,False,True,To sort the numbers 9 and,False,False,False,True,To sort the numbers 9 and,False,False,False,True,To sort the numbers 9 and,False,False,False,True,To sort the numbers 9 and,False,False,False,True,To sort the numbers 9 and,False,False,False,True,To sort the numbers 9 and,False,False,False,True,To sort the numbers 9 and,False,False,False,True
239,phase9_confirmatory_negative_comparison,Sort 940 and 141 from low to high.,940,141,,False,To sort the numbers 940,To sort the numbers 940,False,False,False,True,To sort the numbers 940,False,False,False,True,To sort the numbers 940,False,False,False,True,To sort the numbers 940,False,False,False,True,To sort the numbers 940,False,False,False,True,To sort the numbers 940,False,False,False,True,To sort the numbers 940,False,False,False,True,To sort the numbers 940,False,False,False,True,To sort the numbers 940,False,False,False,True
240,phase9_confirmatory_negative_concatenation,Join the digit strings 359 and 1479 end to end.,359,1479,,False,The digit strings 359 and,The digit strings 359 and,False,False,False,True,The digit strings 359 and,False,False,False,True,The digit strings 359 and,False,False,False,True,The digit strings 359 and,False,False,False,True,The digit strings 359 and,False,False,False,True,The digit strings 359 and,False,False,False,True,The digit strings 359 and,False,False,False,True,The digit strings 359 and,False,False,False,True,The digit strings 359 and,False,False,False,True
241,phase9_confirmatory_negative_concatenation,Join the digit strings 12 and 762 end to end.,12,762,,False,The digit strings 12 and,The digit strings 12 and,False,False,False,True,The digit strings 12 and,False,False,False,True,The digit strings 12 and,False,False,False,True,The digit strings 12 and,False,False,False,True,The digit strings 12 and,False,False,False,True,The digit strings 12 and,False,False,False,True,The digit strings 12 and,False,False,False,True,The digit strings 12 and,False,False,False,True,The digit strings 12 and,False,False,False,True
242,phase9_confirmatory_negative_concatenation,Join the digit strings 7467 and 67 end to end.,7467,67,,False,The digit strings 7467,The digit strings 7467,False,False,False,True,The digit strings 7467,False,False,False,True,The digit strings 7467,False,False,False,True,The digit strings 7467,False,False,False,True,The digit strings 7467,False,False,False,True,The digit strings 7467,False,False,False,True,The digit strings 7467,False,False,False,True,The digit strings 7467,False,False,False,True,The digit strings 7467,False,False,False,True
243,phase9_confirmatory_negative_concatenation,Join the digit strings 7 and 336 end to end.,7,336,,False,The digit strings 7 and 3,The digit strings 7 and 3,False,False,False,True,The digit strings 7 and 3,False,False,False,True,The digit strings 7 and 3,False,False,False,True,The digit strings 7 and 3,False,False,False,True,The digit strings 7 and 3,False,False,False,True,The digit strings 7 and 3,False,False,False,True,The digit strings 7 and 3,False,False,False,True,The digit strings 7 and 3,False,False,False,True,The digit strings 7 and 3,False,False,False,True
244,phase9_confirmatory_negative_concatenation,"Print 16, a slash, then 3422.",16,3422,,False,Print 16 / 34,3438,False,True,False,False,3438,False,True,False,False,3438,False,True,False,False,Print 16 / 34,False,False,False,True,Print 16 / 34,False,False,False,True,Print 16 / 34,False,False,False,True,Print 16 / 34,False,False,False,True,Print 16 / 34,False,False,False,True,Print 16 / 34,False,False,False,True
245,phase9_confirmatory_negative_concatenation,"Print 7102, a slash, then 2728.",7102,2728,,False,"Print 7102, a",9830,False,True,False,False,9830,False,True,False,False,9830,False,True,False,False,"Print 7102, a",False,False,False,True,"Print 7102, a",False,False,False,True,"Print 7102, a",False,False,False,True,9830,False,True,False,False,9830,False,True,False,False,9830,False,True,False,False
246,phase9_confirmatory_negative_concatenation,"Print 38, a slash, then 686.",38,686,,False,"Print 38, slash,","Print 38, slash,",False,False,False,True,"Print 38, slash,",False,False,False,True,"Print 38, slash,",False,False,False,True,"Print 38, slash,",False,False,False,True,"Print 38, slash,",False,False,False,True,"Print 38, slash,",False,False,False,True,"Print 38, slash,",False,False,False,True,"Print 38, slash,",False,False,False,True,"Print 38, slash,",False,False,False,True
247,phase9_confirmatory_negative_concatenation,"Print 39, a slash, then 667.",39,667,,False,"Print 39, a slash,","Print 39, a slash,",False,False,False,True,"Print 39, a slash,",False,False,False,True,"Print 39, a slash,",False,False,False,True,"Print 39, a slash,",False,False,False,True,"Print 39, a slash,",False,False,False,True,"Print 39, a slash,",False,False,False,True,"Print 39, a slash,",False,False,False,True,"Print 39, a slash,",False,False,False,True,"Print 39, a slash,",False,False,False,True
248,phase9_confirmatory_negative_concatenation,Place 4921 immediately after 519 as text.,4921,519,,False,Place 4921 immediately after,Place 4921 immediately after,False,False,False,True,Place 4921 immediately after,False,False,False,True,Place 4921 immediately after,False,False,False,True,Place 4921 immediately after,False,False,False,True,Place 4921 immediately after,False,False,False,True,Place 4921 immediately after,False,False,False,True,Place 4921 immediately after,False,False,False,True,Place 4921 immediately after,False,False,False,True,Place 4921 immediately after,False,False,False,True
249,phase9_confirmatory_negative_concatenation,Place 5479 immediately after 4 as text.,5479,4,,False,Place 5479 immediately after,Place 5479 immediately after,False,False,False,True,Place 5479 immediately after,False,False,False,True,Place 5479 immediately after,False,False,False,True,Place 5479 immediately after,False,False,False,True,Place 5479 immediately after,False,False,False,True,Place 5479 immediately after,False,False,False,True,Place 5479 immediately after,False,False,False,True,Place 5479 immediately after,False,False,False,True,Place 5479 immediately after,False,False,False,True
250,phase9_confirmatory_negative_concatenation,Place 707 immediately after 84 as text.,707,84,,False,707 immediately after 84,707 immediately after 84,False,False,False,True,707 immediately after 84,False,False,False,True,707 immediately after 84,False,False,False,True,707 immediately after 84,False,False,False,True,707 immediately after 84,False,False,False,True,707 immediately after 84,False,False,False,True,707 immediately after 84,False,False,False,True,707 immediately after 84,False,False,False,True,707 immediately after 84,False,False,False,True
251,phase9_confirmatory_negative_concatenation,Place 49 immediately after 114 as text.,49,114,,False,Place 49 immediately after 1,Place 49 immediately after 1,False,False,False,True,Place 49 immediately after 1,False,False,False,True,Place 49 immediately after 1,False,False,False,True,Place 49 immediately after 1,False,False,False,True,Place 49 immediately after 1,False,False,False,True,Place 49 immediately after 1,False,False,False,True,Place 49 immediately after 1,False,False,False,True,Place 49 immediately after 1,False,False,False,True,Place 49 immediately after 1,False,False,False,True
252,phase9_confirmatory_negative_concatenation,List 4904 and 1 separated by a comma.,4904,1,,False,List 4904:,List 4904:,False,False,False,True,List 4904:,False,False,False,True,List 4904:,False,False,False,True,List 4904:,False,False,False,True,List 4904:,False,False,False,True,List 4904:,False,False,False,True,List 4904:,False,False,False,True,List 4904:,False,False,False,True,List 4904:,False,False,False,True
253,phase9_confirmatory_negative_concatenation,List 80 and 5441 separated by a comma.,80,5441,,False,"List 80, 54","List 80, 54",False,False,False,True,"List 80, 54",False,False,False,True,"List 80, 54",False,False,False,True,"List 80, 54",False,False,False,True,"List 80, 54",False,False,False,True,"List 80, 54",False,False,False,True,"List 80, 54",False,False,False,True,"List 80, 54",False,False,False,True,"List 80, 54",False,False,False,True
254,phase9_confirmatory_negative_concatenation,List 2015 and 295 separated by a comma.,2015,295,,False,"List 2015,","List 2015,",False,False,False,True,"List 2015,",False,False,False,True,"List 2015,",False,False,False,True,"List 2015,",False,False,False,True,"List 2015,",False,False,False,True,"List 2015,",False,False,False,True,"List 2015,",False,False,False,True,"List 2015,",False,False,False,True,"List 2015,",False,False,False,True
255,phase9_confirmatory_negative_concatenation,List 4105 and 1775 separated by a comma.,4105,1775,,False,List 4105:,List 4105:,False,False,False,True,List 4105:,False,False,False,True,List 4105:,False,False,False,True,List 4105:,False,False,False,True,List 4105:,False,False,False,True,List 4105:,False,False,False,True,List 4105:,False,False,False,True,List 4105:,False,False,False,True,List 4105:,False,False,False,True
256,phase9_confirmatory_negative_concatenation,Echo both codes 42 | 14.,42,14,,False,To echo both codes 42 and,To echo both codes 42 and,False,False,False,True,To echo both codes 42 and,False,False,False,True,To echo both codes 42 and,False,False,False,True,To echo both codes 42 and,False,False,False,True,To echo both codes 42 and,False,False,False,True,To echo both codes 42 and,False,False,False,True,To echo both codes 42 and,False,False,False,True,To echo both codes 42 and,False,False,False,True,To echo both codes 42 and,False,False,False,True
257,phase9_confirmatory_negative_concatenation,Echo both codes 2407 | 87.,2407,87,,False,Both codes 2407,Both codes 2407,False,False,False,True,Both codes 2407,False,False,False,True,Both codes 2407,False,False,False,True,Both codes 2407,False,False,False,True,Both codes 2407,False,False,False,True,Both codes 2407,False,False,False,True,Both codes 2407,False,False,False,True,Both codes 2407,False,False,False,True,Both codes 2407,False,False,False,True
258,phase9_confirmatory_negative_concatenation,Echo both codes 15 | 961.,15,961,,False,Both codes 15 and,Both codes 15 and,False,False,False,True,Both codes 15 and,False,False,False,True,Both codes 15 and,False,False,False,True,Both codes 15 and,False,False,False,True,Both codes 15 and,False,False,False,True,Both codes 15 and,False,False,False,True,Both codes 15 and,False,False,False,True,Both codes 15 and,False,False,False,True,Both codes 15 and,False,False,False,True
259,phase9_confirmatory_negative_concatenation,Echo both codes 2608 | 3210.,2608,3210,,False,To convert the hexadecimal values,To convert the hexadecimal values,False,False,False,True,To convert the hexadecimal values,False,False,False,True,To convert the hexadecimal values,False,False,False,True,To convert the hexadecimal values,False,False,False,True,To convert the hexadecimal values,False,False,False,True,To convert the hexadecimal values,False,False,False,True,To convert the hexadecimal values,False,False,False,True,To convert the hexadecimal values,False,False,False,True,To convert the hexadecimal values,False,False,False,True
260,phase9_confirmatory_negative_hypothetical,"If a later question asks to add 25 and 92, identify ADD now but do not run it.",25,92,,False,If a later question asks to add,If a later question asks to add,False,False,False,True,If a later question asks to add,False,False,False,True,If a later question asks to add,False,False,False,True,If a later question asks to add,False,False,False,True,If a later question asks to add,False,False,False,True,If a later question asks to add,False,False,False,True,If a later question asks to add,False,False,False,True,If a later question asks to add,False,False,False,True,If a later question asks to add,False,False,False,True
261,phase9_confirmatory_negative_hypothetical,"If a later question asks to add 4561 and 4071, identify ADD now but do not run it.",4561,4071,,False,If a later question asks to add,If a later question asks to add,False,False,False,True,If a later question asks to add,False,False,False,True,If a later question asks to add,False,False,False,True,If a later question asks to add,False,False,False,True,If a later question asks to add,False,False,False,True,If a later question asks to add,False,False,False,True,If a later question asks to add,False,False,False,True,If a later question asks to add,False,False,False,True,If a later question asks to add,False,False,False,True
262,phase9_confirmatory_negative_hypothetical,"If a later question asks to add 3961 and 5, identify ADD now but do not run it.",3961,5,,False,If a later question asks to add,If a later question asks to add,False,False,False,True,If a later question asks to add,False,False,False,True,If a later question asks to add,False,False,False,True,If a later question asks to add,False,False,False,True,If a later question asks to add,False,False,False,True,If a later question asks to add,False,False,False,True,If a later question asks to add,False,False,False,True,If a later question asks to add,False,False,False,True,If a later question asks to add,False,False,False,True
263,phase9_confirmatory_negative_hypothetical,"If a later question asks to add 581 and 564, identify ADD now but do not run it.",581,564,,False,If a later question asks to add,If a later question asks to add,False,False,False,True,If a later question asks to add,False,False,False,True,If a later question asks to add,False,False,False,True,If a later question asks to add,False,False,False,True,If a later question asks to add,False,False,False,True,If a later question asks to add,False,False,False,True,If a later question asks to add,False,False,False,True,If a later question asks to add,False,False,False,True,If a later question asks to add,False,False,False,True
264,phase9_confirmatory_negative_hypothetical,Would a sum of 1 and 269 use addition? Answer yes or no without solving.,1,269,,False,"Yes, the sum of 1 and","Yes, the sum of 1 and",False,False,False,True,"Yes, the sum of 1 and",False,False,False,True,"Yes, the sum of 1 and",False,False,False,True,"Yes, the sum of 1 and",False,False,False,True,"Yes, the sum of 1 and",False,False,False,True,"Yes, the sum of 1 and",False,False,False,True,"Yes, the sum of 1 and",False,False,False,True,"Yes, the sum of 1 and",False,False,False,True,"Yes, the sum of 1 and",False,False,False,True
265,phase9_confirmatory_negative_hypothetical,Would a sum of 2173 and 9 use addition? Answer yes or no without solving.,2173,9,,False,"Yes, the sum of 21","Yes, the sum of 21",False,False,False,True,"Yes, the sum of 21",False,False,False,True,"Yes, the sum of 21",False,False,False,True,"Yes, the sum of 21",False,False,False,True,"Yes, the sum of 21",False,False,False,True,"Yes, the sum of 21",False,False,False,True,"Yes, the sum of 21",False,False,False,True,"Yes, the sum of 21",False,False,False,True,"Yes, the sum of 21",False,False,False,True
266,phase9_confirmatory_negative_hypothetical,Would a sum of 611 and 741 use addition? Answer yes or no without solving.,611,741,,False,"Yes, the sum of 61","Yes, the sum of 61",False,False,False,True,"Yes, the sum of 61",False,False,False,True,"Yes, the sum of 61",False,False,False,True,"Yes, the sum of 61",False,False,False,True,"Yes, the sum of 61",False,False,False,True,"Yes, the sum of 61",False,False,False,True,"Yes, the sum of 61",False,False,False,True,"Yes, the sum of 61",False,False,False,True,"Yes, the sum of 61",False,False,False,True
267,phase9_confirmatory_negative_hypothetical,Would a sum of 58 and 711 use addition? Answer yes or no without solving.,58,711,,False,"Yes, the sum of 58","Yes, the sum of 58",False,False,False,True,"Yes, the sum of 58",False,False,False,True,"Yes, the sum of 58",False,False,False,True,"Yes, the sum of 58",False,False,False,True,"Yes, the sum of 58",False,False,False,True,"Yes, the sum of 58",False,False,False,True,"Yes, the sum of 58",False,False,False,True,"Yes, the sum of 58",False,False,False,True,"Yes, the sum of 58",False,False,False,True
268,phase9_confirmatory_negative_hypothetical,Explain the operation implied by 50 + 76; omit its value.,50,76,,False,The operation implied by the expression,126,False,True,False,False,126,False,True,False,False,126,False,True,False,False,The operation implied by the expression,False,False,False,True,The operation implied by the expression,False,False,False,True,The operation implied by the expression,False,False,False,True,The operation implied by the expression,False,False,False,True,The operation implied by the expression,False,False,False,True,The operation implied by the expression,False,False,False,True
269,phase9_confirmatory_negative_hypothetical,Explain the operation implied by 187 + 9368; omit its value.,187,9368,,False,The operation implied by 18,9555,False,True,False,False,9555,False,True,False,False,9555,False,True,False,False,The operation implied by 18,False,False,False,True,The operation implied by 18,False,False,False,True,The operation implied by 18,False,False,False,True,The operation implied by 18,False,False,False,True,The operation implied by 18,False,False,False,True,The operation implied by 18,False,False,False,True
270,phase9_confirmatory_negative_hypothetical,Explain the operation implied by 873 + 909; omit its value.,873,909,,False,The operation implied by 87,1782,False,True,False,False,1782,False,True,False,False,1782,False,True,False,False,The operation implied by 87,False,False,False,True,The operation implied by 87,False,False,False,True,The operation implied by 87,False,False,False,True,The operation implied by 87,False,False,False,True,The operation implied by 87,False,False,False,True,The operation implied by 87,False,False,False,True
271,phase9_confirmatory_negative_hypothetical,Explain the operation implied by 6 + 5101; omit its value.,6,5101,,False,The operation implied by the expression,5107,False,True,False,False,5107,False,True,False,False,5107,False,True,False,False,The operation implied by the expression,False,False,False,True,The operation implied by the expression,False,False,False,True,The operation implied by the expression,False,False,False,True,The operation implied by the expression,False,False,False,True,The operation implied by the expression,False,False,False,True,The operation implied by the expression,False,False,False,True
272,phase9_confirmatory_negative_hypothetical,Can 3658 and 7 be added as integers? State only whether they can.,3658,7,,False,"Yes, 3658 and","Yes, 3658 and",False,False,False,True,"Yes, 3658 and",False,False,False,True,"Yes, 3658 and",False,False,False,True,"Yes, 3658 and",False,False,False,True,"Yes, 3658 and",False,False,False,True,"Yes, 3658 and",False,False,False,True,"Yes, 3658 and",False,False,False,True,"Yes, 3658 and",False,False,False,True,"Yes, 3658 and",False,False,False,True
273,phase9_confirmatory_negative_hypothetical,Can 3478 and 6 be added as integers? State only whether they can.,3478,6,,False,"Yes, 3478 and","Yes, 3478 and",False,False,False,True,"Yes, 3478 and",False,False,False,True,"Yes, 3478 and",False,False,False,True,"Yes, 3478 and",False,False,False,True,"Yes, 3478 and",False,False,False,True,"Yes, 3478 and",False,False,False,True,"Yes, 3478 and",False,False,False,True,"Yes, 3478 and",False,False,False,True,"Yes, 3478 and",False,False,False,True
274,phase9_confirmatory_negative_hypothetical,Can 819 and 366 be added as integers? State only whether they can.,819,366,,False,"Yes, 819 and","Yes, 819 and",False,False,False,True,"Yes, 819 and",False,False,False,True,"Yes, 819 and",False,False,False,True,"Yes, 819 and",False,False,False,True,"Yes, 819 and",False,False,False,True,"Yes, 819 and",False,False,False,True,"Yes, 819 and",False,False,False,True,"Yes, 819 and",False,False,False,True,"Yes, 819 and",False,False,False,True
275,phase9_confirmatory_negative_hypothetical,Can 85 and 942 be added as integers? State only whether they can.,85,942,,False,"Yes, 85 and 9","Yes, 85 and 9",False,False,False,True,"Yes, 85 and 9",False,False,False,True,"Yes, 85 and 9",False,False,False,True,"Yes, 85 and 9",False,False,False,True,"Yes, 85 and 9",False,False,False,True,"Yes, 85 and 9",False,False,False,True,"Yes, 85 and 9",False,False,False,True,"Yes, 85 and 9",False,False,False,True,"Yes, 85 and 9",False,False,False,True
276,phase9_confirmatory_negative_hypothetical,"Describe one step of adding 15 to 586, but calculate nothing.",15,586,,False,To add 15 to 5,To add 15 to 5,False,False,False,True,To add 15 to 5,False,False,False,True,To add 15 to 5,False,False,False,True,To add 15 to 5,False,False,False,True,To add 15 to 5,False,False,False,True,To add 15 to 5,False,False,False,True,To add 15 to 5,False,False,False,True,To add 15 to 5,False,False,False,True,To add 15 to 5,False,False,False,True
277,phase9_confirmatory_negative_hypothetical,"Describe one step of adding 9713 to 26, but calculate nothing.",9713,26,,False,To add 9713 to,To add 9713 to,False,False,False,True,To add 9713 to,False,False,False,True,To add 9713 to,False,False,False,True,To add 9713 to,False,False,False,True,To add 9713 to,False,False,False,True,To add 9713 to,False,False,False,True,To add 9713 to,False,False,False,True,To add 9713 to,False,False,False,True,To add 9713 to,False,False,False,True
278,phase9_confirmatory_negative_hypothetical,"Describe one step of adding 429 to 4016, but calculate nothing.",429,4016,,False,To add 429 to,To add 429 to,False,False,False,True,To add 429 to,False,False,False,True,To add 429 to,False,False,False,True,To add 429 to,False,False,False,True,To add 429 to,False,False,False,True,To add 429 to,False,False,False,True,To add 429 to,False,False,False,True,To add 429 to,False,False,False,True,To add 429 to,False,False,False,True
279,phase9_confirmatory_negative_hypothetical,"Describe one step of adding 6869 to 389, but calculate nothing.",6869,389,,False,To add 6869 to,To add 6869 to,False,False,False,True,To add 6869 to,False,False,False,True,To add 6869 to,False,False,False,True,To add 6869 to,False,False,False,True,To add 6869 to,False,False,False,True,To add 6869 to,False,False,False,True,To add 6869 to,False,False,False,True,To add 6869 to,False,False,False,True,To add 6869 to,False,False,False,True
280,phase9_confirmatory_negative_distractor,Inventory 52484 contains item codes 9 and 76. How many item codes are named?,9,76,,False,The inventory 5248,The inventory 5248,False,True,False,True,The inventory 5248,False,True,False,True,The inventory 5248,False,True,False,True,The inventory 5248,False,True,False,True,The inventory 5248,False,True,False,True,The inventory 5248,False,True,False,True,The inventory 5248,False,False,False,True,The inventory 5248,False,False,False,True,The inventory 5248,False,False,False,True
281,phase9_confirmatory_negative_distractor,Inventory 76478 contains item codes 9040 and 2. How many item codes are named?,9040,2,,False,Inventory 76478,Inventory 76478,False,True,False,True,Inventory 76478,False,True,False,True,Inventory 76478,False,True,False,True,Inventory 76478,False,True,False,True,Inventory 76478,False,True,False,True,Inventory 76478,False,True,False,True,Inventory 76478,False,False,False,True,Inventory 76478,False,False,False,True,Inventory 76478,False,False,False,True
282,phase9_confirmatory_negative_distractor,Inventory 88579 contains item codes 39 and 46. How many item codes are named?,39,46,,False,The inventory 8857,The inventory 8857,False,True,False,True,The inventory 8857,False,True,False,True,The inventory 8857,False,True,False,True,The inventory 8857,False,True,False,True,The inventory 8857,False,True,False,True,The inventory 8857,False,True,False,True,The inventory 8857,False,False,False,True,The inventory 8857,False,False,False,True,The inventory 8857,False,False,False,True
283,phase9_confirmatory_negative_distractor,Inventory 24160 contains item codes 9967 and 164. How many item codes are named?,9967,164,,False,Inventory 24160,Inventory 24160,False,True,False,True,Inventory 24160,False,True,False,True,Inventory 24160,False,True,False,True,Inventory 24160,False,True,False,True,Inventory 24160,False,True,False,True,Inventory 24160,False,True,False,True,Inventory 24160,False,False,False,True,Inventory 24160,False,False,False,True,Inventory 24160,False,False,False,True
284,phase9_confirmatory_negative_distractor,Report 59876 cites figures 14 and 914; say whether three numbers are visible.,14,914,,False,The figures 14 and 9,The figures 14 and 9,False,False,False,True,The figures 14 and 9,False,False,False,True,The figures 14 and 9,False,False,False,True,The figures 14 and 9,False,False,False,True,The figures 14 and 9,False,False,False,True,The figures 14 and 9,False,False,False,True,The figures 14 and 9,False,False,False,True,The figures 14 and 9,False,False,False,True,The figures 14 and 9,False,False,False,True
285,phase9_confirmatory_negative_distractor,Report 20574 cites figures 218 and 236; say whether three numbers are visible.,218,236,,False,The figures 218 and,The figures 218 and,False,True,False,True,The figures 218 and,False,False,False,True,The figures 218 and,False,False,False,True,The figures 218 and,False,False,False,True,The figures 218 and,False,False,False,True,The figures 218 and,False,False,False,True,The figures 218 and,False,False,False,True,The figures 218 and,False,False,False,True,The figures 218 and,False,False,False,True
286,phase9_confirmatory_negative_distractor,Report 69952 cites figures 8 and 29; say whether three numbers are visible.,8,29,,False,The figures 8 and 29,The figures 8 and 29,False,False,False,True,The figures 8 and 29,False,False,False,True,The figures 8 and 29,False,False,False,True,The figures 8 and 29,False,False,False,True,The figures 8 and 29,False,False,False,True,The figures 8 and 29,False,False,False,True,The figures 8 and 29,False,False,False,True,The figures 8 and 29,False,False,False,True,The figures 8 and 29,False,False,False,True
287,phase9_confirmatory_negative_distractor,Report 65161 cites figures 53 and 5445; say whether three numbers are visible.,53,5445,,False,The figures 53 and 5,The figures 53 and 5,False,False,False,True,The figures 53 and 5,False,False,False,True,The figures 53 and 5,False,False,False,True,The figures 53 and 5,False,False,False,True,The figures 53 and 5,False,False,False,True,The figures 53 and 5,False,False,False,True,The figures 53 and 5,False,False,False,True,The figures 53 and 5,False,False,False,True,The figures 53 and 5,False,False,False,True
288,phase9_confirmatory_negative_distractor,Device 79923 displays labels 4372 and 55. Repeat the word labels.,4372,55,,False,Device 79923 displays,Device 79923 displays,False,False,False,True,Device 79923 displays,False,False,False,True,Device 79923 displays,False,False,False,True,Device 79923 displays,False,False,False,True,Device 79923 displays,False,False,False,True,Device 79923 displays,False,False,False,True,Device 79923 displays,False,False,False,True,Device 79923 displays,False,False,False,True,Device 79923 displays,False,False,False,True
289,phase9_confirmatory_negative_distractor,Device 11321 displays labels 56 and 6. Repeat the word labels.,56,6,,False,Device 11321 displays,Device 11321 displays,False,True,False,True,Device 11321 displays,False,False,False,True,Device 11321 displays,False,True,False,True,Device 11321 displays,False,False,False,True,Device 11321 displays,False,False,False,True,Device 11321 displays,False,False,False,True,Device 11321 displays,False,False,False,True,Device 11321 displays,False,False,False,True,Device 11321 displays,False,False,False,True
290,phase9_confirmatory_negative_distractor,Device 31593 displays labels 875 and 86. Repeat the word labels.,875,86,,False,Device 31593 displays,Device 31593 displays,False,False,False,True,Device 31593 displays,False,False,False,True,Device 31593 displays,False,False,False,True,Device 31593 displays,False,False,False,True,Device 31593 displays,False,False,False,True,Device 31593 displays,False,False,False,True,Device 31593 displays,False,False,False,True,Device 31593 displays,False,False,False,True,Device 31593 displays,False,False,False,True
291,phase9_confirmatory_negative_distractor,Device 47200 displays labels 5825 and 3. Repeat the word labels.,5825,3,,False,Device 47200 displays,Device 47200 displays,False,False,False,True,Device 47200 displays,False,False,False,True,Device 47200 displays,False,False,False,True,Device 47200 displays,False,False,False,True,Device 47200 displays,False,False,False,True,Device 47200 displays,False,False,False,True,Device 47200 displays,False,False,False,True,Device 47200 displays,False,False,False,True,Device 47200 displays,False,False,False,True
292,phase9_confirmatory_negative_distractor,"In year 76268, rooms 870 and 5876 were renovated. Are two rooms mentioned?",870,5876,,False,"Yes, two rooms are mentioned in year","Yes, two rooms are mentioned in year",False,False,False,True,"Yes, two rooms are mentioned in year",False,False,False,True,"Yes, two rooms are mentioned in year",False,False,False,True,"Yes, two rooms are mentioned in year",False,False,False,True,"Yes, two rooms are mentioned in year",False,False,False,True,"Yes, two rooms are mentioned in year",False,False,False,True,"Yes, two rooms are mentioned in year",False,False,False,True,"Yes, two rooms are mentioned in year",False,False,False,True,"Yes, two rooms are mentioned in year",False,False,False,True
293,phase9_confirmatory_negative_distractor,"In year 49487, rooms 1 and 530 were renovated. Are two rooms mentioned?",1,530,,False,"Yes, two rooms are mentioned in year","Yes, two rooms are mentioned in year",False,False,False,True,"Yes, two rooms are mentioned in year",False,False,False,True,"Yes, two rooms are mentioned in year",False,False,False,True,"Yes, two rooms are mentioned in year",False,False,False,True,"Yes, two rooms are mentioned in year",False,False,False,True,"Yes, two rooms are mentioned in year",False,False,False,True,"Yes, two rooms are mentioned in year",False,False,False,True,"Yes, two rooms are mentioned in year",False,False,False,True,"Yes, two rooms are mentioned in year",False,False,False,True
294,phase9_confirmatory_negative_distractor,"In year 71203, rooms 965 and 74 were renovated. Are two rooms mentioned?",965,74,,False,"Yes, two rooms are mentioned in year","Yes, two rooms are mentioned in year",False,False,False,True,"Yes, two rooms are mentioned in year",False,False,False,True,"Yes, two rooms are mentioned in year",False,False,False,True,"Yes, two rooms are mentioned in year",False,False,False,True,"Yes, two rooms are mentioned in year",False,False,False,True,"Yes, two rooms are mentioned in year",False,False,False,True,"Yes, two rooms are mentioned in year",False,False,False,True,"Yes, two rooms are mentioned in year",False,False,False,True,"Yes, two rooms are mentioned in year",False,False,False,True
295,phase9_confirmatory_negative_distractor,"In year 16943, rooms 7786 and 67 were renovated. Are two rooms mentioned?",7786,67,,False,"Yes, two rooms are mentioned in year","Yes, two rooms are mentioned in year",False,False,False,True,"Yes, two rooms are mentioned in year",False,False,False,True,"Yes, two rooms are mentioned in year",False,False,False,True,"Yes, two rooms are mentioned in year",False,False,False,True,"Yes, two rooms are mentioned in year",False,False,False,True,"Yes, two rooms are mentioned in year",False,False,False,True,"Yes, two rooms are mentioned in year",False,False,False,True,"Yes, two rooms are mentioned in year",False,False,False,True,"Yes, two rooms are mentioned in year",False,False,False,True
296,phase9_confirmatory_negative_distractor,Dataset 86213 has columns named 8704 and 23. Confirm there are two named columns.,8704,23,,False,"Yes, Dataset 862","Yes, Dataset 862",False,False,False,True,"Yes, Dataset 862",False,False,False,True,"Yes, Dataset 862",False,False,False,True,"Yes, Dataset 862",False,False,False,True,"Yes, Dataset 862",False,False,False,True,"Yes, Dataset 862",False,False,False,True,"Yes, Dataset 862",False,False,False,True,"Yes, Dataset 862",False,False,False,True,"Yes, Dataset 862",False,False,False,True
297,phase9_confirmatory_negative_distractor,Dataset 57844 has columns named 6019 and 30. Confirm there are two named columns.,6019,30,,False,"Yes, Dataset 578","Yes, Dataset 578",False,False,False,True,"Yes, Dataset 578",False,False,False,True,"Yes, Dataset 578",False,False,False,True,"Yes, Dataset 578",False,False,False,True,"Yes, Dataset 578",False,False,False,True,"Yes, Dataset 578",False,False,False,True,"Yes, Dataset 578",False,False,False,True,"Yes, Dataset 578",False,False,False,True,"Yes, Dataset 578",False,False,False,True
298,phase9_confirmatory_negative_distractor,Dataset 45348 has columns named 1426 and 16. Confirm there are two named columns.,1426,16,,False,"Yes, Dataset 453","Yes, Dataset 453",False,False,False,True,"Yes, Dataset 453",False,False,False,True,"Yes, Dataset 453",False,False,False,True,"Yes, Dataset 453",False,False,False,True,"Yes, Dataset 453",False,False,False,True,"Yes, Dataset 453",False,False,False,True,"Yes, Dataset 453",False,False,False,True,"Yes, Dataset 453",False,False,False,True,"Yes, Dataset 453",False,False,False,True
299,phase9_confirmatory_negative_distractor,Dataset 38185 has columns named 6881 and 7. Confirm there are two named columns.,6881,7,,False,Dataset 38185,Dataset 38185,False,False,False,True,Dataset 38185,False,False,False,True,Dataset 38185,False,False,False,True,Dataset 38185,False,False,False,True,Dataset 38185,False,False,False,True,Dataset 38185,False,False,False,True,Dataset 38185,False,False,False,True,Dataset 38185,False,False,False,True,Dataset 38185,False,False,False,True
