a,b,correct,expected,max_operand_digits,model,predicted,seed,split
26766,23729,False,50495,5,baseline,40495,101,id_random
57799,59814,False,117613,5,baseline,117603,101,id_random
68567,68401,False,136968,5,baseline,137968,101,id_random
19906,67073,False,86979,5,baseline,87979,101,id_random
69224,30393,False,99617,5,baseline,109617,101,id_random
90957,46028,False,136985,5,baseline,137985,101,id_random
61266,43734,False,105000,5,baseline,104000,101,id_random
299935,72,False,300007,6,baseline,200007,101,id_random
626821,77,False,626898,6,baseline,626998,101,id_random
919944,63,False,920007,6,baseline,919007,101,id_random
2922,81,False,3003,4,baseline,2003,101,id_random
46,14,False,60,2,baseline,50,101,id_random
27,23,False,50,2,baseline,40,101,id_random
90,39,False,129,2,baseline,139,101,id_random
76209,9097,False,85306,5,baseline,85206,101,id_random
72194,7898,False,80092,5,baseline,70092,101,id_random
44515,2081,False,46596,5,baseline,46696,101,id_random
16964,6816,False,23780,5,baseline,26780,101,id_random
79522,1070,False,80592,5,baseline,80692,101,id_random
24962,2037,False,26999,5,baseline,27999,101,id_random
79,60919,False,60998,5,baseline,61098,101,id_random
184,7877,False,8061,4,baseline,7061,101,id_random
210,3859,False,4069,4,baseline,4079,101,id_random
981,7512,False,8493,4,baseline,8593,101,id_random
368,6332,False,6700,4,baseline,6600,101,id_random
51,951,False,1002,3,baseline,902,101,id_random
27,883,False,910,3,baseline,900,101,id_random
9,882968,False,882977,6,baseline,882077,101,id_random
9,954065,False,954074,6,baseline,954174,101,id_random
8,865978,False,865986,6,baseline,865086,101,id_random
6,269488,False,269494,6,baseline,269594,101,id_random
1489,8382,False,9871,4,baseline,10871,101,id_random
1124,5969,False,7093,4,baseline,7193,101,id_random
8028,6899,False,14927,4,baseline,15927,101,id_random
7890,1505,False,9395,4,baseline,9495,101,id_random
77,3,False,80,2,baseline,70,101,id_random
66,4,False,70,2,baseline,60,101,id_random
325,435,False,760,3,baseline,750,101,id_random
301967,9,False,301976,6,baseline,302976,101,id_random
97442,213197,False,310639,6,baseline,310649,101,id_random
75648,631758,False,707406,6,baseline,707306,101,id_random
35919,566907,False,602826,6,baseline,502826,101,id_random
57677,133320,False,190997,6,baseline,191997,101,id_random
52997,993124,False,1046121,6,baseline,10461211,101,id_random
492,96,False,588,3,baseline,598,101,id_random
26,840577,False,840603,6,baseline,840503,101,id_random
46,181898,False,181944,6,baseline,182944,101,id_random
96,928795,False,928891,6,baseline,929891,101,id_random
3816,981,False,4797,4,baseline,4897,101,id_random
9373,829,False,10202,4,baseline,10102,101,id_random
291,8,False,299,3,baseline,209,101,id_random
895,5,False,900,3,baseline,800,101,id_random
29770,540,False,30310,5,baseline,20310,101,id_random
59118,860,False,59978,5,baseline,50978,101,id_random
31961,828,False,32789,5,baseline,32889,101,id_random
20279,115,False,20394,5,baseline,20494,101,id_random
21941,850,False,22791,5,baseline,22891,101,id_random
99646,704,False,100350,5,baseline,90350,101,id_random
39973,340,False,40313,5,baseline,30013,101,id_random
58191,708,False,58899,5,baseline,58999,101,id_random
38131,882,False,39013,5,baseline,38013,101,id_random
33689,371,False,34060,5,baseline,33060,101,id_random
99216,92,False,99308,5,baseline,99318,101,id_random
48907,94,False,49001,5,baseline,48001,101,id_random
7,1064,False,1071,4,baseline,10711,101,id_random
912,69031,False,69943,5,baseline,70943,101,id_random
352,72951,False,73303,5,baseline,73203,101,id_random
82965,5,False,82970,5,baseline,82960,101,id_random
850,768060,False,768910,6,baseline,769910,101,id_random
659,774636,False,775295,6,baseline,785295,101,id_random
426,509575,False,510001,6,baseline,509901,101,id_random
965,600632,False,601597,6,baseline,611597,101,id_random
844,859150,False,859994,6,baseline,860994,101,id_random
740,976822,False,977562,6,baseline,987562,101,id_random
637,288905,False,289542,6,baseline,299542,101,id_random
369209,44980,False,414189,6,baseline,414199,101,id_random
399273,82719,False,481992,6,baseline,482092,101,id_random
998905,50983,False,1049888,6,baseline,1059888,101,id_random
604649,73056,False,677705,6,baseline,677605,101,id_random
574134,16262,False,590396,6,baseline,590496,101,id_random
978937,99023,False,1077960,6,baseline,1078060,101,id_random
923639,89958,False,1013597,6,baseline,10136977,101,id_random
604671,96906,False,701577,6,baseline,601577,101,id_random
963547,49538,False,1013085,6,baseline,10121855,101,id_random
475945,923851,False,1399796,6,baseline,1499896,101,id_random
545502,675097,False,1220599,6,baseline,1220699,101,id_random
114998,521870,False,636868,6,baseline,646868,101,id_random
577923,240076,False,817999,6,baseline,818909,101,id_random
889402,773487,False,1662889,6,baseline,1662989,101,id_random
996799,132304,False,1129103,6,baseline,1139103,101,id_random
879981,777644,False,1657625,6,baseline,16576255,101,id_random
178332,850860,False,1029192,6,baseline,1029292,101,id_random
968287,158020,False,1126307,6,baseline,1124207,101,id_random
2500,30491,False,32991,5,baseline,33991,101,id_random
8602,49345,False,57947,5,baseline,58947,101,id_random
6187,67103,False,73290,5,baseline,73390,101,id_random
8202,35990,False,44192,5,baseline,44292,101,id_random
6385,270106,False,276491,6,baseline,276591,101,id_random
2115,216383,False,218498,6,baseline,218598,101,id_random
8554,331044,False,339598,6,baseline,349598,101,id_random
1191,609871,False,611062,6,baseline,610062,101,id_random
3555,228423,False,231978,6,baseline,232978,101,id_random
1085,569589,False,570674,6,baseline,560674,101,id_random
498255,2613,False,500868,6,baseline,400868,101,id_random
324664,3016,False,327680,6,baseline,327670,101,id_random
912392,1069,False,913461,6,baseline,914451,101,id_random
356841,1132,False,357973,6,baseline,358973,101,id_random
397946,3305,False,401251,6,baseline,301281,101,id_random
914473,2446,False,916919,6,baseline,917919,101,id_random
738073,5540,False,743613,6,baseline,744613,101,id_random
738416,5933,False,744349,6,baseline,744359,101,id_random
471978,9317,False,481295,6,baseline,481395,101,id_random
1299,1,False,1300,4,baseline,1200,101,id_random
411236966,89878134,False,501115100,9,baseline,9,101,ood_primary
907817045,10776226,False,918593271,9,baseline,7,101,ood_primary
944973433,81941356,False,1026914789,9,baseline,4,101,ood_primary
973239959,32433177,False,1005673136,9,baseline,4,101,ood_primary
816877011,81739191,False,898616202,9,baseline,7,101,ood_primary
837760884,87876007,False,925636891,9,baseline,8,101,ood_primary
978936776,66457976,False,1045394752,9,baseline,8,101,ood_primary
372944675,97744067,False,470688742,9,baseline,7,101,ood_primary
218741032,15176953,False,233917985,9,baseline,1,101,ood_primary
224598379,55327493,False,279925872,9,baseline,3,101,ood_primary
714006591,91372219,False,805378810,9,baseline,8,101,ood_primary
566877563,74283236,False,641160799,9,baseline,8,101,ood_primary
732762472,34007110,False,766769582,9,baseline,2,101,ood_primary
127368871,57564415,False,184933286,9,baseline,8,101,ood_primary
446319179,76273290,False,522592469,9,baseline,7,101,ood_primary
723543840,89220863,False,812764703,9,baseline,50,101,ood_primary
538977324,33271290,False,572248614,9,baseline,7,101,ood_primary
460521812,59396849,False,519918661,9,baseline,1,101,ood_primary
308188329,10666912,False,318855241,9,baseline,8,101,ood_primary
258139291,57344104,False,315483395,9,baseline,3,101,ood_primary
528571254,54405469,False,582976723,9,baseline,4,101,ood_primary
632580217,40048487,False,672628704,9,baseline,4,101,ood_primary
681342820,53187866,False,734530686,9,baseline,1,101,ood_primary
945485510,92451244,False,1037936754,9,baseline,59,101,ood_primary
293554896,93179060,False,386733956,9,baseline,8,101,ood_primary
593758521,71402631,False,665161152,9,baseline,4,101,ood_primary
122613877,58357386,False,180971263,9,baseline,3,101,ood_primary
503197728,19487192,False,522684920,9,baseline,9,101,ood_primary
8215853564,70346679969,False,78562533533,11,baseline,33333333333301,101,ood_primary
4721261702,51999880805,False,56721142507,11,baseline,1101021,101,ood_primary
3447645234,64387844183,False,67835489417,11,baseline,48080808088080,101,ood_primary
2930886844,60397896848,False,63328783692,11,baseline,83030333333031,101,ood_primary
9604281694,22051233728,False,31655515422,11,baseline,10202020202020,101,ood_primary
5959390020,90820660918,False,96780050938,11,baseline,8080808,101,ood_primary
3455390767,94941459658,False,98396850425,11,baseline,9,101,ood_primary
5730443041,31216081498,False,36946524539,11,baseline,35444253545424,101,ood_primary
6196472512,14290508032,False,20486980544,11,baseline,2,101,ood_primary
1590683901,14615250367,False,16205934268,11,baseline,83818381818121,101,ood_primary
5747367638,47366063582,False,53113431220,11,baseline,83131300000000,101,ood_primary
4170149406,52525949541,False,56696098947,11,baseline,54444444444442,101,ood_primary
9556486768,58263377378,False,67819864146,11,baseline,82919292929291,101,ood_primary
4178202375,68838038151,False,73016240526,11,baseline,8122222,101,ood_primary
8707059589,99540511322,False,108247570911,11,baseline,9,101,ood_primary
9736561943,80599688442,False,90336250385,11,baseline,51150515015111,101,ood_primary
9484486640,77642124976,False,87126611616,11,baseline,86888829292929,101,ood_primary
4190266096,81887323421,False,86077589517,11,baseline,816081,101,ood_primary
7577357999,81790883281,False,89368241280,11,baseline,81222121222221,101,ood_primary
1594782508,58744967210,False,60339749718,11,baseline,82222222222228,101,ood_primary
9778978643,17722555371,False,27501534014,11,baseline,81881818181829,101,ood_primary
2890712949,83762250576,False,86652963525,11,baseline,22254222222232,101,ood_primary
7665899961,68749815447,False,76415715408,11,baseline,99090909090900,101,ood_primary
2432413909,94325595317,False,96758009226,11,baseline,33377737377731,101,ood_primary
8533555933,31912720205,False,40446276138,11,baseline,5056505,101,ood_primary
9355124249,38625957522,False,47981081771,11,baseline,82222222222222,101,ood_primary
7655340674,88563634431,False,96218975105,11,baseline,48584848,101,ood_primary
9430598417,96730757972,False,106161356389,11,baseline,95777609580900,101,ood_primary
6727114190,47488705443,False,54215819633,11,baseline,41111111111111,101,ood_primary
7717024909,84703362158,False,92420387067,11,baseline,28428181212122,101,ood_primary
8830160425,72718089948,False,81548250373,11,baseline,71222222221222,101,ood_primary
5655700521,90255151446,False,95910851967,11,baseline,1,101,ood_primary
5059808869,89418868383,False,94478677252,11,baseline,9,101,ood_primary
6486225485,95185139529,False,101671365014,11,baseline,56160606060602,101,ood_primary
3986089896,46436993731,False,50423083627,11,baseline,95262525222222,101,ood_primary
7527084229,68091920880,False,75619005109,11,baseline,84181212121218,101,ood_primary
6422213499,40542303823,False,46964517322,11,baseline,53235353502351,101,ood_primary
5453769794,88635242418,False,94089012212,11,baseline,87096000090909,101,ood_primary
8110463558,20067999440,False,28178462998,11,baseline,33333333333030,101,ood_primary
8601177857,81610210733,False,90211388590,11,baseline,81818181818111,101,ood_primary
729506883422,39602179070,False,769109062492,12,baseline,832383832322222,101,ood_primary
235515046591,76684702849,False,312199749440,12,baseline,5110,101,ood_primary
630502854389,20503820823,False,651006675212,12,baseline,200003333332222,101,ood_primary
951390857236,53128168686,False,1004519025922,12,baseline,652555555262625,101,ood_primary
186889471791,55110955621,False,242000427412,12,baseline,5559,101,ood_primary
704252255106,17058392266,False,721310647372,12,baseline,233322223322222,101,ood_primary
386913994397,72959682234,False,459873676631,12,baseline,809090909090909,101,ood_primary
550021354376,40798518764,False,590819873140,12,baseline,47777,101,ood_primary
649518145073,44438260180,False,693956405253,12,baseline,822222222222222,101,ood_primary
610549202712,52118294675,False,662667497387,12,baseline,54141,101,ood_primary
705958986222,48913741780,False,754872728002,12,baseline,823333233322222,101,ood_primary
324340943482,47144540442,False,371485483924,12,baseline,424454542342424,101,ood_primary
241654195006,60257854729,False,301912049735,12,baseline,155715010101011,101,ood_primary
314993562272,17354970064,False,332348532336,12,baseline,352525255152222,101,ood_primary
262615620170,79305927482,False,341921547652,12,baseline,512020202021111,101,ood_primary
657539908601,56611484126,False,714151392727,12,baseline,504444444440006,101,ood_primary
860980419315,58359587194,False,919340006509,12,baseline,555555555555555,101,ood_primary
134692379977,74112471906,False,208804851883,12,baseline,27003,101,ood_primary
525263676311,12023633219,False,537287309530,12,baseline,343415444413131,101,ood_primary
308056858404,91336139362,False,399392997766,12,baseline,9108,101,ood_primary
721599652496,99861825097,False,821461477593,12,baseline,1000,101,ood_primary
385475914038,98690722585,False,484166636623,12,baseline,90000000000909,101,ood_primary
392253821707,79472505637,False,471726327344,12,baseline,810101010101011,101,ood_primary
8173867,2058717501,False,2066891368,10,baseline,6,101,ood_primary
7122575,5750352048,False,5757474623,10,baseline,2,101,ood_primary
6459862,3132910958,False,3139370820,10,baseline,8,101,ood_primary
6908834,3519391646,False,3526300480,10,baseline,4,101,ood_primary
5249015,3307690719,False,3312939734,10,baseline,6,101,ood_primary
6186299,7974093189,False,7980279488,10,baseline,1,101,ood_primary
8039510,8394427819,False,8402467329,10,baseline,54,101,ood_primary
9608674,8873640059,False,8883248733,10,baseline,1,101,ood_primary
1093769,6889372571,False,6890466340,10,baseline,9,101,ood_primary
3485147,8215742918,False,8219228065,10,baseline,8,101,ood_primary
4439985,1171222245,False,1175662230,10,baseline,8,101,ood_primary
8813883,5149941927,False,5158755810,10,baseline,17,101,ood_primary
5320133,5884613765,False,5889933898,10,baseline,9,101,ood_primary
4251200,6045140045,False,6049391245,10,baseline,5,101,ood_primary
3629026,3480984973,False,3484613999,10,baseline,1,101,ood_primary
3132171,4015753964,False,4018886135,10,baseline,1,101,ood_primary
9702889,1097620752,False,1107323641,10,baseline,9,101,ood_primary
2602803,9964780915,False,9967383718,10,baseline,8,101,ood_primary
2720912,7458106904,False,7460827816,10,baseline,2,101,ood_primary
9290642,4648034426,False,4657325068,10,baseline,4,101,ood_primary
5193957,8348892985,False,8354086942,10,baseline,6,101,ood_primary
8761868,1723928184,False,1732690052,10,baseline,8,101,ood_primary
8934616,3868516814,False,3877451430,10,baseline,6,101,ood_primary
5549415,3388737724,False,3394287139,10,baseline,5,101,ood_primary
2536846,4557500353,False,4560037199,10,baseline,6,101,ood_primary
9135267,4045288432,False,4054423699,10,baseline,9,101,ood_primary
9805720,3322579463,False,3332385183,10,baseline,7,101,ood_primary
1592505,8067301034,False,8068893539,10,baseline,5,101,ood_primary
89615286,16907130,False,106522416,8,baseline,98,101,ood_primary
38374108,40232366,False,78606474,8,baseline,34,101,ood_primary
82842400,64683653,False,147526053,8,baseline,38,101,ood_primary
79241520,51605085,False,130846605,8,baseline,557,101,ood_primary
97750020,87688577,False,185438597,8,baseline,99,101,ood_primary
80107031,60651116,False,140758147,8,baseline,55,101,ood_primary
85137429,47012647,False,132150076,8,baseline,553,101,ood_primary
96299628,66617271,False,162916899,8,baseline,982,101,ood_primary
21457879,40539979,False,61997858,8,baseline,91,101,ood_primary
38346405,35338361,False,73684766,8,baseline,34,101,ood_primary
19797420,43981116,False,63778536,8,baseline,203,101,ood_primary
47564083,37997109,False,85561192,8,baseline,89,101,ood_primary
89708216,86694096,False,176402312,8,baseline,10,101,ood_primary
61682511,89281123,False,150963634,8,baseline,132,101,ood_primary
81688502,95770026,False,177458528,8,baseline,120,101,ood_primary
25917881,67477079,False,93394960,8,baseline,955,101,ood_primary
74198327,71936705,False,146135032,8,baseline,96,101,ood_primary
11533583,95952077,False,107485660,8,baseline,63,101,ood_primary
12072383,40925799,False,52998182,8,baseline,853,101,ood_primary
13489272,12827824,False,26317096,8,baseline,39,101,ood_primary
62590304,77924059,False,140514363,8,baseline,752,101,ood_primary
19952180,77578358,False,97530538,8,baseline,19,101,ood_primary
26190321,59602012,False,85792333,8,baseline,32,101,ood_primary
39531496,75883937,False,115415433,8,baseline,301,101,ood_primary
17347619,33644161,False,50991780,8,baseline,015,101,ood_primary
503930967496,73798423,False,504004765919,12,baseline,8,101,ood_primary
756172105496,99948749,False,756272054245,12,baseline,1,101,ood_primary
158611643818,84831832,False,158696475650,12,baseline,8,101,ood_primary
640934965302,64874806,False,640999840108,12,baseline,9,101,ood_primary
233248731004,25950620,False,233274681624,12,baseline,8,101,ood_primary
356805980774,80283429,False,356886264203,12,baseline,9,101,ood_primary
194037072780,45985228,False,194083058008,12,baseline,4,101,ood_primary
456690018463,71237284,False,456761255747,12,baseline,7,101,ood_primary
147716634251,47719293,False,147764353544,12,baseline,6,101,ood_primary
238639176289,42837339,False,238682013628,12,baseline,4,101,ood_primary
956942696415,84553992,False,957027250407,12,baseline,8,101,ood_primary
556397366739,56792021,False,556454158760,12,baseline,8,101,ood_primary
280338434062,16908318,False,280355342380,12,baseline,2,101,ood_primary
352503682358,47846653,False,352551529011,12,baseline,3,101,ood_primary
978329373451,78579492,False,978407952943,12,baseline,8,101,ood_primary
598393108659,47293772,False,598440402431,12,baseline,3,101,ood_primary
90157578650,846457875982,False,936615454632,12,baseline,622222222222222,101,ood_primary
65961145542,700417422378,False,766378567920,12,baseline,111111111111111,101,ood_primary
39890253943,685486721567,False,725376975510,12,baseline,888188888882222,101,ood_primary
87006924532,519043524627,False,606050449159,12,baseline,144405440305454,101,ood_primary
42706565819,232201344552,False,274907910371,12,baseline,578888288722222,101,ood_primary
35353575960,909623125994,False,944976701954,12,baseline,9595,101,ood_primary
54985440822,178044038393,False,233029479215,12,baseline,411111111111111,101,ood_primary
76009811732,246789891364,False,322799703096,12,baseline,823222222232222,101,ood_primary
52563622525,594379809510,False,646943432035,12,baseline,5757,101,ood_primary
71907300911,195685877409,False,267593178320,12,baseline,39202,101,ood_primary
77735794982,303698489632,False,381434284614,12,baseline,323232322233333,101,ood_primary
24410368817,326504553062,False,350914921879,12,baseline,396983868633333,101,ood_primary
36795207946,390168279986,False,426963487932,12,baseline,2222,101,ood_primary
97436808524,405342002694,False,502778811218,12,baseline,844444444111118,101,ood_primary
74713831608,962435175288,False,1037149006896,12,baseline,9109,101,ood_primary
16128602743,427297197706,False,443425800449,12,baseline,1444,101,ood_primary
28201392090,298160407430,False,326361799520,12,baseline,9211,101,ood_primary
94428173939,253746318591,False,348174492530,12,baseline,236222263222222,101,ood_primary
51130919819,663714002434,False,714844922253,12,baseline,965655555556565,101,ood_primary
64041715815,448560636325,False,512602352140,12,baseline,118111111111111,101,ood_primary
48210593826,778606799737,False,826817393563,12,baseline,928292282822222,101,ood_primary
26082431953,575833910645,False,601916342598,12,baseline,489180808019080,101,ood_primary
65307385053,136007072663,False,201314457716,12,baseline,354483835443331,101,ood_primary
62377512282,768824914548,False,831202426830,12,baseline,522811128121111,101,ood_primary
60283791867,331228929442,False,391512721309,12,baseline,322222222223333,101,ood_primary
29678217939,629385216298,False,659063434237,12,baseline,268888282822222,101,ood_primary
64164104176,933111962967,False,997276067143,12,baseline,12030,101,ood_primary
57577400674,582876580750,False,640453981424,12,baseline,55555,101,ood_primary
52746950413,863652651070,False,916399601483,12,baseline,9601,101,ood_primary
97624165070,751395509293,False,849019674363,12,baseline,122221222221111,101,ood_primary
53649193875,422980460763,False,476629654638,12,baseline,233365363332222,101,ood_primary
76507046841,520712626971,False,597219673812,12,baseline,555555555551515,101,ood_primary
67954144814,953053302336,False,1021007447150,12,baseline,109495594940940,101,ood_primary
59857800143,787781690948,False,847639491091,12,baseline,888881818181818,101,ood_primary
19786325,365878218704,False,365898005029,12,baseline,3,101,ood_primary
95416454,684448477091,False,684543893545,12,baseline,4,101,ood_primary
25182743,430703393959,False,430728576702,12,baseline,7,101,ood_primary
37365911,332850068440,False,332887434351,12,baseline,5,101,ood_primary
90913336,570158882773,False,570249796109,12,baseline,8,101,ood_primary
87496914,346958351618,False,347045848532,12,baseline,6,101,ood_primary
36707426,389718163612,False,389754871038,12,baseline,2,101,ood_primary
36457555,731682631986,False,731719089541,12,baseline,5,101,ood_primary
10993113,865157237165,False,865168230278,12,baseline,1,101,ood_primary
13534702,258135034292,False,258148568994,12,baseline,,101,ood_primary
67915880,451731102175,False,451799018055,12,baseline,8,101,ood_primary
68099016,150871323496,False,150939422512,12,baseline,8,101,ood_primary
99791812,564247255161,False,564347046973,12,baseline,8,101,ood_primary
96061412,796231072197,False,796327133609,12,baseline,3,101,ood_primary
85719728,441464022588,False,441549742316,12,baseline,8,101,ood_primary
44287091,630891735005,False,630936022096,12,baseline,9,101,ood_primary
57980038,492040024252,False,492098004290,12,baseline,3,101,ood_primary
18210935,879914627289,False,879932838224,12,baseline,3,101,ood_primary
71172893,103999589911,False,104070762804,12,baseline,9,101,ood_primary
86144973,848373376532,False,848459521505,12,baseline,8,101,ood_primary
17452565,317239426115,False,317256878680,12,baseline,5,101,ood_primary
46918160,706155740093,False,706202658253,12,baseline,5,101,ood_primary
25785099,551215950011,False,551241735110,12,baseline,9,101,ood_primary
87813422,845208889040,False,845296702462,12,baseline,3,101,ood_primary
47939056,196680415109,False,196728354165,12,baseline,5,101,ood_primary
69366891,839725643110,False,839795010001,12,baseline,8,101,ood_primary
44937330,718211152410,False,718256089740,12,baseline,3,101,ood_primary
3380806,9378656,False,12759462,7,baseline,128671,101,ood_primary
5657200,2345653,False,8002853,7,baseline,89176,101,ood_primary
3042769,1939557,False,4982326,7,baseline,146724,101,ood_primary
9230333,7082066,False,16312399,7,baseline,148549,101,ood_primary
4564112,5758116,False,10322228,7,baseline,140933,101,ood_primary
3295481,6204483,False,9499964,7,baseline,915929,101,ood_primary
3347323,3100381,False,6447704,7,baseline,657455,101,ood_primary
8086484,4218461,False,12304945,7,baseline,10832,101,ood_primary
5290544,9861783,False,15152327,7,baseline,187722,101,ood_primary
1167855,6005690,False,7173545,7,baseline,178415,101,ood_primary
2847704,6573387,False,9421091,7,baseline,10504,101,ood_primary
8431784,4484523,False,12916307,7,baseline,18023,101,ood_primary
6869445,9815041,False,16684486,7,baseline,150955,101,ood_primary
9918810,6344211,False,16263021,7,baseline,15352,101,ood_primary
3701459,1104721,False,4806180,7,baseline,91292,101,ood_primary
1827560,6115078,False,7942638,7,baseline,849157,101,ood_primary
2845551,7620994,False,10466545,7,baseline,107650,101,ood_primary
1727997,3984755,False,5712752,7,baseline,12646,101,ood_primary
9944656,3685607,False,13630263,7,baseline,113216,101,ood_primary
2143080,4197168,False,6340248,7,baseline,16289,101,ood_primary
9442000,8016455,False,17458455,7,baseline,143645,101,ood_primary
3804611,1909895,False,5714506,7,baseline,105600,101,ood_primary
8110660,5248809,False,13359469,7,baseline,135540,101,ood_primary
4926066,8225427,False,13151493,7,baseline,148608,101,ood_primary
1651728,6427090,False,8078818,7,baseline,194407,101,ood_primary
6928899,4662347,False,11591246,7,baseline,19502,101,ood_primary
7430799,6006035,False,13436834,7,baseline,16149,101,ood_primary
7895691,2120703,False,10016394,7,baseline,14776,101,ood_primary
7216872,9158690,False,16375562,7,baseline,132750,101,ood_primary
4535000,9461415,False,13996415,7,baseline,18114,101,ood_primary
1609791,2819583,False,4429374,7,baseline,19174,101,ood_primary
8242428,5449881,False,13692309,7,baseline,187406,101,ood_primary
6028976,3597547,False,9626523,7,baseline,18803,101,ood_primary
1475862,7164296,False,8640158,7,baseline,99139,101,ood_primary
177595494,1955358,False,179550852,9,baseline,609,101,ood_primary
946314011,5734779,False,952048790,9,baseline,77,101,ood_primary
194233866,8988161,False,203222027,9,baseline,20,101,ood_primary
636480825,7087084,False,643567909,9,baseline,88,101,ood_primary
558581087,1732769,False,560313856,9,baseline,33,101,ood_primary
264568645,2956592,False,267525237,9,baseline,73,101,ood_primary
635847969,9470466,False,645318435,9,baseline,14,101,ood_primary
351666126,9580648,False,361246774,9,baseline,69,101,ood_primary
207267129,8596677,False,215863806,9,baseline,90,101,ood_primary
710380775,2730802,False,713111577,9,baseline,37,101,ood_primary
322877223,7231683,False,330108906,9,baseline,152,101,ood_primary
470691117,7112265,False,477803382,9,baseline,323,101,ood_primary
866131245,2668383,False,868799628,9,baseline,88,101,ood_primary
471408337,4757467,False,476165804,9,baseline,32,101,ood_primary
431363934,2684728,False,434048662,9,baseline,22,101,ood_primary
180978118,9395170,False,190373288,9,baseline,80,101,ood_primary
798919412,1498593,False,800418005,9,baseline,102,101,ood_primary
475080445,4309052,False,479389497,9,baseline,90,101,ood_primary
940749415,2257421,False,943006836,9,baseline,159,101,ood_primary
882842666,2742030,False,885584696,9,baseline,798,101,ood_primary
382913735,9281755,False,392195490,9,baseline,11,101,ood_primary
956921204,9668858,False,966590062,9,baseline,88,101,ood_primary
499689226,6998563,False,506687789,9,baseline,100,101,ood_primary
372715618,9515491,False,382231109,9,baseline,66,101,ood_primary
852409104,1045744,False,853454848,9,baseline,43,101,ood_primary
801580905,7171428,False,808752333,9,baseline,77,101,ood_primary
186845379,1827670,False,188673049,9,baseline,25,101,ood_primary
419620981,4945968,False,424566949,9,baseline,659,101,ood_primary
437144267,3546761,False,440691028,9,baseline,89,101,ood_primary
174913402,5801506,False,180714908,9,baseline,34,101,ood_primary
191854487,2237339,False,194091826,9,baseline,371,101,ood_primary
584082768,3506904,False,587589672,9,baseline,82,101,ood_primary
503618378,3847103,False,507465481,9,baseline,221,101,ood_primary
410393040,8123223,False,418516263,9,baseline,552,101,ood_primary
845792745,3366331,False,849159076,9,baseline,99,101,ood_primary
197584857,8890550,False,206475407,9,baseline,38,101,ood_primary
826102729,987530657085,False,988356759814,12,baseline,22222222222222,101,ood_primary
815003153,137463621352,False,138278624505,12,baseline,31710171717101,101,ood_primary
873455344,477036623416,False,477910078760,12,baseline,50303030303011,101,ood_primary
456308618,928936843277,False,929393151895,12,baseline,8899909,101,ood_primary
619682087,700208325884,False,700828007971,12,baseline,20000,101,ood_primary
944761179,655946288057,False,656891049236,12,baseline,91016060606001,101,ood_primary
170840672,690691848459,False,690862689131,12,baseline,66060666060060,101,ood_primary
762266574,154731854735,False,155494121309,12,baseline,81210210102101,101,ood_primary
476186304,169356919235,False,169833105539,12,baseline,33333333382322,101,ood_primary
541507183,360467098630,False,361008605813,12,baseline,11111111111111,101,ood_primary
114049387,520835805268,False,520949854655,12,baseline,81211232211112,101,ood_primary
996476896,526201649319,False,527198126215,12,baseline,20808080808090,101,ood_primary
988904533,623777789554,False,624766694087,12,baseline,81848181818111,101,ood_primary
740008957,639578803664,False,640318812621,12,baseline,9,101,ood_primary
670001913,807574904994,False,808244906907,12,baseline,59292000033221,101,ood_primary
461708715,986569043879,False,987030752594,12,baseline,81222222222222,101,ood_primary
629464756,248494140224,False,249123604980,12,baseline,42222121212212,101,ood_primary
900059456,247208922930,False,248108982386,12,baseline,32282222222222,101,ood_primary
728173156,703576975426,False,704305148582,12,baseline,22535453572333,101,ood_primary
681651870,492383193444,False,493064845314,12,baseline,21090910910910,101,ood_primary
130252655,944544444393,False,944674697048,12,baseline,2,101,ood_primary
479261121,830073405209,False,830552666330,12,baseline,11111111111111,101,ood_primary
513971399,893271863024,False,893785834423,12,baseline,35666668366633,101,ood_primary
437571562,523376032139,False,523813603701,12,baseline,58553888888831,101,ood_primary
27067628,475131939,False,502199567,9,baseline,6,101,ood_primary
33067511,427064743,False,460132254,9,baseline,1,101,ood_primary
29966490,574878596,False,604845086,9,baseline,8,101,ood_primary
96334707,499204729,False,595539436,9,baseline,7,101,ood_primary
34046286,498434208,False,532480494,9,baseline,3,101,ood_primary
74791863,158859690,False,233651553,9,baseline,8,101,ood_primary
59695742,898311068,False,958006810,9,baseline,7,101,ood_primary
14303691,653469975,False,667773666,9,baseline,8,101,ood_primary
59884019,665734016,False,725618035,9,baseline,7,101,ood_primary
28287455,439518016,False,467805471,9,baseline,5,101,ood_primary
44649412,847636968,False,892286380,9,baseline,1,101,ood_primary
11851309,237220304,False,249071613,9,baseline,5,101,ood_primary
66814912,244079708,False,310894620,9,baseline,9,101,ood_primary
34367589,814924245,False,849291834,9,baseline,6,101,ood_primary
27285146,808641457,False,835926603,9,baseline,5,101,ood_primary
84840692,525560924,False,610401616,9,baseline,2,101,ood_primary
68747955,264940779,False,333688734,9,baseline,1,101,ood_primary
32870206,253706288,False,286576494,9,baseline,2,101,ood_primary
50725875,264800404,False,315526279,9,baseline,8,101,ood_primary
94548552,382866844,False,477415396,9,baseline,6,101,ood_primary
29762656,290917853,False,320680509,9,baseline,1,101,ood_primary
62029980,907385949,False,969415929,9,baseline,9,101,ood_primary
77565279,985314594,False,1062879873,9,baseline,2,101,ood_primary
55618052,124183021,False,179801073,9,baseline,8,101,ood_primary
15180332,946327124,False,961507456,9,baseline,3,101,ood_primary
30093858,144016672,False,174110530,9,baseline,8,101,ood_primary
80572365,911885067,False,992457432,9,baseline,3,101,ood_primary
19795055,277000687,False,296795742,9,baseline,5,101,ood_primary
25197117,127440943,False,152638060,9,baseline,4,101,ood_primary
61552376,667892652,False,729445028,9,baseline,2,101,ood_primary
5114743173,9089163,False,5123832336,10,baseline,4,101,ood_primary
3573585642,3339045,False,3576924687,10,baseline,8,101,ood_primary
2599883147,4468454,False,2604351601,10,baseline,8,101,ood_primary
6468270434,4437788,False,6472708222,10,baseline,7,101,ood_primary
5989856459,4191695,False,5994048154,10,baseline,6,101,ood_primary
7259202859,8199482,False,7267402341,10,baseline,9,101,ood_primary
1652953855,6497029,False,1659450884,10,baseline,5,101,ood_primary
6035425525,4103853,False,6039529378,10,baseline,2,101,ood_primary
9546498862,8515745,False,9555014607,10,baseline,7,101,ood_primary
8875219725,1872443,False,8877092168,10,baseline,9,101,ood_primary
8932387024,9750228,False,8942137252,10,baseline,8,101,ood_primary
5178890602,2853143,False,5181743745,10,baseline,8,101,ood_primary
5092776965,8632688,False,5101409653,10,baseline,7,101,ood_primary
2607650268,9923123,False,2617573391,10,baseline,5,101,ood_primary
1262180245,9045826,False,1271226071,10,baseline,8,101,ood_primary
7025548723,3289147,False,7028837870,10,baseline,2,101,ood_primary
3243575765,1231079,False,3244806844,10,baseline,8,101,ood_primary
7397485874,2311005,False,7399796879,10,baseline,8,101,ood_primary
7506709283,8818777,False,7515528060,10,baseline,9,101,ood_primary
5255955726,9206583,False,5265162309,10,baseline,5,101,ood_primary
9377578162,4796000,False,9382374162,10,baseline,8,101,ood_primary
6635822452,3776860,False,6639599312,10,baseline,2,101,ood_primary
5803618420,8382057,False,5812000477,10,baseline,1,101,ood_primary
5735572860,3228808,False,5738801668,10,baseline,2,101,ood_primary
6469885446,6940798,False,6476826244,10,baseline,9,101,ood_primary
5224066667,9986015,False,5234052682,10,baseline,6,101,ood_primary
4232369745,6354381878,False,10586751623,10,baseline,6,101,ood_primary
4348528195,1621833342,False,5970361537,10,baseline,8,101,ood_primary
6014630749,1621351304,False,7635982053,10,baseline,3,101,ood_primary
7438254512,1488351148,False,8926605660,10,baseline,5,101,ood_primary
7572129795,6184334489,False,13756464284,10,baseline,1,101,ood_primary
1234728142,4374611082,False,5609339224,10,baseline,8,101,ood_primary
2767301687,6431742066,False,9199043753,10,baseline,4,101,ood_primary
6723073903,4568610510,False,11291684413,10,baseline,8,101,ood_primary
6178366274,5971028450,False,12149394724,10,baseline,8,101,ood_primary
7233573563,8338796278,False,15572369841,10,baseline,3,101,ood_primary
1235003215,3986534167,False,5221537382,10,baseline,3,101,ood_primary
9741096446,4029688937,False,13770785383,10,baseline,1,101,ood_primary
8024599752,3047141803,False,11071741555,10,baseline,1,101,ood_primary
5600937622,8444387919,False,14045325541,10,baseline,7,101,ood_primary
7081820272,3085746863,False,10167567135,10,baseline,1,101,ood_primary
5562084236,7897130677,False,13459214913,10,baseline,8,101,ood_primary
4950456620,7260597694,False,12211054314,10,baseline,5,101,ood_primary
5589809532,1472891392,False,7062700924,10,baseline,8,101,ood_primary
2159302129,6617872678,False,8777174807,10,baseline,1,101,ood_primary
1777681102,7802990595,False,9580671697,10,baseline,8,101,ood_primary
8755671413,3870299341,False,12625970754,10,baseline,7,101,ood_primary
4969810,615167839,False,620137649,9,baseline,86,101,ood_primary
9306262,927940110,False,937246372,9,baseline,16,101,ood_primary
5010179,322464374,False,327474553,9,baseline,145,101,ood_primary
4498644,534170639,False,538669283,9,baseline,11,101,ood_primary
8716118,236439823,False,245155941,9,baseline,151,101,ood_primary
1944545,739560225,False,741504770,9,baseline,10,101,ood_primary
5366015,688451965,False,693817980,9,baseline,606,101,ood_primary
4405938,800503313,False,804909251,9,baseline,48,101,ood_primary
3413777,277013923,False,280427700,9,baseline,98,101,ood_primary
2818233,309100023,False,311918256,9,baseline,33,101,ood_primary
1892210,828409739,False,830301949,9,baseline,11,101,ood_primary
7975405,379444897,False,387420302,9,baseline,455,101,ood_primary
2623410,170888977,False,173512387,9,baseline,19,101,ood_primary
6679404,882568246,False,889247650,9,baseline,77,101,ood_primary
1860876,638645085,False,640505961,9,baseline,21,101,ood_primary
7390906,157940219,False,165331125,9,baseline,546,101,ood_primary
9497536,607285069,False,616782605,9,baseline,30,101,ood_primary
7226616,285777561,False,293004177,9,baseline,98,101,ood_primary
7587171,146859966,False,154447137,9,baseline,90,101,ood_primary
3755200,829719395,False,833474595,9,baseline,11,101,ood_primary
2283876,916803812,False,919087688,9,baseline,86,101,ood_primary
9170357,274785399,False,283955756,9,baseline,33,101,ood_primary
6772272,476638777,False,483411049,9,baseline,100,101,ood_primary
5994117,204744009,False,210738126,9,baseline,69,101,ood_primary
4187607,598548873,False,602736480,9,baseline,558,101,ood_primary
618731750105,244591080,False,618976341185,12,baseline,2,101,ood_primary
873215185553,209251316,False,873424436869,12,baseline,23333326266222,101,ood_primary
188628598183,439839841,False,189068438024,12,baseline,8,101,ood_primary
299553388210,408850785,False,299962238995,12,baseline,3,101,ood_primary
935554574820,215737517,False,935770312337,12,baseline,2,101,ood_primary
753954312971,559944285,False,754514257256,12,baseline,5,101,ood_primary
820814922026,321287064,False,821136209090,12,baseline,42222223232223,101,ood_primary
284454607720,707266657,False,285161874377,12,baseline,7,101,ood_primary
495840900977,227216744,False,496068117721,12,baseline,2,101,ood_primary
282424162923,437825734,False,282861988657,12,baseline,41555514181111,101,ood_primary
808944532512,408040557,False,809352573069,12,baseline,4,101,ood_primary
817303380639,153451255,False,817456831894,12,baseline,24444445444442,101,ood_primary
788587825619,424320382,False,789012146001,12,baseline,42222222222222,101,ood_primary
812718590266,401921136,False,813120511402,12,baseline,59422942229222,101,ood_primary
506198805609,378062672,False,506576868281,12,baseline,3,101,ood_primary
346588748392,530519409,False,347119267801,12,baseline,8,101,ood_primary
991609592795,278711408,False,991888304203,12,baseline,3,101,ood_primary
974218256661,471246597,False,974689503258,12,baseline,42222222222222,101,ood_primary
249926729480,590941183,False,250517670663,12,baseline,5,101,ood_primary
737453781226,368150902,False,737821932128,12,baseline,3,101,ood_primary
379683740162,223379685,False,379907119847,12,baseline,22525225255252,101,ood_primary
287045896764,461080436,False,287506977200,12,baseline,5,101,ood_primary
389488597194,888576638,False,390377173832,12,baseline,8,101,ood_primary
608008576208,479829247,False,608488405455,12,baseline,82222222222222,101,ood_primary
992883328,617590353,False,1610473681,9,baseline,8,101,ood_primary
766250988,874071205,False,1640322193,9,baseline,1,101,ood_primary
266221151,922243073,False,1188464224,9,baseline,2,101,ood_primary
804038774,585976418,False,1390015192,9,baseline,9,101,ood_primary
489576820,856515099,False,1346091919,9,baseline,8,101,ood_primary
775264571,336169724,False,1111434295,9,baseline,5,101,ood_primary
565598466,523439439,False,1089037905,9,baseline,3,101,ood_primary
440706290,227419761,False,668126051,9,baseline,7,101,ood_primary
681093783,888992436,False,1570086219,9,baseline,3,101,ood_primary
914076611,666602496,False,1580679107,9,baseline,6,101,ood_primary
224031524,479176762,False,703208286,9,baseline,5,101,ood_primary
767843533,973659616,False,1741503149,9,baseline,3,101,ood_primary
926186320,141480515,False,1067666835,9,baseline,7,101,ood_primary
870225107,756980671,False,1627205778,9,baseline,5,101,ood_primary
266712204,930474535,False,1197186739,9,baseline,2,101,ood_primary
111932452,728662565,False,840595017,9,baseline,2,101,ood_primary
140240929,690722961,False,830963890,9,baseline,8,101,ood_primary
228308215,109507080,False,337815295,9,baseline,8,101,ood_primary
383330545,966296190,False,1349626735,9,baseline,6,101,ood_primary
431287499,255961827,False,687249326,9,baseline,9,101,ood_primary
988909609,886198536,False,1875108145,9,baseline,7,101,ood_primary
120798732,106940272,False,227739004,9,baseline,8,101,ood_primary
621767580,346422114,False,968189694,9,baseline,1,101,ood_primary
531283768,756942167,False,1288225935,9,baseline,3,101,ood_primary
710462517,928558327,False,1639020844,9,baseline,2,101,ood_primary
420998357,696300193,False,1117298550,9,baseline,3,101,ood_primary
894251928,896886186,False,1791138114,9,baseline,9,101,ood_primary
477773943,987101755,False,1464875698,9,baseline,3,101,ood_primary
108699431,479330943,False,588030374,9,baseline,1,101,ood_primary
790515300,168704330,False,959219630,9,baseline,8,101,ood_primary
751174498,137154077,False,888328575,9,baseline,7,101,ood_primary
995939328,827754434,False,1823693762,9,baseline,8,101,ood_primary
323328597,760125217,False,1083453814,9,baseline,8,101,ood_primary
460543573,752830163,False,1213373736,9,baseline,2,101,ood_primary
362499895,595534873,False,958034768,9,baseline,6,101,ood_primary
60617361958,69165169,False,60686527127,11,baseline,8,101,ood_primary
94253180110,29543543,False,94282723653,11,baseline,1,101,ood_primary
20402410439,88185956,False,20490596395,11,baseline,1,101,ood_primary
77872567339,69742262,False,77942309601,11,baseline,6,101,ood_primary
33039770906,79224557,False,33118995463,11,baseline,8,101,ood_primary
29572276763,12223292,False,29584500055,11,baseline,2,101,ood_primary
83393475409,20343743,False,83413819152,11,baseline,4,101,ood_primary
97630851225,34011967,False,97664863192,11,baseline,8,101,ood_primary
65678485282,38067885,False,65716553167,11,baseline,2,101,ood_primary
86299185857,87769710,False,86386955567,11,baseline,8,101,ood_primary
96053839433,99071829,False,96152911262,11,baseline,1,101,ood_primary
20944809112,37905382,False,20982714494,11,baseline,8,101,ood_primary
88643075796,74470370,False,88717546166,11,baseline,8,101,ood_primary
25150989201,80510079,False,25231499280,11,baseline,9,101,ood_primary
42991492760,87269388,False,43078762148,11,baseline,8,101,ood_primary
56713771509,93524331,False,56807295840,11,baseline,8,101,ood_primary
21176461898,99357282,False,21275819180,11,baseline,6,101,ood_primary
97710466691,76344867,False,97786811558,11,baseline,8,101,ood_primary
17325839994,57157738,False,17382997732,11,baseline,8,101,ood_primary
80600392114,69347832,False,80669739946,11,baseline,9,101,ood_primary
79915489072,44170226,False,79959659298,11,baseline,8,101,ood_primary
34538197825,62772695,False,34600970520,11,baseline,9,101,ood_primary
19214243765,92923366,False,19307167131,11,baseline,2,101,ood_primary
79255477645,57971289,False,79313448934,11,baseline,8,101,ood_primary
16314416297,96215306,False,16410631603,11,baseline,1,101,ood_primary
65144198504,58457785,False,65202656289,11,baseline,9,101,ood_primary
30888233461,95435174,False,30983668635,11,baseline,8,101,ood_primary
32326352005,77377481,False,32403729486,11,baseline,8,101,ood_primary
59707115968,95330593,False,59802446561,11,baseline,1,101,ood_primary
87411190230,60461610,False,87471651840,11,baseline,1,101,ood_primary
91128041011,27004738,False,91155045749,11,baseline,1,101,ood_primary
32429276,97794012505,False,97826441781,11,baseline,2,101,ood_primary
84942552,94577101223,False,94662043775,11,baseline,5,101,ood_primary
71790612,88851443219,False,88923233831,11,baseline,1,101,ood_primary
82641624,77985585396,False,78068227020,11,baseline,6,101,ood_primary
84136238,35630800066,False,35714936304,11,baseline,2,101,ood_primary
46724090,29102101500,False,29148825590,11,baseline,9,101,ood_primary
98594321,63770913714,False,63869508035,11,baseline,3,101,ood_primary
30645279,31147628868,False,31178274147,11,baseline,2,101,ood_primary
63600732,67957350690,False,68020951422,11,baseline,7,101,ood_primary
94545714,98408298382,False,98502844096,11,baseline,8,101,ood_primary
57877793,71110758044,False,71168635837,11,baseline,8,101,ood_primary
27463419,25863057091,False,25890520510,11,baseline,1,101,ood_primary
89975917,29197544483,False,29287520400,11,baseline,9,101,ood_primary
45644285,50722657853,False,50768302138,11,baseline,2,101,ood_primary
65781897,68941729350,False,69007511247,11,baseline,8,101,ood_primary
98162664,41818026174,False,41916188838,11,baseline,8,101,ood_primary
29870880,97018653248,False,97048524128,11,baseline,8,101,ood_primary
58797046,26109583654,False,26168380700,11,baseline,9,101,ood_primary
20716857,38354456406,False,38375173263,11,baseline,8,101,ood_primary
18159553,67095205940,False,67113365493,11,baseline,5,101,ood_primary
82038160,60572198429,False,60654236589,11,baseline,8,101,ood_primary
58065145,45496813993,False,45554879138,11,baseline,8,101,ood_primary
30537388,60208252901,False,60238790289,11,baseline,8,101,ood_primary
33995042,94344809359,False,94378804401,11,baseline,4,101,ood_primary
58360581,64341536581,False,64399897162,11,baseline,5,101,ood_primary
31038474,18622870953,False,18653909427,11,baseline,7,101,ood_primary
32359995,42857116779,False,42889476774,11,baseline,9,101,ood_primary
72046224,84175103545,False,84247149769,11,baseline,2,101,ood_primary
21502695,47815442585,False,47836945280,11,baseline,6,101,ood_primary
32274868,45028123019,False,45060397887,11,baseline,8,101,ood_primary
295745558876,8694503,False,295754253379,12,baseline,5,101,ood_primary
257815655649,4358569,False,257820014218,12,baseline,6,101,ood_primary
722913991572,7684428,False,722921676000,12,baseline,8,101,ood_primary
459422140260,7121865,False,459429262125,12,baseline,2,101,ood_primary
557616183478,5617236,False,557621800714,12,baseline,5,101,ood_primary
562619506191,4982068,False,562624488259,12,baseline,5,101,ood_primary
486397779211,2223778,False,486400002989,12,baseline,2,101,ood_primary
150478005873,8871537,False,150486877410,12,baseline,8,101,ood_primary
772728728424,6302788,False,772735031212,12,baseline,8,101,ood_primary
826278498345,8946982,False,826287445327,12,baseline,8,101,ood_primary
565025478365,3363307,False,565028841672,12,baseline,8,101,ood_primary
388861979960,8054811,False,388870034771,12,baseline,9,101,ood_primary
319860451168,8396931,False,319868848099,12,baseline,8,101,ood_primary
672524616320,3695626,False,672528311946,12,baseline,8,101,ood_primary
766366521103,8591408,False,766375112511,12,baseline,8,101,ood_primary
883170806771,9190790,False,883179997561,12,baseline,9,101,ood_primary
773727192859,7685446,False,773734878305,12,baseline,7,101,ood_primary
581607444769,4794793,False,581612239562,12,baseline,4,101,ood_primary
694660842605,8144898,False,694668987503,12,baseline,8,101,ood_primary
480540996245,9082864,False,480550079109,12,baseline,9,101,ood_primary
759980291166,8943326,False,759989234492,12,baseline,8,101,ood_primary
141824079472,9832749,False,141833912221,12,baseline,4,101,ood_primary
575289858808,2411637,False,575292270445,12,baseline,3,101,ood_primary
279312598513,5298445,False,279317896958,12,baseline,8,101,ood_primary
557214670015,2325527,False,557216995542,12,baseline,7,101,ood_primary
104411270159,5196038,False,104416466197,12,baseline,2,101,ood_primary
693966052889,2638636,False,693968691525,12,baseline,1,101,ood_primary
178626015611,5921224,False,178631936835,12,baseline,5,101,ood_primary
129869937698,1191795,False,129871129493,12,baseline,2,101,ood_primary
233247124864,2979226,False,233250104090,12,baseline,2,101,ood_primary
601307229545,3170976,False,601310400521,12,baseline,2,101,ood_primary
657526233562,6085933,False,657532319495,12,baseline,8,101,ood_primary
660782256413,8406340,False,660790662753,12,baseline,1,101,ood_primary
901062656059,4481729,False,901067137788,12,baseline,7,101,ood_primary
666220955100,3153183,False,666224108283,12,baseline,3,101,ood_primary
976087988073,5095015,False,976093083088,12,baseline,6,101,ood_primary
794386105,59349318208,False,60143704313,11,baseline,1,101,ood_primary
756087011,53409312086,False,54165399097,11,baseline,1,101,ood_primary
950500690,10238675905,False,11189176595,11,baseline,3,101,ood_primary
490071913,69634875737,False,70124947650,11,baseline,9,101,ood_primary
288472154,75151522681,False,75439994835,11,baseline,2,101,ood_primary
449382142,34839241421,False,35288623563,11,baseline,2,101,ood_primary
681475726,81987182018,False,82668657744,11,baseline,8,101,ood_primary
675674064,24428395545,False,25104069609,11,baseline,4,101,ood_primary
608777273,98803231207,False,99412008480,11,baseline,2,101,ood_primary
191103853,43681649944,False,43872753797,11,baseline,8,101,ood_primary
781363438,88570672774,False,89352036212,11,baseline,3,101,ood_primary
483911341,57054518595,False,57538429936,11,baseline,5,101,ood_primary
793946311,76720582677,False,77514528988,11,baseline,3,101,ood_primary
710577576,33868579726,False,34579157302,11,baseline,8,101,ood_primary
182782032,13976040837,False,14158822869,11,baseline,1,101,ood_primary
798429814,76827731038,False,77626160852,11,baseline,9,101,ood_primary
381705765,31311206766,False,31692912531,11,baseline,7,101,ood_primary
209835928,73537006423,False,73746842351,11,baseline,5,101,ood_primary
977978257,17843377919,False,18821356176,11,baseline,2,101,ood_primary
285984478,92310664102,False,92596648580,11,baseline,4,101,ood_primary
208243034,42686916303,False,42895159337,11,baseline,3,101,ood_primary
203341369,46828481595,False,47031822964,11,baseline,2,101,ood_primary
529571925,27179387264,False,27708959189,11,baseline,8,101,ood_primary
155438732,42673960555,False,42829399287,11,baseline,8,101,ood_primary
630654762,32472105606,False,33102760368,11,baseline,8,101,ood_primary
327320338,61621496558,False,61948816896,11,baseline,3,101,ood_primary
960486206,38997742383,False,39958228589,11,baseline,1,101,ood_primary
942380965,89737167310,False,90679548275,11,baseline,9,101,ood_primary
393545618,11297806558,False,11691352176,11,baseline,5,101,ood_primary
263421733,94065737789,False,94329159522,11,baseline,1,101,ood_primary
598160979,54538703318,False,55136864297,11,baseline,9,101,ood_primary
298685414,32628711366,False,32927396780,11,baseline,5,101,ood_primary
797936640,59446473940,False,60244410580,11,baseline,8,101,ood_primary
290723910,88599402508,False,88890126418,11,baseline,9,101,ood_primary
380174767,94367707142,False,94747881909,11,baseline,7,101,ood_primary
708774845,10188138613,False,10896913458,11,baseline,8,101,ood_primary
484183052,82492911687,False,82977094739,11,baseline,3,101,ood_primary
506779467,49433527387,False,49940306854,11,baseline,3,101,ood_primary
3284388774,80964414,False,3365353188,10,baseline,9,101,ood_primary
9742609566,21594397,False,9764203963,10,baseline,1,101,ood_primary
6029513395,63910696,False,6093424091,10,baseline,3,101,ood_primary
6782094944,13363888,False,6795458832,10,baseline,4,101,ood_primary
4357319169,57700093,False,4415019262,10,baseline,8,101,ood_primary
8352723773,31792206,False,8384515979,10,baseline,2,101,ood_primary
7635763356,96260537,False,7732023893,10,baseline,6,101,ood_primary
9358905901,90804154,False,9449710055,10,baseline,5,101,ood_primary
8091804683,79282475,False,8171087158,10,baseline,1,101,ood_primary
7318551064,30662552,False,7349213616,10,baseline,5,101,ood_primary
4482364166,80289066,False,4562653232,10,baseline,6,101,ood_primary
4003191384,16218478,False,4019409862,10,baseline,9,101,ood_primary
9581925347,82049512,False,9663974859,10,baseline,2,101,ood_primary
3874940356,65729624,False,3940669980,10,baseline,4,101,ood_primary
2589958512,98159609,False,2688118121,10,baseline,8,101,ood_primary
4287160589,76230210,False,4363390799,10,baseline,6,101,ood_primary
2592278322,61520266,False,2653798588,10,baseline,2,101,ood_primary
7423704305,14899899,False,7438604204,10,baseline,4,101,ood_primary
8317857998,34026992,False,8351884990,10,baseline,5,101,ood_primary
8492364577,31517892,False,8523882469,10,baseline,6,101,ood_primary
1974765022,37162823,False,2011927845,10,baseline,5,101,ood_primary
6080729177,64113567,False,6144842744,10,baseline,2,101,ood_primary
4085913947,79558712,False,4165472659,10,baseline,3,101,ood_primary
9697249275,34510952,False,9731760227,10,baseline,5,101,ood_primary
7800554137,72655471,False,7873209608,10,baseline,5,101,ood_primary
7571293904,99688703,False,7670982607,10,baseline,9,101,ood_primary
95656898,4069989,False,99726887,8,baseline,1680,101,ood_primary
84292752,8552066,False,92844818,8,baseline,7777,101,ood_primary
55018539,3701631,False,58720170,8,baseline,7869,101,ood_primary
80289666,5723500,False,86013166,8,baseline,9519,101,ood_primary
54621159,5337053,False,59958212,8,baseline,8542,101,ood_primary
71063476,8338567,False,79402043,8,baseline,1022,101,ood_primary
98106965,8887418,False,106994383,8,baseline,6595,101,ood_primary
81786572,3205154,False,84991726,8,baseline,1010,101,ood_primary
49402512,2140695,False,51543207,8,baseline,6651,101,ood_primary
12955415,8106484,False,21061899,8,baseline,7607,101,ood_primary
47520242,3137014,False,50657256,8,baseline,8531,101,ood_primary
60835321,9223514,False,70058835,8,baseline,8768,101,ood_primary
36120780,6787203,False,42907983,8,baseline,5985,101,ood_primary
11598947,9705809,False,21304756,8,baseline,1659,101,ood_primary
16457038,1007950,False,17464988,8,baseline,988,101,ood_primary
33735106,8031427,False,41766533,8,baseline,6861,101,ood_primary
43562030,1079441,False,44641471,8,baseline,179,101,ood_primary
98807199,5856013,False,104663212,8,baseline,197,101,ood_primary
77461981,8274093,False,85736074,8,baseline,188,101,ood_primary
27449060,4646474,False,32095534,8,baseline,1546,101,ood_primary
19119714,6165141,False,25284855,8,baseline,6156,101,ood_primary
17085392,9793138,False,26878530,8,baseline,1372,101,ood_primary
58822260,1373111,False,60195371,8,baseline,8558,101,ood_primary
80676343,1042060,False,81718403,8,baseline,7055,101,ood_primary
32713846,9891647,False,42605493,8,baseline,8159,101,ood_primary
87798597,6582488,False,94381085,8,baseline,3477,101,ood_primary
68869201,7359532,False,76228733,8,baseline,8675,101,ood_primary
48588076,2153782,False,50741858,8,baseline,9097,101,ood_primary
22473366,2734416,False,25207782,8,baseline,7077,101,ood_primary
601343328370,304590148957,False,905933477327,12,baseline,363333636333333,101,ood_primary
329576802979,197448939666,False,527025742645,12,baseline,1515,101,ood_primary
544779955941,445087864255,False,989867820196,12,baseline,943494333322233,101,ood_primary
410685976852,728339850710,False,1139025827562,12,baseline,685525269222222,101,ood_primary
175436036689,581463638233,False,756899674922,12,baseline,655,101,ood_primary
805519199597,391440860705,False,1196960060302,12,baseline,922222222222222,101,ood_primary
252480073583,698422139441,False,950902213024,12,baseline,066,101,ood_primary
362986589492,282579969946,False,645566559438,12,baseline,525281818121215,101,ood_primary
443167026604,686261092259,False,1129428118863,12,baseline,666,101,ood_primary
349204729071,824060951777,False,1173265680848,12,baseline,222222222211212,101,ood_primary
590436928527,231697891712,False,822134820239,12,baseline,215555241222222,101,ood_primary
161300463191,124636367627,False,285936830818,12,baseline,141515151111111,101,ood_primary
771115225662,218829676312,False,989944901974,12,baseline,524242472222222,101,ood_primary
641263217179,971239952934,False,1612503170113,12,baseline,322222222222222,101,ood_primary
118680765741,793399484382,False,912080250123,12,baseline,717171111111111,101,ood_primary
781108122639,415610153691,False,1196718276330,12,baseline,812522252221222,101,ood_primary
961192338203,543834598936,False,1505026937139,12,baseline,252828727222222,101,ood_primary
320163154407,959883668732,False,1280046823139,12,baseline,3222,101,ood_primary
761337041528,324311953485,False,1085648995013,12,baseline,333333333313133,101,ood_primary
548945867560,849783408747,False,1398729276307,12,baseline,8392,101,ood_primary
231255560208,286238265497,False,517493825705,12,baseline,527070777221222,101,ood_primary
538404213618,590579503738,False,1128983717356,12,baseline,5672,101,ood_primary
818129058781,871037287940,False,1689166346721,12,baseline,809,101,ood_primary
505571999823,278168589549,False,783740589372,12,baseline,241541441322223,101,ood_primary
761296541170,653092523337,False,1414389064507,12,baseline,612121212222221,101,ood_primary
685833801496,868771523320,False,1554605324816,12,baseline,291918191222212,101,ood_primary
225835158978,742571377054,False,968406536032,12,baseline,521512121211111,101,ood_primary
585013221670,1679280761,False,586692502431,12,baseline,22222222222222,101,ood_primary
724436678983,5985681899,False,730422360882,12,baseline,612111,101,ood_primary
221707975205,2471873994,False,224179849199,12,baseline,24111545441222,101,ood_primary
463484501507,2734495050,False,466218996557,12,baseline,22626222262222,101,ood_primary
535340745169,5903629551,False,541244374720,12,baseline,51515555551505,101,ood_primary
897675308234,7542318894,False,905217627128,12,baseline,87181818181211,101,ood_primary
346585419726,4493191788,False,351078611514,12,baseline,54848480848015,101,ood_primary
375185588844,2829251295,False,378014840139,12,baseline,56565656956952,101,ood_primary
837747802161,9220262203,False,846968064364,12,baseline,910000,101,ood_primary
691873865513,3148460448,False,695022325961,12,baseline,31313333313333,101,ood_primary
390822577355,7004105832,False,397826683187,12,baseline,22222222222222,101,ood_primary
405481019489,7265740829,False,412746760318,12,baseline,111707,101,ood_primary
497922991248,9833722732,False,507756713980,12,baseline,10000000000000,101,ood_primary
835773960815,3761034229,False,839534995044,12,baseline,35522523832232,101,ood_primary
815052225103,1002494375,False,816054719478,12,baseline,23333222333222,101,ood_primary
358832590954,8815274936,False,367647865890,12,baseline,28162,101,ood_primary
736478890550,4577781452,False,741056672002,12,baseline,82222222222222,101,ood_primary
110478726330,9732206021,False,120210932351,12,baseline,8080,101,ood_primary
365950447779,5747498624,False,371697946403,12,baseline,55555555555450,101,ood_primary
423372451543,1615457798,False,424987909341,12,baseline,25151515251222,101,ood_primary
670300012444,1550591020,False,671850603464,12,baseline,11111111111111,101,ood_primary
973654706952,6464687063,False,980119394015,12,baseline,80600000000011,101,ood_primary
155480603091,5830253673,False,161310856764,12,baseline,51515151511111,101,ood_primary
395259401,7132876206,False,7528135607,10,baseline,3,101,ood_primary
964973770,5818857670,False,6783831440,10,baseline,2,101,ood_primary
628097771,5604030445,False,6232128216,10,baseline,1,101,ood_primary
283074265,9878469359,False,10161543624,10,baseline,2,101,ood_primary
943181410,9218884242,False,10162065652,10,baseline,2,101,ood_primary
442995076,6931929654,False,7374924730,10,baseline,1,101,ood_primary
819219563,3281036167,False,4100255730,10,baseline,9,101,ood_primary
896013119,7646067826,False,8542080945,10,baseline,3,101,ood_primary
998446067,9079510158,False,10077956225,10,baseline,9,101,ood_primary
891332189,7635874300,False,8527206489,10,baseline,2,101,ood_primary
760238288,2219696713,False,2979935001,10,baseline,8,101,ood_primary
369912178,4015734813,False,4385646991,10,baseline,2,101,ood_primary
215481901,2886496268,False,3101978169,10,baseline,8,101,ood_primary
415805168,3727686705,False,4143491873,10,baseline,1,101,ood_primary
490149413,2676072053,False,3166221466,10,baseline,6,101,ood_primary
643387197,8914218961,False,9557606158,10,baseline,7,101,ood_primary
637558320,6548924886,False,7186483206,10,baseline,8,101,ood_primary
134645614,3687872306,False,3822517920,10,baseline,5,101,ood_primary
986666446,1073461417,False,2060127863,10,baseline,3,101,ood_primary
758237828,7007504185,False,7765742013,10,baseline,8,101,ood_primary
234058971,1792555284,False,2026614255,10,baseline,9,101,ood_primary
924109995,7383564518,False,8307674513,10,baseline,4,101,ood_primary
323847169,9910188432,False,10234035601,10,baseline,1,101,ood_primary
104444354,6866286955,False,6970731309,10,baseline,3,101,ood_primary
200329570,1507492421,False,1707821991,10,baseline,9,101,ood_primary
357580884,4170922354,False,4528503238,10,baseline,1,101,ood_primary
184508672,9038277007,False,9222785679,10,baseline,8,101,ood_primary
282043941,9179813420,False,9461857361,10,baseline,9,101,ood_primary
479217898,5024054487,False,5503272385,10,baseline,8,101,ood_primary
131315352,1181387269,False,1312702621,10,baseline,3,101,ood_primary
393864555,6908268162,False,7302132717,10,baseline,5,101,ood_primary
767629139,9701777772,False,10469406911,10,baseline,1,101,ood_primary
634218164,1829381428,False,2463599592,10,baseline,8,101,ood_primary
945344756,3020057032,False,3965401788,10,baseline,4,101,ood_primary
915989205,5545691839,False,6461681044,10,baseline,5,101,ood_primary
553168370,9518125291,False,10071293661,10,baseline,8,101,ood_primary
539290114,1635376395,False,2174666509,10,baseline,5,101,ood_primary
143062608,9532822399,False,9675885007,10,baseline,2,101,ood_primary
118488466,3567436215,False,3685924681,10,baseline,8,101,ood_primary
50601084407,6043084,False,50607127491,11,baseline,7,101,ood_primary
73666843372,8014415,False,73674857787,11,baseline,8,101,ood_primary
58255109350,6956635,False,58262065985,11,baseline,1,101,ood_primary
77661476099,3838134,False,77665314233,11,baseline,7,101,ood_primary
18755780479,1261685,False,18757042164,11,baseline,8,101,ood_primary
83430817300,4585436,False,83435402736,11,baseline,8,101,ood_primary
76493329203,9851955,False,76503181158,11,baseline,8,101,ood_primary
47502826839,5732037,False,47508558876,11,baseline,8,101,ood_primary
28760543062,5646809,False,28766189871,11,baseline,5,101,ood_primary
69343560590,8066630,False,69351627220,11,baseline,5,101,ood_primary
20677120197,6404084,False,20683524281,11,baseline,8,101,ood_primary
88429167408,1146887,False,88430314295,11,baseline,7,101,ood_primary
75703073700,3587903,False,75706661603,11,baseline,1,101,ood_primary
87276485673,8184072,False,87284669745,11,baseline,2,101,ood_primary
30539868958,8941413,False,30548810371,11,baseline,8,101,ood_primary
75942796440,1266926,False,75944063366,11,baseline,1,101,ood_primary
15322807435,2106737,False,15324914172,11,baseline,1,101,ood_primary
97592480965,1279024,False,97593759989,11,baseline,2,101,ood_primary
28118175635,8239509,False,28126415144,11,baseline,1,101,ood_primary
68500175499,3033491,False,68503208990,11,baseline,1,101,ood_primary
31273480674,9011348,False,31282492022,11,baseline,8,101,ood_primary
92763988137,6409717,False,92770397854,11,baseline,1,101,ood_primary
78168760759,2210476,False,78170971235,11,baseline,8,101,ood_primary
36266805711,5409946,False,36272215657,11,baseline,1,101,ood_primary
65504989123,5068003,False,65510057126,11,baseline,1,101,ood_primary
19929344541,5374646,False,19934719187,11,baseline,8,101,ood_primary
24450671282,6239356,False,24456910638,11,baseline,6,101,ood_primary
72440984675,9881335,False,72450866010,11,baseline,9,101,ood_primary
44404839726,5157327,False,44409997053,11,baseline,8,101,ood_primary
36487874432,9466034,False,36497340466,11,baseline,1,101,ood_primary
67220431901,2894784,False,67223326685,11,baseline,3,101,ood_primary
79261144596,9179894,False,79270324490,11,baseline,1,101,ood_primary
43171691047,9313584,False,43181004631,11,baseline,1,101,ood_primary
41403049416,2905423,False,41405954839,11,baseline,9,101,ood_primary
90614037628,7889369,False,90621926997,11,baseline,8,101,ood_primary
4847626715,979437505524,False,984285132239,12,baseline,229222222292222,101,ood_primary
4846545694,720143822850,False,724990368544,12,baseline,565652,101,ood_primary
7788063324,283567596010,False,291355659334,12,baseline,832383838323212,101,ood_primary
5771928972,109962586521,False,115734515493,12,baseline,10000,101,ood_primary
2522643824,742127429846,False,744650073670,12,baseline,477777777771111,101,ood_primary
1281054773,869963579420,False,871244634193,12,baseline,5000,101,ood_primary
5249480398,938149861915,False,943399342313,12,baseline,838383838383131,101,ood_primary
7318939710,609541741619,False,616860681329,12,baseline,192929292222929,101,ood_primary
7081991776,965725670083,False,972807661859,12,baseline,966616555160626,101,ood_primary
5381924381,587516343247,False,592898267628,12,baseline,222222222222222,101,ood_primary
3169298580,626670618287,False,629839916867,12,baseline,984485454403333,101,ood_primary
5876365433,717125065891,False,723001431324,12,baseline,816121211111111,101,ood_primary
1653632070,386497521760,False,388151153830,12,baseline,21111,101,ood_primary
8318388614,834464193488,False,842782582102,12,baseline,812122222221212,101,ood_primary
1260419095,411826994050,False,413087413145,12,baseline,10000,101,ood_primary
9615579745,292902419642,False,302517999387,12,baseline,900000000300091,101,ood_primary
6701929357,695760826995,False,702462756352,12,baseline,100444444440000,101,ood_primary
5380137527,950616977488,False,955997115015,12,baseline,319020,101,ood_primary
5008719501,313823220608,False,318831940109,12,baseline,210241544441111,101,ood_primary
2301062911,853534650694,False,855835713605,12,baseline,576772718181111,101,ood_primary
2110813052,288251666065,False,290362479117,12,baseline,111111111111111,101,ood_primary
9215659204,824365762635,False,833581421839,12,baseline,644447473733222,101,ood_primary
3814422667,767850785553,False,771665208220,12,baseline,288828282922222,101,ood_primary
8030909692,820657407222,False,828688316914,12,baseline,111111222112222,101,ood_primary
2016680002,870510548214,False,872527228216,12,baseline,80000,101,ood_primary
8639307722,139131229748,False,147770537470,12,baseline,913010202120202,101,ood_primary
3439272071,891044952225,False,894484224296,12,baseline,103332,101,ood_primary
6728693821,205964208254,False,212692902075,12,baseline,95952,101,ood_primary
7793004096,739258097553,False,747051101649,12,baseline,943434343430303,101,ood_primary
9648438824,553342616975,False,562991055799,12,baseline,333323888232222,101,ood_primary
6767482376,745422067422,False,752189549798,12,baseline,822222222222222,101,ood_primary
3834465895,720358607786,False,724193073681,12,baseline,65757,101,ood_primary
9841733992,997911600641,False,1007753334633,12,baseline,920000000000022,101,ood_primary
7571499,94842694,False,102414193,8,baseline,1990,101,ood_primary
9856918,27333408,False,37190326,8,baseline,1011,101,ood_primary
4005783,19395580,False,23401363,8,baseline,1938,101,ood_primary
1053742,61590730,False,62644472,8,baseline,9649,101,ood_primary
1573775,75627518,False,77201293,8,baseline,2592,101,ood_primary
9730102,86429843,False,96159945,8,baseline,153,101,ood_primary
3000594,24205924,False,27206518,8,baseline,1814,101,ood_primary
9411134,28062034,False,37473168,8,baseline,876,101,ood_primary
4907879,42325074,False,47232953,8,baseline,1104,101,ood_primary
7499025,38479399,False,45978424,8,baseline,8808,101,ood_primary
3572349,81913246,False,85485595,8,baseline,1157,101,ood_primary
6441996,86420644,False,92862640,8,baseline,8402,101,ood_primary
1757462,92324284,False,94081746,8,baseline,8606,101,ood_primary
1199928,87056208,False,88256136,8,baseline,8554,101,ood_primary
9753128,37551957,False,47305085,8,baseline,187,101,ood_primary
6149235,34735222,False,40884457,8,baseline,8558,101,ood_primary
1474210,78386762,False,79860972,8,baseline,808,101,ood_primary
9321210,82742374,False,92063584,8,baseline,6622,101,ood_primary
59008583783,811944920,False,59820528703,11,baseline,8,101,ood_primary
79417772242,898440430,False,80316212672,11,baseline,9,101,ood_primary
50132205813,710995281,False,50843201094,11,baseline,2,101,ood_primary
41300106739,204672459,False,41504779198,11,baseline,1,101,ood_primary
97222962434,105761127,False,97328723561,11,baseline,1,101,ood_primary
59518889381,796478553,False,60315367934,11,baseline,9,101,ood_primary
76982702647,725093149,False,77707795796,11,baseline,7,101,ood_primary
77320186678,117756004,False,77437942682,11,baseline,1,101,ood_primary
33615895352,785710073,False,34401605425,11,baseline,8,101,ood_primary
37897016999,963675363,False,38860692362,11,baseline,1,101,ood_primary
58733351030,413867054,False,59147218084,11,baseline,5,101,ood_primary
44016962352,279240605,False,44296202957,11,baseline,8,101,ood_primary
85342506098,616979707,False,85959485805,11,baseline,5,101,ood_primary
64926151321,570655051,False,65496806372,11,baseline,5,101,ood_primary
32483268632,166598598,False,32649867230,11,baseline,8,101,ood_primary
98828675864,635760172,False,99464436036,11,baseline,7,101,ood_primary
30180737775,444987156,False,30625724931,11,baseline,7,101,ood_primary
86725981028,555127450,False,87281108478,11,baseline,6,101,ood_primary
44621165453,880615194,False,45501780647,11,baseline,8,101,ood_primary
64202257270,902635787,False,65104893057,11,baseline,5,101,ood_primary
28169048765,901562909,False,29070611674,11,baseline,4,101,ood_primary
91540794092,455949911,False,91996744003,11,baseline,6,101,ood_primary
73915470633,700956893,False,74616427526,11,baseline,4,101,ood_primary
59166872391,196974661,False,59363847052,11,baseline,8,101,ood_primary
1567298,57524640562,False,57526207860,11,baseline,9,101,ood_primary
4253185,70776801617,False,70781054802,11,baseline,8,101,ood_primary
5853678,68813257124,False,68819110802,11,baseline,7,101,ood_primary
8487405,63383091404,False,63391578809,11,baseline,5,101,ood_primary
6633577,41040360118,False,41046993695,11,baseline,7,101,ood_primary
8129180,41307582493,False,41315711673,11,baseline,1,101,ood_primary
2554418,45430300188,False,45432854606,11,baseline,8,101,ood_primary
7197247,29961936093,False,29969133340,11,baseline,5,101,ood_primary
5395602,67365415363,False,67370810965,11,baseline,5,101,ood_primary
2524901,63215603056,False,63218127957,11,baseline,1,101,ood_primary
5141323,83853821823,False,83858963146,11,baseline,3,101,ood_primary
2975004,54857786680,False,54860761684,11,baseline,8,101,ood_primary
3787943,84494044441,False,84497832384,11,baseline,4,101,ood_primary
3356424,10287735009,False,10291091433,11,baseline,2,101,ood_primary
8604683,67510436966,False,67519041649,11,baseline,8,101,ood_primary
2589638,60991725837,False,60994315475,11,baseline,4,101,ood_primary
7359576,44121575337,False,44128934913,11,baseline,8,101,ood_primary
9862334,79773277569,False,79783139903,11,baseline,7,101,ood_primary
7266389,58731389988,False,58738656377,11,baseline,8,101,ood_primary
5751524,59976798829,False,59982550353,11,baseline,2,101,ood_primary
4720093,92585107597,False,92589827690,11,baseline,4,101,ood_primary
76343504810,85200220522,False,161543725332,11,baseline,585858,101,ood_primary
21941890991,20636004508,False,42577895499,11,baseline,90202,101,ood_primary
86324566564,10062775185,False,96387341749,11,baseline,57606,101,ood_primary
37402212437,44310156510,False,81712368947,11,baseline,25555552555222,101,ood_primary
87626754308,20818217390,False,108444971698,11,baseline,12252,101,ood_primary
50423422478,93023655407,False,143447077885,11,baseline,322222,101,ood_primary
42159837101,59086760285,False,101246597386,11,baseline,951858,101,ood_primary
15292045415,97266477471,False,112558522886,11,baseline,44444,101,ood_primary
50878104013,86450842814,False,137328946827,11,baseline,81818,101,ood_primary
58617834864,32263862628,False,90881697492,11,baseline,25353532551313,101,ood_primary
93789482657,54732843790,False,148522326447,11,baseline,52522299999090,101,ood_primary
99259635982,35356577409,False,134616213391,11,baseline,68383888888222,101,ood_primary
12089437065,23106486243,False,35195923308,11,baseline,35555555555222,101,ood_primary
44662429722,18720327820,False,63382757542,11,baseline,81222222232121,101,ood_primary
70140707248,56664670185,False,126805377433,11,baseline,15555555555121,101,ood_primary
81868870958,39903693197,False,121772564155,11,baseline,910918,101,ood_primary
6203711576,928551325,False,7132262901,10,baseline,1,101,ood_primary
8098899557,128595036,False,8227494593,10,baseline,9,101,ood_primary
8568015677,190520527,False,8758536204,10,baseline,5,101,ood_primary
4718092691,817400565,False,5535493256,10,baseline,8,101,ood_primary
5464610156,962797450,False,6427407606,10,baseline,1,101,ood_primary
2411956841,201527161,False,2613484002,10,baseline,5,101,ood_primary
5515103064,653448675,False,6168551739,10,baseline,3,101,ood_primary
5465144846,579733202,False,6044878048,10,baseline,4,101,ood_primary
5823660948,553332540,False,6376993488,10,baseline,6,101,ood_primary
1390076586,166432524,False,1556509110,10,baseline,6,101,ood_primary
5727576365,445900262,False,6173476627,10,baseline,7,101,ood_primary
6914161478,740769759,False,7654931237,10,baseline,1,101,ood_primary
8167283040,737699410,False,8904982450,10,baseline,8,101,ood_primary
7143054420,406683706,False,7549738126,10,baseline,5,101,ood_primary
5981470351,358219544,False,6339689895,10,baseline,7,101,ood_primary
9658078704,380242781,False,10038321485,10,baseline,8,101,ood_primary
1552968446,820146368,False,2373114814,10,baseline,8,101,ood_primary
6446145218,316680339,False,6762825557,10,baseline,5,101,ood_primary
1153958451,298312134,False,1452270585,10,baseline,8,101,ood_primary
8358163181,389026313,False,8747189494,10,baseline,8,101,ood_primary
1142578688,328534350,False,1471113038,10,baseline,8,101,ood_primary
6150706802,568667718,False,6719374520,10,baseline,8,101,ood_primary
8456965461,900626381,False,9357591842,10,baseline,5,101,ood_primary
1808341050,454400582,False,2262741632,10,baseline,1,101,ood_primary
7928963023,238752790,False,8167715813,10,baseline,3,101,ood_primary
2933086658,668328418,False,3601415076,10,baseline,8,101,ood_primary
8247024773,487160337,False,8734185110,10,baseline,2,101,ood_primary
8023374922,790080621,False,8813455543,10,baseline,1,101,ood_primary
24152368708,6375276889,False,30527645597,11,baseline,89999999999090,101,ood_primary
57730598906,3937699942,False,61668298848,11,baseline,9,101,ood_primary
79293727946,1575048942,False,80868776888,11,baseline,2,101,ood_primary
68217695568,5924114490,False,74141810058,11,baseline,10004445444400,101,ood_primary
91653967127,2117276174,False,93771243301,11,baseline,141114,101,ood_primary
16627848160,4971883565,False,21599731725,11,baseline,84424848423322,101,ood_primary
58175892695,8199295366,False,66375188061,11,baseline,1009009,101,ood_primary
36652444143,9926035075,False,46578479218,11,baseline,4,101,ood_primary
71829894568,3383139663,False,75213034231,11,baseline,42222222322223,101,ood_primary
30003352613,6183246036,False,36186598649,11,baseline,585988,101,ood_primary
57605483268,7957560858,False,65563044126,11,baseline,9,101,ood_primary
51405768199,9858844598,False,61264612797,11,baseline,8,101,ood_primary
14852918548,2191253098,False,17044171646,11,baseline,13333303033301,101,ood_primary
96301270229,9318368532,False,105619638761,11,baseline,12222222222212,101,ood_primary
13800327388,4801604563,False,18601931951,11,baseline,2,101,ood_primary
15935599424,4751493084,False,20687092508,11,baseline,8,101,ood_primary
61103160510,4741107641,False,65844268151,11,baseline,8,101,ood_primary
62074657823,2981059950,False,65055717773,11,baseline,5,101,ood_primary
69591167457,6257889906,False,75849057363,11,baseline,82222228282222,101,ood_primary
64965271111,5025595681,False,69990866792,11,baseline,2,101,ood_primary
86270241350,2783802240,False,89054043590,11,baseline,2,101,ood_primary
17272477663,6844863570,False,24117341233,11,baseline,8,101,ood_primary
91468064494,1836371339,False,93304435833,11,baseline,81111111111111,101,ood_primary
57302426431,5937709487,False,63240135918,11,baseline,5,101,ood_primary
39110699254,8833519538,False,47944218792,11,baseline,97090000900090,101,ood_primary
61536319404,4874574451,False,66410893855,11,baseline,2,101,ood_primary
16702236565,3096774807,False,19799011372,11,baseline,2,101,ood_primary
44067966363,4675583826,False,48743550189,11,baseline,6,101,ood_primary
76063893290,4167972647,False,80231865937,11,baseline,1,101,ood_primary
36279287700,5323057001,False,41602344701,11,baseline,8,101,ood_primary
63242291268,1997721659,False,65240012927,11,baseline,100000,101,ood_primary
24193675063,2113797061,False,26307472124,11,baseline,1,101,ood_primary
19970502,7263101805,False,7283072307,10,baseline,5,101,ood_primary
43986768,6578011946,False,6621998714,10,baseline,7,101,ood_primary
66713629,4964961615,False,5031675244,10,baseline,9,101,ood_primary
86159048,5289927941,False,5376086989,10,baseline,9,101,ood_primary
77254060,9117006225,False,9194260285,10,baseline,6,101,ood_primary
86379594,3856127782,False,3942507376,10,baseline,6,101,ood_primary
49066553,3208357050,False,3257423603,10,baseline,5,101,ood_primary
89302162,7110819376,False,7200121538,10,baseline,1,101,ood_primary
33127878,9311639697,False,9344767575,10,baseline,8,101,ood_primary
78729668,3360960313,False,3439689981,10,baseline,1,101,ood_primary
55602611,5872442634,False,5928045245,10,baseline,1,101,ood_primary
78573619,4621761571,False,4700335190,10,baseline,8,101,ood_primary
77878538,5763780912,False,5841659450,10,baseline,8,101,ood_primary
37637870,6507262084,False,6544899954,10,baseline,8,101,ood_primary
69688023,7771159067,False,7840847090,10,baseline,1,101,ood_primary
86822106,3215560156,False,3302382262,10,baseline,5,101,ood_primary
7982543,497796417962,False,497804400505,12,baseline,4,101,ood_primary
1795182,800778210938,False,800780006120,12,baseline,8,101,ood_primary
5210328,218045246898,False,218050457226,12,baseline,8,101,ood_primary
7115703,449370119788,False,449377235491,12,baseline,3,101,ood_primary
4796326,406096557716,False,406101354042,12,baseline,8,101,ood_primary
7485479,427051740890,False,427059226369,12,baseline,9,101,ood_primary
9868499,678140589457,False,678150457956,12,baseline,9,101,ood_primary
3202864,286825885756,False,286829088620,12,baseline,5,101,ood_primary
6097241,765941482538,False,765947579779,12,baseline,4,101,ood_primary
4876095,388180201483,False,388185077578,12,baseline,5,101,ood_primary
4605432,211737448687,False,211742054119,12,baseline,3,101,ood_primary
8149885,923672566115,False,923680716000,12,baseline,5,101,ood_primary
5168857,154938939688,False,154944108545,12,baseline,6,101,ood_primary
8437572,635053971573,False,635062409145,12,baseline,2,101,ood_primary
8399145,415139149212,False,415147548357,12,baseline,6,101,ood_primary
6665232,500190507980,False,500197173212,12,baseline,3,101,ood_primary
4656911,892115326582,False,892119983493,12,baseline,1,101,ood_primary
4368359,328306878489,False,328311246848,12,baseline,5,101,ood_primary
6953256,241883152589,False,241890105845,12,baseline,5,101,ood_primary
3458175,335424161287,False,335427619462,12,baseline,5,101,ood_primary
6431290,994703637272,False,994710068562,12,baseline,9,101,ood_primary
8854709,363706066842,False,363714921551,12,baseline,9,101,ood_primary
7318860211860,9653758230011701,False,9661077090223561,16,baseline,100000000000000000,101,ood_long
9511989831594,7451643792137243,False,7461155781968837,16,baseline,233330322222392233,101,ood_long
7365234156506,9657248694505732,False,9664613928662238,16,baseline,338333333333333833,101,ood_long
6327619828282,4703150476685874,False,4709478096514156,16,baseline,133332222333222333,101,ood_long
9395580895718,8095994669325015,False,8105390250220733,16,baseline,812212181212122912,101,ood_long
7543580696804,5370846246881775,False,5378389827578579,16,baseline,821221181212121281,101,ood_long
5290556782488,3585271589783000,False,3590562146565488,16,baseline,522222222222222222,101,ood_long
4519160936300,7847717925489467,False,7852237086425767,16,baseline,100000000000000000,101,ood_long
1146475366276,1581667542379533,False,1582814017745809,16,baseline,111111111111101011,101,ood_long
6701836087792,3714401576531366,False,3721103412619158,16,baseline,355222222222222522,101,ood_long
3660941044385,8715008503511948,False,8718669444556333,16,baseline,351842428121342822,101,ood_long
4211397283808,4105578248695559,False,4109789645979367,16,baseline,933309191222922223,101,ood_long
42057105021025739487,55270546820397,False,42057160291572559884,20,baseline,1111111111211111151111,101,ood_long
34264068238238150760,84590181465125,False,34264152828419615885,20,baseline,1211111131311111101111,101,ood_long
86273087831289129194,12382951030446,False,86273100214240159640,20,baseline,3121212121212111121111,101,ood_long
10264468235456460362,56221787963777,False,10264524457244424139,20,baseline,4151111019011111010111,101,ood_long
55243765436911172468,70252018499976,False,55243835688929672444,20,baseline,2121111208081111081111,101,ood_long
59670071240283851963,94987828970718,False,59670166228112822681,20,baseline,1111111111111111111111,101,ood_long
83725406304507739642,80661292510279,False,83725486965800249921,20,baseline,1111111414011110101111,101,ood_long
10625255203051679775,87238276595327,False,10625342441328275102,20,baseline,2222222222222222222222,101,ood_long
73275816660173803559,86990325015371,False,73275903650498818930,20,baseline,2111111111811111111111,101,ood_long
42303060933428930097,42087657439571,False,42303103021086369668,20,baseline,3222212132212121215121,101,ood_long
68540866125967504446,98440708053621,False,68540964566675558067,20,baseline,2282222282222222322222,101,ood_long
13092481548072092078,95101778843791,False,13092576649850935869,20,baseline,2111111111111111111111,101,ood_long
51219218654431815147,81648181789622,False,51219300302613604769,20,baseline,2222222222222222251222,101,ood_long
45471646398267269923,59062103234560,False,45471705460370504483,20,baseline,2121110100011110101111,101,ood_long
66128217159327185844,47295012594968,False,66128264454339780812,20,baseline,2222222222222222222222,101,ood_long
33538133366355407538,98707599217425,False,33538232073954624963,20,baseline,1211111181811111711111,101,ood_long
57903788868826034227,25221773817247,False,57903814090599851474,20,baseline,2222222222222222222222,101,ood_long
54953482206646732259,22195725390928,False,54953504402372123187,20,baseline,3181818108081111111111,101,ood_long
76804046789414199570,63857996467355,False,76804110647410666925,20,baseline,1411111414141111414111,101,ood_long
11999335855599539077,72033200407314,False,11999407888799946391,20,baseline,3232323322223333222333,101,ood_long
38501262665170,75770833405927756592,False,75770871907190421762,20,baseline,2222121222221212181212,101,ood_long
97157466986615,54414355718450552023,False,54414452875917538638,20,baseline,2115151115711111671111,101,ood_long
20452769177688,58450303944008065922,False,58450324396777243610,20,baseline,2222222228922222222222,101,ood_long
17057894948507,48235421508307181737,False,48235438566202130244,20,baseline,8181818181218181812118,101,ood_long
84249982024546,47116602738162301927,False,47116686988144326473,20,baseline,9529529999999999999609,101,ood_long
52115148212777,63395402270148834962,False,63395454385297047739,20,baseline,1111111111111111111111,101,ood_long
28260708275566,38935746887026461824,False,38935775147734737390,20,baseline,1111111101111111011111,101,ood_long
62023638321828,80104448580429022775,False,80104510604067344603,20,baseline,3222222828821212151212,101,ood_long
78543974249473,14883349162727737541,False,14883427706701987014,20,baseline,2222223238323232323222,101,ood_long
63549662436979,73871716662811918786,False,73871780212474355765,20,baseline,9922220900909190002109,101,ood_long
63942123814895,16419205643400804180,False,16419269585524619075,20,baseline,2222232222332222233222,101,ood_long
35432160908869,49777888804609570241,False,49777924236770479110,20,baseline,2212111212021111011111,101,ood_long
79649872056575,23509296741717497600,False,23509376391589554175,20,baseline,9222222289222222222222,101,ood_long
52603217780758,79311130324815725364,False,79311182928033506122,20,baseline,2222222222222222222222,101,ood_long
16436630802510,94563548484394474800,False,94563564921025277310,20,baseline,1111111160711111051111,101,ood_long
95632743448808,21957385195826989639,False,21957480828570438447,20,baseline,2212121212121211112111,101,ood_long
18081022367338,20229773642846728694,False,20229791723869096032,20,baseline,1312222323221313151212,101,ood_long
67211193139213,93796592338344609128,False,93796659549537748341,20,baseline,1212232222332122233212,101,ood_long
18543240234696,10480026238814534031,False,10480044782054768727,20,baseline,2222222222222222282222,101,ood_long
46339672963528,34228596077326530850,False,34228642416999494378,20,baseline,2322222222812222222222,101,ood_long
16023225082003,28841033557754911099,False,28841049580979993102,20,baseline,2222222222222222222222,101,ood_long
99862575328001743208,8985319900094,False,99862584313321643302,20,baseline,2121111112011111111111,101,ood_long
41768023637705543097,5842121921610,False,41768029479827464707,20,baseline,1111111110101111111111,101,ood_long
84915450206699591050,6399929330706,False,84915456606628921756,20,baseline,4942555555555542455554,101,ood_long
13176021090692831148,9269799988899,False,13176030360492820047,20,baseline,1919122229222212222222,101,ood_long
20073198813127901035,2178328275756,False,20073200991456176791,20,baseline,2222233222233322223322,101,ood_long
79167424417272130901,9354158627273,False,79167433771430758174,20,baseline,2111212117112111111111,101,ood_long
17836676125609764409,1482225650898,False,17836677607835415307,20,baseline,6020211020202010101011,101,ood_long
33001755213596840643,6949924551302,False,33001762163521391945,20,baseline,2222252522252222225222,101,ood_long
99118435739797734056,3649172176334,False,99118439388969910390,20,baseline,2222222222223222323222,101,ood_long
71599940466558035232,5855431083698,False,71599946321989118930,20,baseline,2353529235595333329423,101,ood_long
76910725967120536920,9295909577046,False,76910735263030113966,20,baseline,1212122212222211122221,101,ood_long
32811245114686660397,6383523090379,False,32811251498209750776,20,baseline,2222222222222222222222,101,ood_long
72993991568602993487,4730425019106,False,72993996299028012593,20,baseline,2222222222222222222222,101,ood_long
46514672840098138734,2387292074740,False,46514675227390213474,20,baseline,2021212202221212021212,101,ood_long
67573441904395621715,9765498093684,False,67573451669893715399,20,baseline,3424252434243434348444,101,ood_long
47322210425596007002,6754262739811,False,47322217179858746813,20,baseline,2222222222222222222222,101,ood_long
37664759759689839578,7065535262017,False,37664766825225101595,20,baseline,2222222222222222222222,101,ood_long
69800976685497188195,2987668503347,False,69800979673165691542,20,baseline,2000322300322332221222,101,ood_long
89768832642176135748,1544981439893,False,89768834187157575641,20,baseline,2181811818181111111111,101,ood_long
66732290384436464107,5386727653870,False,66732295771164117977,20,baseline,2222252222222222228222,101,ood_long
76146310135362482597,2879072501249,False,76146313014434983846,20,baseline,3333313133337333374313,101,ood_long
78955800718598664,45868405435432,False,79001669124034096,17,baseline,8328282222823232828,101,ood_long
52244150535949467,57600031044754,False,52301750566994221,17,baseline,5555255555555555252,101,ood_long
17696219094897602,84045092481758,False,17780264187379360,17,baseline,2322222222222232222,101,ood_long
60046141991913948,99039550819619,False,60145181542733567,17,baseline,1511111511101511111,101,ood_long
53189948642974287,63661696001618,False,53253610338975905,17,baseline,2192922222999223929,101,ood_long
35095716967443006,86184600588864,False,35181901568031870,17,baseline,2111111111111111111,101,ood_long
95009027651283765,28809378075657,False,95037837029359422,17,baseline,3222222222222222222,101,ood_long
15900880708445187,48351984607239,False,15949232693052426,17,baseline,8222222222222222222,101,ood_long
20627758591314763,74580335733125,False,20702338927047888,17,baseline,2211111111111111111,101,ood_long
71289114420804886,75111096308117,False,71364225517113003,17,baseline,1111211111121111111,101,ood_long
55075167822416665,42370235889052,False,55117538058305717,17,baseline,1712111111115111111,101,ood_long
75546099937066457,90618736384914,False,75636718673451371,17,baseline,0220202122002021010,101,ood_long
76940938795194645,43183614736642,False,76984122409931287,17,baseline,3332222223303223333,101,ood_long
13599381842016551,58878102323789,False,13658259944340340,17,baseline,3131212111312313111,101,ood_long
79143847212277161,82107617816069,False,79225954830093230,17,baseline,2121211212121111111,101,ood_long
59438953992047260,93285775180601,False,59532239767227861,17,baseline,2212122222222424222,101,ood_long
2954535302736697,26273106930217,False,2980808409666914,16,baseline,389093368080939833,101,ood_long
7402918022081246,75356995292015,False,7478275017373261,16,baseline,222222222222032222,101,ood_long
5203383349371078,83769893463270,False,5287153242834348,16,baseline,321211111111311111,101,ood_long
9038578460102686,43586502193254,False,9082164962295940,16,baseline,222222212121522121,101,ood_long
2614237736725024,36784389362136,False,2651022126087160,16,baseline,382222222222222222,101,ood_long
7945587636303139,63298532198447,False,8008886168501586,16,baseline,222222221232323131,101,ood_long
4235012065834695,49411297172656,False,4284423363007351,16,baseline,122111111111014111,101,ood_long
9338388511639796,45080853878070,False,9383469365517866,16,baseline,222222222222222232,101,ood_long
4232310201272050,50361377103014,False,4282671578375064,16,baseline,121112111111212111,101,ood_long
9294208458510185,33094366110281,False,9327302824620466,16,baseline,211111111111111111,101,ood_long
2955051587429193,35408051760017,False,2990459639189210,16,baseline,522052522225256022,101,ood_long
1372594842978466244,28270307184854,False,1372623113285651098,19,baseline,232222223922233322222,101,ood_long
7616131392290772514,28333848619874,False,7616159726139392388,19,baseline,332331333333333333232,101,ood_long
3037418132598512825,43871918431530,False,3037462004516944355,19,baseline,121212221222211122221,101,ood_long
1460578106103845901,71257364328076,False,1460649363468173977,19,baseline,211111111131111111111,101,ood_long
1539451589543799277,13746907334411,False,1539465336451133688,19,baseline,511111111010111111511,101,ood_long
3585824561256710958,81864126089920,False,3585906425382800878,19,baseline,222221212222221212121,101,ood_long
7803183637876769233,51420174955951,False,7803235058051725184,19,baseline,221818181818111113011,101,ood_long
6594940547295421277,43823980911381,False,6594984371276332658,19,baseline,342451519494541340541,101,ood_long
8202510181652288974,44865406501509,False,8202555047058790483,19,baseline,121212121522111111511,101,ood_long
5179365391218148219,81283725730740,False,5179446674943878959,19,baseline,312112211312111111211,101,ood_long
2780101915800905735,81436930816578,False,2780183352731722313,19,baseline,100011100000101001101,101,ood_long
296102065210323254,7298205973578634,False,303400271183901888,18,baseline,22222222222222222322,101,ood_long
208888542259330946,7167019583885000,False,216055561843215946,18,baseline,82328138328383838883,101,ood_long
101517842835004275,2889885897849649,False,104407728732853924,18,baseline,11111111111111111111,101,ood_long
192093965227112180,8898519827313980,False,200992485054426160,18,baseline,22222222222122222222,101,ood_long
370216483969106399,8822417739278295,False,379038901708384694,18,baseline,21111111007111111511,101,ood_long
884711022716939452,7067769630727840,False,891778792347667292,18,baseline,12121212222121121212,101,ood_long
844282605473538981,3054715275959260,False,847337320749498241,18,baseline,22222222222222222222,101,ood_long
522547989383715070,2203992112204182,False,524751981495919252,18,baseline,21212222217112122121,101,ood_long
589520010288916901,6424427541519114,False,595944437830436015,18,baseline,21211111201111111111,101,ood_long
853605868969162380,2120953029830758,False,855726821998993138,18,baseline,52222222222222122222,101,ood_long
189427748881890539,1744938012497176,False,191172686894387715,18,baseline,22212121212121211111,101,ood_long
134511720590981331,7295579532770451,False,141807300123751782,18,baseline,21212121212121111111,101,ood_long
571254888457139461,1149364593505386,False,572404253050644847,18,baseline,22222221212121112111,101,ood_long
74811436592000238,6670460758607878,False,81481897350608116,17,baseline,4004030100033014033,101,ood_long
41424762256448169,2735959872936016,False,44160722129384185,17,baseline,2111111111111111110,101,ood_long
12525670908433961,3832465809881822,False,16358136718315783,17,baseline,6030303030900303000,101,ood_long
59495600519087786,4126422807966347,False,63622023327054133,17,baseline,1111111111111111101,101,ood_long
27122076711737610,6046881952702758,False,33168958664440368,17,baseline,2121111131201311171,101,ood_long
55191912364735675,2905570464657326,False,58097482829393001,17,baseline,9222222222222232222,101,ood_long
21074426933614491,1374306615811849,False,22448733549426340,17,baseline,2111222111151111152,101,ood_long
20328313164844535,8203667682275930,False,28531980847120465,17,baseline,3222222122322111111,101,ood_long
85389951957031834,7256864149577100,False,92646816106608934,17,baseline,2222222222222232225,101,ood_long
73745505668080448,5778227116357061,False,79523732784437509,17,baseline,5111111115151111111,101,ood_long
17187281748198975,8586695781145630,False,25773977529344605,17,baseline,2222222222233322222,101,ood_long
69085682565420388,1912762218702558,False,70998444784122946,17,baseline,2222222222222212222,101,ood_long
66676872704965393,3880409008955066,False,70557281713920459,17,baseline,2222222228222222222,101,ood_long
82736977807139274,9771746567515954,False,92508724374655228,17,baseline,9222222222222333222,101,ood_long
31972553586355506,2372335823406507,False,34344889409762013,17,baseline,5151515151591111151,101,ood_long
32254954952390696,3642288256149909,False,35897243208540605,17,baseline,9292223092222339222,101,ood_long
28737823516051196,2058068078150896,False,30795891594202092,17,baseline,8181222181222118122,101,ood_long
14914140307271147,5135663268823544,False,20049803576094691,17,baseline,1111111111111111111,101,ood_long
69988300927928611,2489570117241732,False,72477871045170343,17,baseline,3222222222222222222,101,ood_long
78512316749614629,8251537783257855,False,86763854532872484,17,baseline,3222222222342323222,101,ood_long
342831229222133454,970249700685388,False,343801478922818842,18,baseline,21212222222222212222,101,ood_long
570289885356793441,665559677055952,False,570955445033849393,18,baseline,90000329900091999100,101,ood_long
700661635956776123,240978403407052,False,700902614360183175,18,baseline,21111111101011111001,101,ood_long
979621432605408312,510525840152914,False,980131958445561226,18,baseline,21215151512515111415,101,ood_long
133485132207365635,340943131146207,False,133826075338511842,18,baseline,51111111111111111111,101,ood_long
190812348016056403,165494721881305,False,190977842737937708,18,baseline,22222222222222222232,101,ood_long
772797035619404406,371238324392353,False,773168273943796759,18,baseline,31211111202411311014,101,ood_long
413401141632861588,633213043382136,False,414034354676243724,18,baseline,11111111111211111121,101,ood_long
602109073821458051,258870812861121,False,602367944634319172,18,baseline,92222223222223323251,101,ood_long
899507597244580537,338411680414256,False,899846008924994793,18,baseline,21112222114121111221,101,ood_long
454033746599209464,379702249901045,False,454413448849110509,18,baseline,33232323332223333703,101,ood_long
721630951118553849,333266278766981,False,721964217397320830,18,baseline,31212235225232121233,101,ood_long
915004647819127291,974351773028476,False,915978999592155767,18,baseline,21212121212512111502,101,ood_long
266720058746828616,750578055144270,False,267470636801972886,18,baseline,11111111111111111111,101,ood_long
634380307891449395,687921992231010,False,635068229883680405,18,baseline,11111111111411111414,101,ood_long
740916433147120745,757623392161293,False,741674056539282038,18,baseline,21111111110711111111,101,ood_long
929074770013748280,158125158339150,False,929232895172087430,18,baseline,41111111111111111111,101,ood_long
776059018356689326,687824007129064,False,776746842363818390,18,baseline,95959519595225999211,101,ood_long
905619656896041539,781091421795555,False,906400748317837094,18,baseline,21212122222222222222,101,ood_long
216089523821465041,350973588804384,False,216440497410269425,18,baseline,22222222222223222252,101,ood_long
883534741256857790,636770811178109,False,884171512068035899,18,baseline,32222222222222212121,101,ood_long
370711710978973300,293663039526967,False,371005374018500267,18,baseline,22222222222222222222,101,ood_long
778870900430109699,962343073586703,False,779833243503696402,18,baseline,00001111000101010111,101,ood_long
463163544931477621,990253427605076,False,464153798359082697,18,baseline,31313171313713131717,101,ood_long
94743531742126168111,361997019589159,False,94743893739145757270,20,baseline,2222221252221215422121,101,ood_long
47550656003386161506,167772034821070,False,47550823775420982576,20,baseline,1212112228111111211111,101,ood_long
32121095622408764841,741337823593481,False,32121836960232358322,20,baseline,1112211114111122212121,101,ood_long
78405296465263324605,525737917046453,False,78405822203180371058,20,baseline,2222222222222222522222,101,ood_long
55754978076896406494,924707937210124,False,55755902784833616618,20,baseline,90030000003030922222,101,ood_long
60656959066795925676,971991455303587,False,60657931058251229263,20,baseline,9923030993030939953030,101,ood_long
37550893225551500004,501254278550963,False,37551394479830050967,20,baseline,1515153530322224142222,101,ood_long
28432974054986030635,964927304031715,False,28433938982290062350,20,baseline,2033330303233332122333,101,ood_long
73459409874313403666,398634539843532,False,73459808508853247198,20,baseline,2214131244131314141414,101,ood_long
81665335755678179898,473059304163325,False,81665808814982343223,20,baseline,2323133333733333733333,101,ood_long
12345368634813920906,564996910076628,False,12345933631723997534,20,baseline,3231313234313131413131,101,ood_long
48805228754244673751,717789430600054,False,48805946543675273805,20,baseline,2222222226222222622222,101,ood_long
29560875398624332220,176763685758188,False,29561052162310090408,20,baseline,2222222222222222222222,101,ood_long
14485900241377623605,212546293230489,False,14486112787670854094,20,baseline,9222222222222227122222,101,ood_long
81714093538541707928,545517965597679,False,81714639056507305607,20,baseline,1515254555514141555151,101,ood_long
79276165597553258991,378218332709275,False,79276543815885968266,20,baseline,1222222222121121511111,101,ood_long
24197854174168560354,238415386154817,False,24198092589554715171,20,baseline,8181222822221812221212,101,ood_long
62382972725905630190,606731374969277,False,62383579457280599467,20,baseline,2112222922222221222222,101,ood_long
91913841849633664409,214077455847561,False,91914055927089511970,20,baseline,3131313138313131713111,101,ood_long
37526799354330010678,609455205815300,False,37527408809535825978,20,baseline,1322223332333323223232,101,ood_long
37103091963174242374,640965613003556,False,37103732928787245930,20,baseline,3112213131111111111111,101,ood_long
8184644746361,13236363281077855166,False,13236371465722601527,20,baseline,4111151110151111115111,101,ood_long
4645095290852,60016049098214942737,False,60016053743310233589,20,baseline,9222242444114433347424,101,ood_long
3601802802215,91354781851108319743,False,91354785452911121958,20,baseline,1111111111151111115111,101,ood_long
6044929579541,44149081559694157581,False,44149087604623737122,20,baseline,2222233222233222233322,101,ood_long
2691317985258,30948479589778133845,False,30948482281096119103,20,baseline,2222222222222222222222,101,ood_long
8236553174920,66338971830423907695,False,66338980066977082615,20,baseline,5151531515252151535415,101,ood_long
5656284391740,67722030049352994670,False,67722035705637386410,20,baseline,2121121112121111111111,101,ood_long
4075070087706,86342850625602055480,False,86342854700672143186,20,baseline,701010100007010000000,101,ood_long
2530075056895,58693923020282105223,False,58693925550357162118,20,baseline,2121212121291211120111,101,ood_long
7789055931455,32282398919853365986,False,32282406708909297441,20,baseline,5555565555506051595051,101,ood_long
1339997215700,91494062921960130422,False,91494064261957346122,20,baseline,9190911909090909090109,101,ood_long
8027478573794,42982240430693976953,False,42982248458172550747,20,baseline,2218122221812221722221,101,ood_long
2015876437834,17821487960788698118,False,17821489976665135952,20,baseline,7121111111171111100111,101,ood_long
6220663753747,26852958513253887801,False,26852964733917641548,20,baseline,3000080800000710007010,101,ood_long
4497426278903,50322694278710672531,False,50322698776136951434,20,baseline,2222228222252222258222,101,ood_long
488665268493023,833720566785061606,False,834209232053554629,18,baseline,51152221516521111221,101,ood_long
514523265165288,244144144807177395,False,244658668072342683,18,baseline,32222222222222222252,101,ood_long
278230293045122,130406192044538827,False,130684422337583949,18,baseline,12121221215121111151,101,ood_long
898084097438197,416130249393186865,False,417028333490625062,18,baseline,41112121212121111111,101,ood_long
431043134796979,702821319620240271,False,703252362755037250,18,baseline,32222222222222322222,101,ood_long
560350380132244,294916853311345179,False,295477203691477423,18,baseline,02222222222222222252,101,ood_long
277885107855809,112294231792678841,False,112572116900534650,18,baseline,51812121222222181212,101,ood_long
779773748449358,729973009706621622,False,730752783455070980,18,baseline,33333333333733333773,101,ood_long
166376141293949,940814335655477911,False,940980711796771860,18,baseline,19191212292222121212,101,ood_long
110824931329420,879381066515288939,False,879491891446618359,18,baseline,42423333423333333333,101,ood_long
819874366696992,974076396784982097,False,974896271151679089,18,baseline,34242333323333333333,101,ood_long
431639422773082,711945930632305417,False,712377570055078499,18,baseline,92222222222223222242,101,ood_long
801023774384413,141596454895571736,False,142397478669956149,18,baseline,32232313337737333773,101,ood_long
515636044584431,383532021102646913,False,384047657147231344,18,baseline,31311110130001110040,101,ood_long
482774373382118,921495124752882316,False,921977899126264434,18,baseline,21111211111521111441,101,ood_long
635930885444267,933125761801397715,False,933761692686841982,18,baseline,31312222132411313111,101,ood_long
3392217109599627381,693350677934963115,False,4085567787534590496,19,baseline,222222222212222222122,101,ood_long
9360181393919583821,440494201282019496,False,9800675595201603317,19,baseline,822229233322222222222,101,ood_long
4621810817031658730,130679792373342600,False,4752490609405001330,19,baseline,111111141111111111111,101,ood_long
3858700104901116493,381029753254711515,False,4239729858155828008,19,baseline,111101011111011111111,101,ood_long
6060795468746733861,710489723017444493,False,6771285191764178354,19,baseline,923232222323232222222,101,ood_long
6185927321445697536,565945253449663274,False,6751872574895360810,19,baseline,222223267222272222222,101,ood_long
6062236042743079943,300855442908142563,False,6363091485651222506,19,baseline,233333373333337333333,101,ood_long
4445404335406281796,996774837363535154,False,5442179172769816950,19,baseline,111100001110000010100,101,ood_long
4950327927088223248,263036238293274775,False,5213364165381498023,19,baseline,222222203222222222222,101,ood_long
2671513165685152362,657609870624329509,False,3329123036309481871,19,baseline,121115151111118111111,101,ood_long
2314278055160212692,461935682252442621,False,2776213737412655313,19,baseline,211121201111111111111,101,ood_long
8895367899210142418,712307596419794433,False,9607675495629936851,19,baseline,311131301313131111111,101,ood_long
2270259597174874346,162477357005688333,False,2432736954180562679,19,baseline,223222222222232222223,101,ood_long
556316141716679,54233592343472015910,False,54234148659613732589,20,baseline,1611101000711010710111,101,ood_long
441607577241627,59836524959860175774,False,59836966567437417401,20,baseline,1111111071111111511111,101,ood_long
759972960385809,96299123356660406211,False,96299883329620792020,20,baseline,2223322223332223332222,101,ood_long
886976124017737,44485227872153447642,False,44486114848277465379,20,baseline,1711131700111101111111,101,ood_long
179711205720184,59466573200776806238,False,59466752911982526422,20,baseline,1122211112211112221111,101,ood_long
633778897266414,57922165945554279912,False,57922799724451546326,20,baseline,2222222822222222222222,101,ood_long
893084472666936,14727026168029756277,False,14727919252502423213,20,baseline,2424242424242424842424,101,ood_long
294274183188821,70290128166900122438,False,70290422441083311259,20,baseline,1222222222221212221212,101,ood_long
884098574095650,22070354975487544547,False,22071239074061640197,20,baseline,9222222522222222222221,101,ood_long
938370661815637,33431382978276974232,False,33432321348938789869,20,baseline,1111110200111101011111,101,ood_long
996714163507745,96744277525404630292,False,96745274239568138037,20,baseline,1111111111111111111111,101,ood_long
173861728175185,38000396411225007688,False,38000570272953182873,20,baseline,1111111115111111111111,101,ood_long
688392188755350,11611413629781930334,False,11612102021970685684,20,baseline,9222222222222222622222,101,ood_long
95321100800339,98673908045864381,False,98769229146664720,17,baseline,1312121213134313113,101,ood_long
61166379746275,54126444412708290,False,54187610792454565,17,baseline,3232323223333083333,101,ood_long
16856174386370,71469389521939449,False,71486245696325819,17,baseline,1111111111101011111,101,ood_long
33893473621676,46542313714257020,False,46576207187878696,17,baseline,3111111111101011111,101,ood_long
78388602533834,47948893107176968,False,48027281709710802,17,baseline,1311111113111311113,101,ood_long
77161796416505,59525837582529743,False,59602999378946248,17,baseline,2221212221212512112,101,ood_long
11099009423746,43130954583163420,False,43142053592587166,17,baseline,0111111111000111110,101,ood_long
76654098843901,98413625469459504,False,98490279568303405,17,baseline,0210101111001201010,101,ood_long
96846877278084,16810023591275959,False,16906870468554043,17,baseline,8228181222828222818,101,ood_long
81131112935211,73379676842900046,False,73460807955835257,17,baseline,1111111211112221111,101,ood_long
20934549658098,85798169298416685,False,85819103848074783,17,baseline,5309519529519523191,101,ood_long
71462486122859,22215159929912495,False,22286622416035354,17,baseline,2322222222222222222,101,ood_long
28531336785514,17407436381338491,False,17435967718124005,17,baseline,3411121511515411113,101,ood_long
41806846764262,40557098408990853,False,40598905255755115,17,baseline,2222282222828222181,101,ood_long
26946580988201,76349681174484878,False,76376627755473079,17,baseline,5111111111111511111,101,ood_long
91910011660808,13046857049820573,False,13138767061481381,17,baseline,1101010111000111101,101,ood_long
979550686429418,27867077586802,False,1007417764016220,15,baseline,151111111111015011,101,ood_long
724640603099291,57735319742030,False,782375922841321,15,baseline,022220202222022220,101,ood_long
342293836999884,66536583041447,False,408830420041331,15,baseline,322222222222222222,101,ood_long
144382099520026,37787838877118,False,182169938397144,15,baseline,202022121212112212,101,ood_long
917922187905738,11093653411831,False,929015841317569,15,baseline,222222222222222222,101,ood_long
263013953286340,20112854017898,False,283126807304238,15,baseline,383833333223333833,101,ood_long
531635646368016,48037133862248,False,579672780230264,15,baseline,515111111111111511,101,ood_long
801656647498603,82914872732778,False,884571520231381,15,baseline,600001111101000001,101,ood_long
440958472616397,47442941508166,False,488401414124563,15,baseline,832322222232382383,101,ood_long
269994266921516,28989148355511,False,298983415277027,15,baseline,226212151221515151,101,ood_long
400054763602893,65089618035392,False,465144381638285,15,baseline,422222222222222222,101,ood_long
383316660190685941,9034570095816144418,False,9417886756006830359,19,baseline,211020202110100101110,101,ood_long
482407441377647229,4195907101975479686,False,4678314543353126915,19,baseline,711100711111711111111,101,ood_long
118561446742700266,1148274262323310661,False,1266835709066010927,19,baseline,111111111111111111111,101,ood_long
102348273788653782,1269141611854033932,False,1371489885642687714,19,baseline,822228222221812221212,101,ood_long
687789264720467672,2849513880647556032,False,3537303145368023704,19,baseline,852222222323222242222,101,ood_long
388359392742831503,3147089300566701227,False,3535448693309532730,19,baseline,222333322333221223232,101,ood_long
584909854901031986,1383549166704505675,False,1968459021605537661,19,baseline,932222222222222222222,101,ood_long
996722968884478369,5346930795718582290,False,6343653764603060659,19,baseline,222222222222228222222,101,ood_long
644593925070834498,8825242756732717651,False,9469836681803552149,19,baseline,222222222222222222222,101,ood_long
764556122905221549,2490276656193486367,False,3254832779098707916,19,baseline,622151511111156111111,101,ood_long
579261124411827981,3249064013557581592,False,3828325137969409573,19,baseline,121211122111122111111,101,ood_long
441160597823747987,8627936879262744676,False,9069097477086492663,19,baseline,112131317111171111111,101,ood_long
428303463021979243,7952625585572280984,False,8380929048594260227,19,baseline,323232232333377323333,101,ood_long
394242887219681176,2520961656443086357,False,2915204543662767533,19,baseline,222222233222222222222,101,ood_long
626821282337018042,6949819377971728424,False,7576640660308746466,19,baseline,222121211111111111112,101,ood_long
4154632404647,836599912557859706,False,836604067190264353,18,baseline,31313131171007171717,101,ood_long
2476031465783,324549417932227054,False,324551893963692837,18,baseline,33332332333335333334,101,ood_long
4947166990857,266150482760440610,False,266155429927431467,18,baseline,60202110202020811100,101,ood_long
8795792053996,531673535728438049,False,531682331520492045,18,baseline,25999995099900009990,101,ood_long
4718688278810,877835612999669013,False,877840331687947823,18,baseline,81111111111081111111,101,ood_long
2874735389907,613212021645034982,False,613214896380424889,18,baseline,32333323233337333337,101,ood_long
7133546252194,637970444682696165,False,637977578228948359,18,baseline,40941518194098084180,101,ood_long
4170020046038,485769509163061127,False,485773679183107165,18,baseline,22222222222222222222,101,ood_long
1320179242685,113015501481169442,False,113016821660412127,18,baseline,23322223322222332228,101,ood_long
9914512036591,949491473405894060,False,949501387917930651,18,baseline,12111112211522211115,101,ood_long
5886762798328,533205454578303740,False,533211341341102068,18,baseline,22222222222222221212,101,ood_long
4745564501581,357621905137306004,False,357626650701807585,18,baseline,61111115111515111111,101,ood_long
4800395392060,965793753324049495,False,965798553719441555,18,baseline,95199195192921192922,101,ood_long
6345041639390,877163209773773083,False,877169554815412473,18,baseline,41404041140404141414,101,ood_long
8098662256773,219385480259091841,False,219393578921348614,18,baseline,62000022210008010105,101,ood_long
6827977050028,382731948903552770,False,382738776880602798,18,baseline,22209222222010222121,101,ood_long
4643898635812,549314758862492369,False,549319402761128181,18,baseline,92322233333333333331,101,ood_long
2927611131555,328801383977609278,False,328804311588740833,18,baseline,16111111111515111115,101,ood_long
6233253578188,756080554238974190,False,756086787492552378,18,baseline,52222222222222222222,101,ood_long
7526233567989,287538692380127950,False,287546218613695939,18,baseline,32222222222222223232,101,ood_long
5439040012071,802028987032640512,False,802034426072652583,18,baseline,41111111111011111110,101,ood_long
1299114553299207158,53156300723738377,False,1352270854022945535,19,baseline,2222422234242423424242,101,ood_long
7555377742679580579,48735152297300085,False,7604112894976880664,19,baseline,3222222222222222222222,101,ood_long
1363605317025534046,50831681259997877,False,1414436998285531923,19,baseline,1515151551511515151511,101,ood_long
1942636472261236717,48552696094939078,False,1991189168356175795,19,baseline,3221323343131374213131,101,ood_long
9927306444175358880,31557212441058077,False,9958863656616416957,19,baseline,3111113111111111111111,101,ood_long
9987160856740263364,91995419198262057,False,10079156275938525421,19,baseline,1111111101111101011111,101,ood_long
1368788255991105131,68541794245350382,False,1437330050236455513,19,baseline,8122121992111122211112,101,ood_long
3090057249593057171,59799592960093906,False,3149856842553151077,19,baseline,5111052520151070101117,101,ood_long
9681433321363015130,42567455791218260,False,9724000777154233390,19,baseline,1333333333333333333333,101,ood_long
7458508093871728317,40178756349270654,False,7498686850220998971,19,baseline,1121111111111111111111,101,ood_long
1998742778874853808,77830850939061213,False,2076573629813915021,19,baseline,1222211111111111111112,101,ood_long
7899004406234134953,49905799050634333,False,7948910205284769286,19,baseline,1414140434131414414141,101,ood_long
3504767040972186878,91311401589215235,False,3596078442561402113,19,baseline,1211218081111171111111,101,ood_long
3099282992893136210,20678812907228531,False,3119961805800364741,19,baseline,2222222222221212221212,101,ood_long
56313928797893,919776066718174143,False,919832380646972036,18,baseline,23929233092031309212,101,ood_long
96246486963089,885498355800116318,False,885594602287079407,18,baseline,42111222212122212122,101,ood_long
65173948406204,508547713666819210,False,508612887615225414,18,baseline,32222222222222222224,101,ood_long
25404437750775,216896815699754403,False,216922220137505178,18,baseline,41111111111111111101,101,ood_long
34160026646523,282440930228813670,False,282475090255460193,18,baseline,12222222222222222222,101,ood_long
74390246129494,587723963591037800,False,587798353837167294,18,baseline,22222222222223222233,101,ood_long
89055563783101,159963781970731676,False,160052837534514777,18,baseline,51111111115151111161,101,ood_long
51182668391548,879031882874704286,False,879083065543095834,18,baseline,62222222222221212121,101,ood_long
46009650509586,589507156354944955,False,589553166005454541,18,baseline,52392222259222222222,101,ood_long
50492122167071,782920779493171905,False,782971271615338976,18,baseline,21212121112121111111,101,ood_long
53529357045659,836937326489055062,False,836990855846100721,18,baseline,35222585852588523388,101,ood_long
60322271603831,504388569851210720,False,504448892122814551,18,baseline,22222222222222222221,101,ood_long
84522516099555,667974584217157140,False,668059106733256695,18,baseline,51515111515061111161,101,ood_long
81626206130871,493485832253179521,False,493567458459310392,18,baseline,22111211212112111111,101,ood_long
60080747200860,233261709831518366,False,233321790578719226,18,baseline,71111111110011111111,101,ood_long
42735264062277,611293122272655752,False,611335857536718029,18,baseline,22222222222222222220,101,ood_long
39066250775655,783414681001986515,False,783453747252762170,18,baseline,21222211152571111215,101,ood_long
644683653593255,5595829299733,False,650279482892988,15,baseline,38282222222222225,101,ood_long
885749941833403,4984127611599,False,890734069445002,15,baseline,93222222222232322,101,ood_long
726081406911636,6391866572768,False,732473273484404,15,baseline,11171111111111111,101,ood_long
177855329337936,6027659299487,False,183882988637423,15,baseline,53333222223222222,101,ood_long
440544964343840,4605135125523,False,445150099469363,15,baseline,43333222223332222,101,ood_long
868044673901013,4799096129854,False,872843770030867,15,baseline,41011111111111401,101,ood_long
702876759311677,1342856338122,False,704219615649799,15,baseline,60000000001010000,101,ood_long
747938121635500,7975346687224,False,755913468322724,15,baseline,12222212121212822,101,ood_long
766556656508634,9001322822569,False,775557979331203,15,baseline,60000001010800000,101,ood_long
719488790385321,4141305076679,False,723630095462000,15,baseline,22222222222222222,101,ood_long
170469842384922,5906481442667,False,176376323827589,15,baseline,93333300222339303,101,ood_long
946437765696768,7081510257308,False,953519275954076,15,baseline,27181801011110001,101,ood_long
140533782411965,9387845683650,False,149921628095615,15,baseline,33333333332333322,101,ood_long
353317685136160,4761360320389,False,358079045456549,15,baseline,2,101,ood_long
267197419933701,8403237919471,False,275600657853172,15,baseline,91111122111113131,101,ood_long
108460996007041,4505798399585,False,112966794406626,15,baseline,09021000011100000,101,ood_long
10277819810905771,929617529414443101,False,939895349225348872,18,baseline,811111181111111111111,101,ood_long
95309067466965895,591013186698343740,False,686322254165309635,18,baseline,911110202010100111101,101,ood_long
83567178305993978,414279302486901321,False,497846480792895299,18,baseline,122222222222222222222,101,ood_long
13403588167387518,400203577208940981,False,413607165376328499,18,baseline,222222222222222222222,101,ood_long
89830077972466741,656844179138520501,False,746674257110987242,18,baseline,111111000101110101111,101,ood_long
96344174980187107,917356850402801448,False,1013701025382988555,18,baseline,111211111111111111111,101,ood_long
40596960937670076,458344660856213057,False,498941621793883133,18,baseline,921822998222229222222,101,ood_long
41664127155466928,263012781075293044,False,304676908230759972,18,baseline,111111110711111151111,101,ood_long
38013333551998177,312519417137230625,False,350532750689228802,18,baseline,322222222223333222333,101,ood_long
18804646644728480,934347712880214075,False,953152359524942555,18,baseline,121211227171111111111,101,ood_long
42159601420351991,437767724817805056,False,479927326238157047,18,baseline,911111515011111050111,101,ood_long
14643168291850473,547345589877833131,False,561988758169683604,18,baseline,311111121211111111111,101,ood_long
39374199004882446,409595404143215235,False,448969603148097681,18,baseline,122333222333222333222,101,ood_long
338204695846624760,6285529925930,False,338210981376550690,18,baseline,40011110101000010100,101,ood_long
605550400715126417,7625752198537,False,605558026467324954,18,baseline,15115115151515151115,101,ood_long
848179249978034247,5815133378985,False,848185065111413232,18,baseline,22222222222222222222,101,ood_long
297779306128874201,8690728066157,False,297787996856940358,18,baseline,22392822239293333832,101,ood_long
134921478517355648,1422700026374,False,134922901217382022,18,baseline,27121211111211111111,101,ood_long
305275183023831611,7807406293154,False,305282990430124765,18,baseline,52221222222222222121,101,ood_long
365507111986972019,9915963314136,False,365517027950286155,18,baseline,12111111110101111111,101,ood_long
278022827811132558,7382561169608,False,278030210372302166,18,baseline,22222222222223222222,101,ood_long
197175292240790778,3795138616876,False,197179087379407654,18,baseline,22211122221712221212,101,ood_long
561589650796903901,6570538819764,False,561596221335723665,18,baseline,95109210000929209292,101,ood_long
653886540822954554,5388228750371,False,653891929051704925,18,baseline,20922252622225222222,101,ood_long
848937262934238682,2991233139721,False,848940254167378403,18,baseline,32222222222322222222,101,ood_long
741140469793639144,4194929893626,False,741144664723532770,18,baseline,01010111100000010000,101,ood_long
827951750472230,33632847087033447,False,34460798837505677,17,baseline,22222222222222222225,101,ood_long
978293156342730,18438863267366369,False,19417156423709099,17,baseline,33222333332233333334,101,ood_long
807848087100923,33936490052940662,False,34744338140041585,17,baseline,82141212121222212112,101,ood_long
713798224105392,51556994155310987,False,52270792379416379,17,baseline,23222222232222322222,101,ood_long
842046451871376,36881374148399766,False,37723420600271142,17,baseline,60131317130707131317,101,ood_long
239868910149807,91227153865310277,False,91467022775460084,17,baseline,82818223919923918182,101,ood_long
273900304196727,34944050295092652,False,35217950599289379,17,baseline,31010113100001110100,101,ood_long
384143989730919,18002443854348146,False,18386587844079065,17,baseline,32222222222222222222,101,ood_long
192437933234140,35611376334902808,False,35803814268136948,17,baseline,22222222213222121215,101,ood_long
901512174036069,68749128415349108,False,69650640589385177,17,baseline,22222222222222222222,101,ood_long
581129183741877,99612821958861317,False,100193951142603194,17,baseline,23222233322303332222,101,ood_long
235979408193298,57711999590856611,False,57947978999049909,17,baseline,33222223322222333222,101,ood_long
162960556515672,23580848331484656,False,23743808888000328,17,baseline,51111111116151111111,101,ood_long
791213711278349,45294702263883675,False,46085915975162024,17,baseline,33333333333313333313,101,ood_long
658908187737226,45066229681025352,False,45725137868762578,17,baseline,82222222222222222111,101,ood_long
917976992480438,20347558869451462,False,21265535861931900,17,baseline,31111181310108131313,101,ood_long
762041891903077,22539634573101511,False,23301676465004588,17,baseline,11111111114131111111,101,ood_long
290281764123728,64641738467915898,False,64932020232039626,17,baseline,22212111121111111111,101,ood_long
94062766498847332488,902890656912645281,False,94965657155759977769,20,baseline,2121221211111111111111,101,ood_long
70636067580974218026,968277726077888833,False,71604345307052106859,20,baseline,1110107111101011111010,101,ood_long
50345674968001879993,751536254757857041,False,51097211222759737034,20,baseline,6111010111101711111110,101,ood_long
60054648540372896627,489047982994717300,False,60543696523367613927,20,baseline,3101000101011010111110,101,ood_long
76626854640922976583,616637880622348950,False,77243492521545325533,20,baseline,2322233322227722222272,101,ood_long
82705847489428836748,674778686353817496,False,83380626175782654244,20,baseline,8222222222222222222222,101,ood_long
20056516899103359393,843648402404977991,False,20900165301508337384,20,baseline,5111101111111111111111,101,ood_long
42401720036431031655,385651694841636477,False,42787371731272668132,20,baseline,2111317111111511111217,101,ood_long
69445287434405255403,904311914544102319,False,70349599348949357722,20,baseline,2222222222222222222222,101,ood_long
60435003643966947182,230842132404553709,False,60665845776371500891,20,baseline,11000000100001010,101,ood_long
92399186335327232776,913919188364191837,False,93313105523691424613,20,baseline,2222222222212121212182,101,ood_long
85452789280758126704,775779991055318602,False,86228569271813445306,20,baseline,2222222222222222222222,101,ood_long
53049946001462266700,491120251254774590,False,53541066252717041290,20,baseline,2252525152228051522151,101,ood_long
78725035062120108050,944022730296986049,False,79669057792417094099,20,baseline,1312022321212542123322,101,ood_long
79678632654912651073,206708117818595198,False,79885340772731246271,20,baseline,8122225221124542121222,101,ood_long
30808837453302894671,358600923303350627,False,31167438376606245298,20,baseline,8122323331113331212313,101,ood_long
81613641326249828926,864118798978053312,False,82477760125227882238,20,baseline,3101308011117171111110,101,ood_long
47817355919075531159,540868686201804809,False,48358224605277335968,20,baseline,3181338311171211111112,101,ood_long
45264922333324192002,398539772591801938,False,45663462105915993940,20,baseline,9222222222222552222222,101,ood_long
7845677511161,3051303495300,False,10896981006461,13,baseline,7171811111111111,101,ood_long
2909449861464,4721404567037,False,7630854428501,13,baseline,4545333545452354,101,ood_long
2786182095079,7902887061986,False,10689069157065,13,baseline,8222222212822222,101,ood_long
5285584952571,9675832435445,False,14961417388016,13,baseline,8122222212122212,101,ood_long
9790674861788,8155404416942,False,17946079278730,13,baseline,7222222222822222,101,ood_long
9590893947096,7984046873006,False,17574940820102,13,baseline,9525222299922209,101,ood_long
9322501024825,3887309141113,False,13209810165938,13,baseline,0515151515151515,101,ood_long
6544942511471,8891887882712,False,15436830394183,13,baseline,4222222122212221,101,ood_long
2581951648165,6770504731255,False,9352456379420,13,baseline,5656156151515151,101,ood_long
8005330794244,8979480752333,False,16984811546577,13,baseline,3433333333333333,101,ood_long
6012518173106,8470195713561,False,14482713886667,13,baseline,1811191111111111,101,ood_long
2681067293906,1526546069739,False,4207613363645,13,baseline,6000000000000100,101,ood_long
81697109261218734,82629134049926192,False,164326243311144926,17,baseline,11111111121211111111,101,ood_long
81800940246385455,63553975352492694,False,145354915598878149,17,baseline,22233333333333332223,101,ood_long
17770226797072268,59984373178557790,False,77754599975630058,17,baseline,22222222222222222222,101,ood_long
52724344360634904,49824204632794769,False,102548548993429673,17,baseline,33333333337333337733,101,ood_long
15614964280724732,50721797565712153,False,66336761846436885,17,baseline,22222222222222222222,101,ood_long
17421626037827158,13824963169197433,False,31246589207024591,17,baseline,12122221222211111511,101,ood_long
91111692919606797,27335657019290371,False,118447349938897168,17,baseline,21121210202011102121,101,ood_long
93516248785823691,44272306575705000,False,137788555361528691,17,baseline,22222222222222222222,101,ood_long
99622221507813629,87145638005606402,False,186767859513420031,17,baseline,22222222223322222332,101,ood_long
76105211137287357,99416882696332160,False,175522093833619517,17,baseline,22222222222222222222,101,ood_long
31266747566251227,52821602601221575,False,84088350167472802,17,baseline,21211111121111111111,101,ood_long
66393902719510371,44932990179682638,False,111326892899193009,17,baseline,91212102215021211515,101,ood_long
27998105186746940,40653020259914805,False,68651125446661745,17,baseline,11111111111111110101,101,ood_long
60214151842694726,58198753923828194,False,118412905766522920,17,baseline,12122222225221222522,101,ood_long
85525139395786260,33310775410656277,False,118835914806442537,17,baseline,12122222222212121212,101,ood_long
39107310731608241,10484753980302540572,False,10523861291034148813,20,baseline,3113333333333131333313,101,ood_long
68435823178077366,52869536269356879705,False,52937972092534957071,20,baseline,8121818181111111111111,101,ood_long
15874683336776885,93476926499438408330,False,93492801182775185215,20,baseline,1813103131111111111111,101,ood_long
61967005603259664,54885618818094851949,False,54947585823698111613,20,baseline,1511112515110151511111,101,ood_long
73170088449320636,33605704131643947575,False,33678874220093268211,20,baseline,1222232223213222221222,101,ood_long
71456314438134239,38195412643482681299,False,38266868957920815538,20,baseline,3313333433333444333313,101,ood_long
15637536735919706,32111007108200219455,False,32126644644936139161,20,baseline,5322252523223354222332,101,ood_long
40090231680672936,38751702589803115220,False,38791792821483788156,20,baseline,2122222021212001212117,101,ood_long
27209166413639391,39417514835444412015,False,39444724001858051406,20,baseline,2222222223132291222222,101,ood_long
44375065597789458,93744265852803951786,False,93788640918401741244,20,baseline,5121212181111712111111,101,ood_long
94745363223373755,44070479318556533107,False,44165224681779906862,20,baseline,2333333073333030333333,101,ood_long
12875632068663620,12730931149950455519,False,12743806782019119139,20,baseline,1919090909100090010130,101,ood_long
26511901162032957,47571779332155012111,False,47598291233317045068,20,baseline,2222222223222222222222,101,ood_long
94474572210763677,83407670908444421362,False,83502145480655185039,20,baseline,5181080811111010111110,101,ood_long
82722872191995059,23398311294684327453,False,23481034166876322512,20,baseline,2223930333323222222322,101,ood_long
92128307899760820,71347877674791114978,False,71440005982690875798,20,baseline,8313333033333030333313,101,ood_long
26334370741690176,33921281702421869773,False,33947616073163559949,20,baseline,3232322233333232333332,101,ood_long
76164859477611382,24855080479900431091,False,24931245339378042473,20,baseline,8122121811111221111121,101,ood_long
23388330253811145,60133251371357346425,False,60156639701611157570,20,baseline,2131312431313441313131,101,ood_long
39283880974601,875553471776646,False,914837352751247,15,baseline,21211111111113101,101,ood_long
12578064258904,214236389875863,False,226814454134767,15,baseline,10101010101000000,101,ood_long
78262199067274,584209927757043,False,662472126824317,15,baseline,22222222222222222,101,ood_long
95159796273980,653062403510116,False,748222199784096,15,baseline,92220909192900092,101,ood_long
22532455628657,351961981207489,False,374494436836146,15,baseline,49090121519151509,101,ood_long
52716526151091,555267618368758,False,607984144519849,15,baseline,53622151222251522,101,ood_long
55686294467802,396010952515071,False,451697246982873,15,baseline,22222222222222222,101,ood_long
41715386232739,878288010309853,False,920003396542592,15,baseline,33233333323333333,101,ood_long
63094700178569,272476642400113,False,335571342578682,15,baseline,10101111111101001,101,ood_long
99625838669931,154232211860317,False,253858050530248,15,baseline,23232222222222222,101,ood_long
45812827748345,567346939557720,False,613159767306065,15,baseline,22222222222222222,101,ood_long
10795357982413,50445859022545,False,61241217004958,14,baseline,35423232322233344,101,ood_long
57682708339626,97547650541818,False,155230358881444,14,baseline,2,101,ood_long
57396413757664,94826424168273,False,152222837925937,14,baseline,41010101111110000,101,ood_long
38825756518838,93223257535884,False,132049014054722,14,baseline,22222222222222222,101,ood_long
49960361516806,12836107083176,False,62796468599982,14,baseline,33333331331333333,101,ood_long
69822905538395,54080474783656,False,123903380322051,14,baseline,95223392222333222,101,ood_long
86922799929102,84186774285842,False,171109574214944,14,baseline,22222222222222222,101,ood_long
25703432241218,11388869780528,False,37092302021746,14,baseline,42322121212111215,101,ood_long
96338246552006,86362025050220,False,182700271602226,14,baseline,2,101,ood_long
12806460470778,99747016742082,False,112553477212860,14,baseline,41111111111111011,101,ood_long
10901734363041,44817770338939,False,55719504701980,14,baseline,13737111111111101,101,ood_long
17914494330468,88269531180478,False,106184025510946,14,baseline,45423221222222418,101,ood_long
17247270938911,13136085338979,False,30383356277890,14,baseline,22222222222222222,101,ood_long
17412856288167,54472079154077,False,71884935442244,14,baseline,81222221812121818,101,ood_long
37252487213529,92787988172821,False,130040475386350,14,baseline,23232222222222222,101,ood_long
72695185475103,69125724283110,False,141820909758213,14,baseline,12122111111111115,101,ood_long
41924098210650,64717076892892,False,106641175103542,14,baseline,05151010151515050,101,ood_long
86307251907143,19289199974032,False,105596451881175,14,baseline,22222222222222222,101,ood_long
96741968299544,27773774284327,False,124515742583871,14,baseline,95360359526959509,101,ood_long
84069467676750,69196629962453,False,153266097639203,14,baseline,31919102111119191,101,ood_long
65868041683653,40085057311525,False,105953098995178,14,baseline,15151511151515050,101,ood_long
2744878452058,5101350563095629807,False,5101353307974081865,19,baseline,822828222282222282222,101,ood_long
2261939714833,1602108513867063520,False,1602110775806778353,19,baseline,323332222222222332222,101,ood_long
1297818313010,7761471786938856580,False,7761473084757169590,19,baseline,211111111111111111111,101,ood_long
1209825663780,8055139229798826558,False,8055140439624490338,19,baseline,222222222222222222222,101,ood_long
8326806899746,9907045930268985679,False,9907054257075885425,19,baseline,612181111202011111010,101,ood_long
1550276004311,5407397670230461893,False,5407399220506466204,19,baseline,712111111121411111071,101,ood_long
3418186559049,7194013673352797501,False,7194017091539356550,19,baseline,839292222922223282882,101,ood_long
3016839979003,1171471860207408083,False,1171474877047387086,19,baseline,323333222333233333222,101,ood_long
4650657627064,7154443515241435097,False,7154448165899062161,19,baseline,516151819109011111010,101,ood_long
2365131995980,9814666644322219851,False,9814669009454215831,19,baseline,332323131333333333442,101,ood_long
7918180527737,8700885048599778253,False,8700892966780305990,19,baseline,822121212121811111111,101,ood_long
9284432224144,8644107661065981094,False,8644116945498205238,19,baseline,314141221737771117157,101,ood_long
9483536239229,1476870365519637914,False,1476879849055877143,19,baseline,322222222222222323282,101,ood_long
482137553140777595,42511997279365336,False,524649550420142931,18,baseline,311111313111111111111,101,ood_long
756209164604178655,34281633759974141,False,790490798364152796,18,baseline,912222222222222222222,101,ood_long
159138667514889278,20312271012729153,False,179450938527618431,18,baseline,222222222222222222222,101,ood_long
261684738187948008,46784527952676256,False,308469266140624264,18,baseline,242222422222424212424,101,ood_long
166327186269180058,47835643325597743,False,214162829594777801,18,baseline,211211212221111121111,101,ood_long
228355197816853540,33975182761623574,False,262330380578477114,18,baseline,522222222222212222212,101,ood_long
150072209956280426,12781424408588153,False,162853634364868579,18,baseline,222222222422222222222,101,ood_long
283903038562543161,43067901262154874,False,326970939824698035,18,baseline,322512222222121251212,101,ood_long
150216012985107415,49891137263057180,False,200107150248164595,18,baseline,111111110111111011111,101,ood_long
803990575263383710,83240332130877730,False,887230907394261440,18,baseline,932223123323131313131,101,ood_long
396947364619578012,61106171019423641,False,458053535639001653,18,baseline,121811101011111001111,101,ood_long
802722960164434492,64508054246454034,False,867231014410888526,18,baseline,222323222222222372422,101,ood_long
299930174481603881,82649924021406609,False,382580098503010490,18,baseline,111111000011101011011,101,ood_long
905821338922980693,58958583606242358,False,964779922529223051,18,baseline,222222222222222222222,101,ood_long
316571659708389249,15680175408215898,False,332251835116605147,18,baseline,111811111811111011111,101,ood_long
598524487765692126,15681764710064426,False,614206252475756552,18,baseline,251515150801111801511,101,ood_long
362177230420924473,40583013759407579,False,402760244180332052,18,baseline,122222222222222222222,101,ood_long
616542797117359841,16236179839725050,False,632778976957084891,18,baseline,222222222512222272222,101,ood_long
359384986806555214,51770851244199936,False,411155838050755150,18,baseline,859595959995191995151,101,ood_long
903403532595518215,63297267800714638,False,966700800396232853,18,baseline,322221525812122815121,101,ood_long
880801664419522021,89001920892942440,False,969803585312464461,18,baseline,112112101511111001111,101,ood_long
987497193650365659,60071059066150806,False,1047568252716516465,18,baseline,923131323331313131313,101,ood_long
474652437697746991,45881222448816271,False,520533660146563262,18,baseline,222112127111111111111,101,ood_long
777116366683104886,64487170439543428,False,841603537122648314,18,baseline,113131314331113443111,101,ood_long
925716183301116055,79971082788157734,False,1005687266089273789,18,baseline,111111111111111121111,101,ood_long
78424968338694,3179997493064625,False,3258422461403319,16,baseline,944000002200002103,101,ood_long
53222916883590,7667187631172234,False,7720410548055824,16,baseline,933122222332221133,101,ood_long
46206129312245,4378705790791787,False,4424911920104032,16,baseline,162111112111015211,101,ood_long
39937327129450,2355874089163903,False,2395811416293353,16,baseline,322020222120102011,101,ood_long
86923736860601,9639903353919206,False,9726827090779807,16,baseline,331313113131303013,101,ood_long
74586272532166,6789973226986473,False,6864559499518639,16,baseline,222222222222222222,101,ood_long
93754051128506,9310516905750404,False,9404270956878910,16,baseline,151010101510005011,101,ood_long
64480618195551,1329854566986244,False,1394335185181795,16,baseline,111111111111515111,101,ood_long
84723270002839,3758415381852851,False,3843138651855690,16,baseline,222222222222222222,101,ood_long
26785082773593,9385563203360964,False,9412348286134557,16,baseline,022120212222915212,101,ood_long
46068560730905,8107358578569580,False,8153427139300485,16,baseline,501505050505050505,101,ood_long
41323315797688,4624285704283855,False,4665609020081543,16,baseline,322222222222222211,101,ood_long
77866753340742,1423200665795617,False,1501067419136359,16,baseline,221111111111011111,101,ood_long
37124260352124,5231670924072667,False,5268795184424791,16,baseline,253222222222223222,101,ood_long
50008168627997,3001252617674534,False,3051260786302531,16,baseline,222222222222922222,101,ood_long
40277401660448,5180124374406537,False,5220401776066985,16,baseline,414141414141114414,101,ood_long
93741003802080,2623777435320454,False,2717518439122534,16,baseline,111111111111111111,101,ood_long
23847790925946,5272068289984865,False,5295916080910811,16,baseline,799001019590011090,101,ood_long
62220011651346,3251699879579776,False,3313919891231122,16,baseline,111101111110004011,101,ood_long
60822108937908,7844342054703024,False,7905164163640932,16,baseline,211121211111212111,101,ood_long
58179553485391,2871001587029995,False,2929181140515386,16,baseline,550222252525255525,101,ood_long
82460447069377,5695638958315996,False,5778099405385373,16,baseline,411111111111017111,101,ood_long
39640222040260,5685851069343882,False,5725491291384142,16,baseline,222222222222222222,101,ood_long
77887232567886,8653671886670409,False,8731559119238295,16,baseline,222222222222222222,101,ood_long
96961541176606600714,7735555729159491,False,96969276732335760205,20,baseline,1111111151111111111111,101,ood_long
21463949727320674941,8059458272906394,False,21472009185593581335,20,baseline,9222222222222227222222,101,ood_long
77670842231860389391,1296822875859403,False,77672139054736248794,20,baseline,1812181812118121211111,101,ood_long
17040487032865046588,5259704486077652,False,17045746737351124240,20,baseline,1222211222211122211111,101,ood_long
12449687499328936638,8513098981690775,False,12458200598310627413,20,baseline,2222222882222222222222,101,ood_long
39417674769437889530,7128434399598957,False,39424803203837488487,20,baseline,2313100000101000010101,101,ood_long
42220743950101345929,2949217302411990,False,42223693167403757919,20,baseline,1111101011111114111111,101,ood_long
39512283439777487483,9902075277130393,False,39522185515054617876,20,baseline,2222222282222212122222,101,ood_long
81057892536901099355,2649405059380523,False,81060541941960479878,20,baseline,1111191111111222212121,101,ood_long
81075516181220621242,4813258788516844,False,81080329440009138086,20,baseline,5222222267221222221212,101,ood_long
7442935252106626,1341984014383222343,False,1349426949635328969,19,baseline,236813233831333808333,101,ood_long
9626413015432930,4335027010742348476,False,4344653423757781406,19,baseline,122222222222222222222,101,ood_long
2934706418239368,2856457285635414194,False,2859391992053653562,19,baseline,121222022221302222121,101,ood_long
5421777321009557,4772820366608774665,False,4778242143929784222,19,baseline,202222021212121112121,101,ood_long
2758094088714770,5902254247377458515,False,5905012341466173285,19,baseline,922222222223222215222,101,ood_long
3269901788782688,4430339948477843127,False,4433609850266625815,19,baseline,912121222121211111111,101,ood_long
4847692662496652,9244464139322770442,False,9249311831985267094,19,baseline,995225950853999285229,101,ood_long
3406629276068589,3572342060103943161,False,3575748689380011750,19,baseline,222333222333222333322,101,ood_long
3966906817346662,1200149746296365876,False,1204116653113712538,19,baseline,911101020001010000101,101,ood_long
7966975653641059,9029216554888987461,False,9037183530542628520,19,baseline,912121222512121251111,101,ood_long
8747158024895957,6107314590490269428,False,6116061748515165385,19,baseline,250235050032191222051,101,ood_long
2529648861572066,3881026684652024658,False,3883556333513596724,19,baseline,121212121111111111111,101,ood_long
29929586213779019266,12327699621739408,False,29941913913400758674,20,baseline,2222222222222222222222,101,ood_long
34088610924027836075,70325523261057745,False,34158936447288893820,20,baseline,8111120811111011111111,101,ood_long
95442534103235172422,26728684580691303,False,95469262787815863725,20,baseline,2812122821212776121273,101,ood_long
84151363040266047753,97819201622937983,False,84249182241888985736,20,baseline,2383333933333993333339,101,ood_long
59453337301292963230,54866764547685584,False,59508204065840648814,20,baseline,3222222222332222232322,101,ood_long
43340907383564452011,32662161680102700,False,43373569545244554711,20,baseline,9515555551525151525251,101,ood_long
17545301892826887140,37053359085286476,False,17582355251912173616,20,baseline,3222222222121212121212,101,ood_long
39292328780948932652,52282704730631373,False,39344611485679564025,20,baseline,2222222222232222222222,101,ood_long
42230642935700460648,63497875174462531,False,42294140810874923179,20,baseline,1111000011110141111111,101,ood_long
14383062974499166951,83364196024928405,False,14466427170524095356,20,baseline,3152090202000222101022,101,ood_long
92641442143476465815,12872510252754931,False,92654314653729220746,20,baseline,2111111111111111111111,101,ood_long
73429986890115552663,21669109602300004,False,73451655999717852667,20,baseline,232020003031102202,101,ood_long
25442621308598374312,65778431039179592,False,25508399739637553904,20,baseline,2222222222222222222222,101,ood_long
67297759733539319780,53011437118817832,False,67350771170658137612,20,baseline,2222222222222282222222,101,ood_long
58428185149163211270,86020687271921160,False,58514205836435132430,20,baseline,8181181811111811111181,101,ood_long
25743562341291453521,91647529633313530,False,25835209870924767051,20,baseline,3151525515121581515151,101,ood_long
35573442959507614509,90027993693355739,False,35663470953200970248,20,baseline,3414134414141414141414,101,ood_long
4962350637596127,182267946515104,False,5144618584111231,16,baseline,515151511515551511,101,ood_long
5954897518694402,423656114477630,False,6378553633172032,16,baseline,223222222332333333,101,ood_long
4388335226901292,551177844970402,False,4939513071871694,16,baseline,352323222133353231,101,ood_long
7839899652716108,206377895892479,False,8046277548608587,16,baseline,922222222229222222,101,ood_long
8835589060555726,304144802134070,False,9139733862689796,16,baseline,832222222225233222,101,ood_long
1710037089527186,161297226615743,False,1871334316142929,16,baseline,313131111131301111,101,ood_long
5298057361221039,826302846042143,False,6124360207263182,16,baseline,521111211111521111,101,ood_long
3803432425903317,194595118888264,False,3998027544791581,16,baseline,333333333333333333,101,ood_long
5280721799432025,304208361716757,False,5584930161148782,16,baseline,222222222222252222,101,ood_long
2314578767427083,714028127772282,False,3028606895199365,16,baseline,212121111121211111,101,ood_long
5465005236592255,890669726775740,False,6355674963367995,16,baseline,522222222222252222,101,ood_long
3201147264342124,312300149178834,False,3513447413520958,16,baseline,422222222222222222,101,ood_long
6409097805573222,808146355533905,False,7217244161107127,16,baseline,233322222222222223,101,ood_long
9324225368901137,386886793874191,False,9711112162775328,16,baseline,222222222222222222,101,ood_long
3587173617179768,436087073169763,False,4023260690349531,16,baseline,232222223222222222,101,ood_long
3700992363482864,784540507019645983,False,788241499383128847,18,baseline,92233333331333332233,101,ood_long
1678174254736872,839630698012212551,False,841308872266949423,18,baseline,21111111010111111111,101,ood_long
7729308217464240,909535600350938205,False,917264908568402445,18,baseline,31312110131011111111,101,ood_long
9761208223033615,157712268011306452,False,167473476234340067,18,baseline,23331313333333133431,101,ood_long
6176478092266550,150210063652807378,False,156386541745073928,18,baseline,21122221022111112111,101,ood_long
3126139070293046,346772689363998075,False,349898828434291121,18,baseline,33332233332233332223,101,ood_long
3663273498513066,363598491198383557,False,367261764696896623,18,baseline,22133131233311131301,101,ood_long
7293239951811629,102952871730399005,False,110246111682210634,18,baseline,22222222244222222222,101,ood_long
9983456880991430,654697243010979394,False,664680699891970824,18,baseline,52122222525221212712,101,ood_long
3532948346171672,312419228654582103,False,315952177000753775,18,baseline,22212121212111111111,101,ood_long
8404953911788771,983365710416561094,False,991770664328349865,18,baseline,22222222222222222222,101,ood_long
1846960959106373,497872918893730179,False,499719879852836552,18,baseline,92211019090010900001,101,ood_long
2081828769456067,626189917189874146,False,628271745959330213,18,baseline,22222122222222222222,101,ood_long
1114550865063543,541088339224216652,False,542202890089280195,18,baseline,51511111501111110151,101,ood_long
3838734255779200,414855878218310323,False,418694612474089523,18,baseline,32222222222232322322,101,ood_long
5411422813825649621,7739698738253452,False,5419162512563903073,19,baseline,222222222722222272222,101,ood_long
6235684478427722097,9933424496705163,False,6245617902924427260,19,baseline,212121818111111111111,101,ood_long
4323635415542632465,2151568768550150,False,4325786984311182615,19,baseline,322222222572222287222,101,ood_long
8527082692357779411,4904578743612835,False,8531987271101392246,19,baseline,181222282222212222212,101,ood_long
3271718681189831267,4181773673395329,False,3275900454863226596,19,baseline,222222222232222222222,101,ood_long
1839390709010661840,3818546199667136,False,1843209255210328976,19,baseline,921112222212222020222,101,ood_long
8374061575324674101,3799794888872882,False,8377861370213546983,19,baseline,111111010011111015111,101,ood_long
8915300395516369885,3861508323299477,False,8919161903839669362,19,baseline,313111313111110101111,101,ood_long
2579847683948578685,5826499266658254,False,2585674183215236939,19,baseline,822222222222221212221,101,ood_long
1427140049168621216,2056134123132796,False,1429196183291754012,19,baseline,111111111111111011111,101,ood_long
3899590087701796715,3829976967046939,False,3903420064668843654,19,baseline,912112121112121111212,101,ood_long
6198581850452319278,9198658174762246,False,6207780508627081524,19,baseline,222222222222222222222,101,ood_long
9443021705751886160,2584588270748743,False,9445606294022634903,19,baseline,122222222222222222222,101,ood_long
4692400875233136114,9841366037520017,False,4702242241270656131,19,baseline,131313133313131313131,101,ood_long
4295698604190731231,1270503853998432,False,4296969108044729663,19,baseline,911119291021929111122,101,ood_long
2201607531102244518,3433186219080046,False,2205040717321324564,19,baseline,122121202121212111212,101,ood_long
2078392710787956586,253336093284268,False,2078646046881240854,19,baseline,929223392923392922222,101,ood_long
6008505731081984814,323261755765834,False,6008828992837750648,19,baseline,111121111111111115111,101,ood_long
2262991191615362376,910805006849236,False,2263901996622211612,19,baseline,952333535040333326524,101,ood_long
6684577982793772143,949663681963975,False,6685527646475736118,19,baseline,222181823838221718121,101,ood_long
1145703451043515754,219258707917429,False,1145922709751433183,19,baseline,131313133337313137313,101,ood_long
3404606730763099608,598351845921441,False,3405205082609021049,19,baseline,131311010300101000101,101,ood_long
3167514818998162438,671723721853463,False,3168186542720015901,19,baseline,111212112122111122111,101,ood_long
7886695039000975028,286350515500556,False,7886981389516475584,19,baseline,909212192020229211512,101,ood_long
5076463553098749535,385478317883497,False,5076849031416633032,19,baseline,122223238232323232322,101,ood_long
7564799570268014366,205341636444978,False,7565004911904459344,19,baseline,929223929930392922222,101,ood_long
5763593363950596740,340484359331704,False,5763933848309928444,19,baseline,952515252555525235552,101,ood_long
6953566563229740491,780107814311305,False,6954346671044051796,19,baseline,222222222222222222222,101,ood_long
4214514950492846100,636388920152733,False,4215151339412998833,19,baseline,122222222222222222222,101,ood_long
8403506528327912263,695760293713470,False,8404202288621625733,19,baseline,111111101201111010111,101,ood_long
6090488444648963830,108001665353911,False,6090596446314317741,19,baseline,828222222222222222222,101,ood_long
4202636487760697941,325892998175592,False,4202962380758873533,19,baseline,333331333333333330333,101,ood_long
7685351662925130570,654914277515424,False,7686006577202645994,19,baseline,215111151506111161611,101,ood_long
7343523699150071491,870518256052615,False,7344394217406124106,19,baseline,222222222252222232222,101,ood_long
1790638973261079517,600822918412671,False,1791239796179492188,19,baseline,322121123241131318112,101,ood_long
6422378562173643368,685519742484272,False,6423064081916127640,19,baseline,231313133001313111131,101,ood_long
8180423853201846429,389909606794321,False,8180813762808640750,19,baseline,222222222222222224222,101,ood_long
3070619566346835099,244872783227210,False,3070864439130062309,19,baseline,222222222222222222222,101,ood_long
1398177736541746415,168567841711438,False,1398346304383457853,19,baseline,211111111111111111111,101,ood_long
2525328312578353556,444038168421708,False,2525772350746775264,19,baseline,222222222222222222222,101,ood_long
168897291247089,998447922142828,False,1167345213389917,15,baseline,222212112212221111,101,ood_long
844925170236767,877770386236087,False,1722695556472854,15,baseline,212222212122222212,101,ood_long
405256118089564,697379480254954,False,1102635598344518,15,baseline,111111111111501111,101,ood_long
181800973305709,988732067336022,False,1170533040641731,15,baseline,022111112210011111,101,ood_long
740472980758976,785168074851691,False,1525641055610667,15,baseline,233322223333333333,101,ood_long
729914504884411,511318554067573,False,1241233058951984,15,baseline,458414141514148414,101,ood_long
767579170579167,638433693286897,False,1406012863866064,15,baseline,922222222220203032,101,ood_long
393128684093207,639265273256936,False,1032393957350143,15,baseline,222222222222225222,101,ood_long
465245377312636,812224225973344,False,1277469603285980,15,baseline,580912128181081811,101,ood_long
945491940539891,588343395838545,False,1533835336378436,15,baseline,203009100300000030,101,ood_long
437599328098338,847099730645811,False,1284699058744149,15,baseline,322222222222222232,101,ood_long
248025768157829,952039731376943,False,1200065499534772,15,baseline,522222222222222222,101,ood_long
542630165066226,919724331583141,False,1462354496649367,15,baseline,122222222222222122,101,ood_long
512348997675497,382158072451980,False,894507070127477,15,baseline,833322223332223333,101,ood_long
743021608253084,361833599621277,False,1104855207874361,15,baseline,212122121112223111,101,ood_long
501483202726907,623028916508711,False,1124512119235618,15,baseline,322222222222222222,101,ood_long
624797542870657,100943748535161,False,725741291405818,15,baseline,222022121212020111,101,ood_long
272771483320356300,720042399426034047,False,992813882746390347,18,baseline,111111014111111711111,101,ood_long
202182283562178941,462616499905754449,False,664798783467933390,18,baseline,222222223322222222222,101,ood_long
445490332622170265,155474113741738572,False,600964446363908837,18,baseline,212112121211113411111,101,ood_long
367776776765429894,439309682498345699,False,807086459263775593,18,baseline,918101809101010111111,101,ood_long
265786683975237381,824894310234793324,False,1090680994210030705,18,baseline,228182281818181812111,101,ood_long
329161593436275172,541553296184885936,False,870714889621161108,18,baseline,122222222221122212111,101,ood_long
799188229339502214,609727011623874315,False,1408915240963376529,18,baseline,822222222222222222222,101,ood_long
392869342763459917,468802996356066357,False,861672339119526274,18,baseline,928822228833237774222,101,ood_long
707510118215781517,821294958895014987,False,1528805077110796504,18,baseline,111111111111111111111,101,ood_long
379594952003962573,988777622354764217,False,1368372574358726790,18,baseline,222332223333332222353,101,ood_long
392456178959752117,809370573548274293,False,1201826752508026410,18,baseline,121120208111101111111,101,ood_long
769841765269305390,303243396633000490,False,1073085161902305880,18,baseline,121213234231317071311,101,ood_long
814725560748083766,437220972172567421,False,1251946532920651187,18,baseline,212121222212121212111,101,ood_long
669618052553816914,29167263062158,False,669647219816879072,18,baseline,12111121212121111111,101,ood_long
377210964345925011,93290699648164,False,377304255045573175,18,baseline,92222223222222222223,101,ood_long
592540943587554406,27776047146660,False,592568719634701066,18,baseline,06051559515151519195,101,ood_long
382469405401951947,22833534480366,False,382492238936432313,18,baseline,33222333332223333334,101,ood_long
932278964618835932,25797577312357,False,932304762196148289,18,baseline,23228233228223322223,101,ood_long
259013808404833016,74954887587377,False,259088763292420393,18,baseline,32222222222222222222,101,ood_long
801130964307594159,57892692033117,False,801188856999627276,18,baseline,91212122220212121222,101,ood_long
763169784297075057,20955196364619,False,763190739493439676,18,baseline,91212121222221222221,101,ood_long
665924311141278385,51204305877850,False,665975515447156235,18,baseline,21222222212252212115,101,ood_long
705397865707129531,78724452293857,False,705476590159423388,18,baseline,22222222222221222218,101,ood_long
497299547723896796,52578351072922,False,497352126074969718,18,baseline,23092233330333333332,101,ood_long
148980648321587212,38895120745999,False,149019543442333211,18,baseline,11111111111151111111,101,ood_long
234479911332847207,14287979069726,False,234494199311916933,18,baseline,93929233393033339233,101,ood_long
684445620178665365,39115394315285,False,684484735572980650,18,baseline,52212121212221111121,101,ood_long
489187879928737096,88926216741959,False,489276806145479055,18,baseline,21218111181811111111,101,ood_long
581785867865241487,59098019145989,False,581844965884387476,18,baseline,52222222222222222222,101,ood_long
9221223331904,19796526951655,False,29017750283559,14,baseline,2222222222222222,101,ood_long
8696307208386,60829792766660,False,69526099975046,14,baseline,0101111111111113,101,ood_long
9081210069931,63896950537776,False,72978160607707,14,baseline,1111111212111112,101,ood_long
6421261670644,55689016975986,False,62110278646630,14,baseline,6101010121111101,101,ood_long
6434228989456,20455793862016,False,26890022851472,14,baseline,2,101,ood_long
9641672866554,89882988722819,False,99524661589373,14,baseline,2222222222222222,101,ood_long
9619756234275,84857574105967,False,94477330340242,14,baseline,5191910111111112,101,ood_long
7621462391623,79986053200218,False,87607515591841,14,baseline,6222222222222222,101,ood_long
4846039732829,74682041946993,False,79528081679822,14,baseline,3523332222223222,101,ood_long
2696632359388,89300410630946,False,91997042990334,14,baseline,3222222222222222,101,ood_long
8634119116982,61340070817801,False,69974189934783,14,baseline,1033333222233322,101,ood_long
7060037563706,85836240927690,False,92896278491396,14,baseline,3,101,ood_long
1482555231823,77610309940654,False,79092865172477,14,baseline,52,101,ood_long
2250264243761,18268172124958,False,20518436368719,14,baseline,6161711111111116,101,ood_long
1637462085257,64482354198951,False,66119816284208,14,baseline,6222221111111111,101,ood_long
1630754666945,46527345577338,False,48158100244283,14,baseline,5890909515195150,101,ood_long
7066731678090,62213041123482,False,69279772801572,14,baseline,3233233333323333,101,ood_long
154978187617187,5699911454002269,False,5854889641619456,16,baseline,8121111111111811111,101,ood_long
675196829240400,5468021827390631,False,6143218656631031,16,baseline,9111111111020010110,101,ood_long
309345788742582,7116624550215566,False,7425970338958148,16,baseline,5222522222252222222,101,ood_long
729608061598146,2174058898783429,False,2903666960381575,16,baseline,1211111111111211111,101,ood_long
948372144037792,3369282691156237,False,4317654835194029,16,baseline,2222222222222222222,101,ood_long
339008277793553,7533452636941592,False,7872460914735145,16,baseline,8222222222222222222,101,ood_long
712684939978770,1232247900895798,False,1944932840874568,16,baseline,4222181222282222212,101,ood_long
969598407053545,2811192003894383,False,3780790410947928,16,baseline,3232222222323222322,101,ood_long
605672980634971,9671352547084035,False,10277025527719006,16,baseline,2332222333322223333,101,ood_long
677120515369593,3214185576700727,False,3891306092070320,16,baseline,2550515555055551515,101,ood_long
838615282156870,9417990829181485,False,10256606111338355,16,baseline,5221122222222222121,101,ood_long
990927162464175,7449784872860847,False,8440712035325022,16,baseline,2122221212222221212,101,ood_long
418872425266094,2234658740280985,False,2653531165547079,16,baseline,2422222242222222222,101,ood_long
803502729654053,7756754188389083,False,8560256918043136,16,baseline,2222222222210222222,101,ood_long
339489355244111,8319970604036692,False,8659459959280803,16,baseline,3212121212222222121,101,ood_long
437599211702585,2834139092381962,False,3271738304084547,16,baseline,9339292333394413333,101,ood_long
362992938920652264,97785153876570148024,False,98148146815490800288,20,baseline,2522222522222522222222,101,ood_long
380989172521084521,16541758577269343280,False,16922747749790427801,20,baseline,8222212222222222222221,101,ood_long
344629237240276698,33552933458777555711,False,33897562696017832409,20,baseline,2222222222222522222222,101,ood_long
767327963503074806,11439429253386825178,False,12206757216889899984,20,baseline,2222232322222222222222,101,ood_long
445482250530835218,11430351804467125073,False,11875834054997960291,20,baseline,2222222222222222222222,101,ood_long
488496792915168775,71563406890159210110,False,72051903683074378885,20,baseline,2112127111117111111111,101,ood_long
877488885671384928,11989332087235572958,False,12866820972906957886,20,baseline,8222222222222222222222,101,ood_long
683650163343884947,84126597066804867259,False,84810247230148752206,20,baseline,1211211111111111111111,101,ood_long
805267407995432658,88129968367088244538,False,88935235775083677196,20,baseline,2110101111111011111111,101,ood_long
897724672927696762,46995306149311061065,False,47893030822238757827,20,baseline,2102080811100001111010,101,ood_long
842329929594200701,84399295504109342251,False,85241625433703542952,20,baseline,2222222423222222222222,101,ood_long
692975720497137237,37346626504485923420,False,38039602224983060657,20,baseline,2222222222121812121212,101,ood_long
465448536954755465,96439525020975611727,False,96904973557930367192,20,baseline,8122222221212212112121,101,ood_long
558331333072882736,39514772234952390272,False,40073103568025273008,20,baseline,3222222222121222222222,101,ood_long
963882191160439643,88310090768611375290,False,89273972959771814933,20,baseline,8222222222222422222222,101,ood_long
154332300297561084,41363870906924119554,False,41518203207221680638,20,baseline,2222222222222822222222,101,ood_long
5037909459007448305,9006434361356376240,False,14044343820363824545,19,baseline,2210101111101212111110,101,ood_long
2954747146048545611,2671973858931412334,False,5626721004979957945,19,baseline,2212112121111111111111,101,ood_long
6394603724490719641,3561220824501726780,False,9955824548992446421,19,baseline,1310003311013411111310,101,ood_long
3089879576856766927,2384028964268773107,False,5473908541125540034,19,baseline,8222222222222222222222,101,ood_long
6785608540963955182,2540588129256224883,False,9326196670220180065,19,baseline,3232323231323232212223,101,ood_long
7064884553713721241,9332707035903854779,False,16397591589617576020,19,baseline,8121818121111111111171,101,ood_long
6900960175438807663,5641310512222312468,False,12542270687661120131,19,baseline,2121221311111111111111,101,ood_long
8724722254495006906,5086456719085648373,False,13811178973580655279,19,baseline,2222226222222622222222,101,ood_long
4722976001123120371,6364390157991252953,False,11087366159114373324,19,baseline,2132222122210101211112,101,ood_long
7493978169750017927,6011987054503428254,False,13505965224253446181,19,baseline,2111201111111111111111,101,ood_long
1309972500223478034,4224873963150534969,False,5534846463374013003,19,baseline,8223235221216552121222,101,ood_long
5572836606987736074,1419641048745860898,False,6992477655733596972,19,baseline,2313180013130001313103,101,ood_long
5057822833691665477,4706427271441377495,False,9764250105133042972,19,baseline,2222223322222332222222,101,ood_long
9564585818680061004,7516576736721093955,False,17081162555401154959,19,baseline,8118181818181211111118,101,ood_long
4263311643640854694,2425341145993838546,False,6688652789634693240,19,baseline,3111314111111111111111,101,ood_long
3554158739593535487,2406235072685606633,False,5960393812279142120,19,baseline,5228528528188822212228,101,ood_long
4734778420597521391,2700974648342842164,False,7435753068940363555,19,baseline,1222882222122222121222,101,ood_long
89687836386904,2621585093863,False,92309421480767,14,baseline,83333311111111101,101,ood_long
93074404602221,6159151615961,False,99233556218182,14,baseline,12151212121212122,101,ood_long
29071260179317,3086780311129,False,32158040490446,14,baseline,22222222222222222,101,ood_long
92418112528970,1718961457541,False,94137073986511,14,baseline,11111111111111111,101,ood_long
77722771603443,9231304080515,False,86954075683958,14,baseline,21711122221111212,101,ood_long
94548306547510,6713564058561,False,101261870606071,14,baseline,31513121111111115,101,ood_long
89292347284781,6044668450620,False,95337015735401,14,baseline,32222222222222222,101,ood_long
48549795281670,5717549352815,False,54267344634485,14,baseline,92222102021212097,101,ood_long
57769022194890,3570033745747,False,61339055940637,14,baseline,92222219291221922,101,ood_long
5952708620797,23940596190854919,False,23946548899475716,17,baseline,1111010111100011101,101,ood_long
2328178199408,95328906432193427,False,95331234610392835,17,baseline,2222111121211211111,101,ood_long
9954003004262,12285534866150196,False,12295488869154458,17,baseline,1222222222222222122,101,ood_long
3793556990319,63403465308901075,False,63407258865891394,17,baseline,5109502515109551051,101,ood_long
6194497953867,21876829401047210,False,21883023899001077,17,baseline,9323292222299883929,101,ood_long
8405753150247,42784894364709285,False,42793300117859532,17,baseline,5711111111111111111,101,ood_long
2595642990905,18135364227188480,False,18137959870179385,17,baseline,4609050520505090908,101,ood_long
9197545499899,74685143126341254,False,74694340671841153,17,baseline,4949094959490990949,101,ood_long
5335554753562,72726167308483836,False,72731502863237398,17,baseline,5722222222252582221,101,ood_long
5040111252337,53411825097798356,False,53416865209050693,17,baseline,1211111111111411111,101,ood_long
4838921583669,82760937243933994,False,82765776165517663,17,baseline,2222222222222222222,101,ood_long
2774579437402,94013442843028940,False,94016217422466342,17,baseline,2222222222222222222,101,ood_long
1252178816963,10324552858190815,False,10325805037007778,17,baseline,2222221111112081111,101,ood_long
9943534105846,65259623400846281,False,65269566934952127,17,baseline,3833333383333383333,101,ood_long
7053692934473,20488516696339945,False,20495570389274418,17,baseline,9222222222222222232,101,ood_long
1236002861367,14247176644673169,False,14248412647534536,17,baseline,1221111111100011111,101,ood_long
7892072657999,11116192171958888,False,11124084244616887,17,baseline,7232090222209222202,101,ood_long
3767021772264,14843987316189669,False,14847754337961933,17,baseline,2622222222222222222,101,ood_long
27938444856365,5041176939265545238,False,5041204877710401603,19,baseline,412111101300111101011,101,ood_long
77233885994872,3502735129977322220,False,3502812363863317092,19,baseline,222222222812222122222,101,ood_long
47411275687275,7350058439632241113,False,7350105850907928388,19,baseline,222222222222222222222,101,ood_long
80022976430871,6925195932507736747,False,6925275955484167618,19,baseline,222222222922322222222,101,ood_long
45805588700338,3275101476497087646,False,3275147282085787984,19,baseline,522222222288222222122,101,ood_long
61502494137160,5515046076407913164,False,5515107578902050324,19,baseline,412115151205111122215,101,ood_long
28930766410295,5877762358939387004,False,5877791289705797299,19,baseline,720222222022222222222,101,ood_long
59079312117031,8956711635591557491,False,8956770714903674522,19,baseline,322331333333333333433,101,ood_long
31566492798151,1060701606656798437,False,1060733173149596588,19,baseline,415150505155091814061,101,ood_long
35903869820435,2269724221975878392,False,2269760125845698827,19,baseline,232328183878728381872,101,ood_long
33486288733220,9826358623746812686,False,9826392110035545906,19,baseline,222222222220222222022,101,ood_long
86632432317348,9185265006743854521,False,9185351639176171869,19,baseline,312122112127111117171,101,ood_long
23147486113543,3613260207359362994,False,3613283354845476537,19,baseline,411818181118181818121,101,ood_long
18136060036910,9336680182645293421,False,9336698318705330331,19,baseline,011010101001010100701,101,ood_long
82445020140357,2732374491639321730,False,2732456936659462087,19,baseline,151515115050511111515,101,ood_long
16363530920381,4598531992179786692,False,4598548355710707073,19,baseline,212121212132111111111,101,ood_long
79865194820619,1659565593714657230,False,1659645458909477849,19,baseline,121222222222121222122,101,ood_long
78831000903967,6496849811757862464,False,6496928642758766431,19,baseline,011111100000010100101,101,ood_long
53635526432716,3652072601391716133,False,3652126236918148849,19,baseline,511122211152211112211,101,ood_long
859642486660904,3737172868810537780,False,3738032511297198684,19,baseline,222222222222222222222,101,ood_long
850814556979285,9172960729702947269,False,9173811544259926554,19,baseline,222222222222222222222,101,ood_long
589908592510131,1403122870270380728,False,1403712778862890859,19,baseline,111121111111111115111,101,ood_long
595990665289051,2920005140829140102,False,2920601131494429153,19,baseline,909010100000100001001,101,ood_long
757728952448909,4153451064876198491,False,4154208793828647400,19,baseline,291920929203091922220,101,ood_long
119928789087330,8639993699600613401,False,8640113628389700731,19,baseline,212111111111111110111,101,ood_long
945477803766224,2210840844988419847,False,2211786322792186071,19,baseline,222222222222222222222,101,ood_long
893225190712513,4843949796100065041,False,4844843021290777554,19,baseline,212111112060111106111,101,ood_long
891046721576326,2347703074415568188,False,2348594121137144514,19,baseline,236080808090801008010,101,ood_long
173876243055767,9903366830222560726,False,9903540706465616493,19,baseline,111111110211111111111,101,ood_long
710401463394871,5851529748553567559,False,5852240150016962430,19,baseline,111222211122111111111,101,ood_long
9259039427459,950056364833727,False,959315404261186,15,baseline,35344222223332222,101,ood_long
5676528149023,230820103336546,False,236496631485569,15,baseline,22222222222222225,101,ood_long
6893997937570,891419203176859,False,898313201114429,15,baseline,92109101111119191,101,ood_long
8923999498091,319449613551706,False,328373613049797,15,baseline,92030219210200000,101,ood_long
5506957287578,415993163590481,False,421500120878059,15,baseline,52222222222222222,101,ood_long
8170840818196,936146680559719,False,944317521377915,15,baseline,40400011111101000,101,ood_long
5579406894823,164036524393932,False,169615931288755,15,baseline,03061313131313131,101,ood_long
4519733264607,261608700078516,False,266128433343123,15,baseline,33303030303133030,101,ood_long
7326833704247,454476502063621,False,461803335767868,15,baseline,37373331231333373,101,ood_long
1464313230592369,15796596922948846,False,17260910153541215,17,baseline,22222222222522222555,101,ood_long
5090086886691152,89499751589801672,False,94589838476492824,17,baseline,82222222229922222282,101,ood_long
2623435785221496,12229385345375310,False,14852821130596806,17,baseline,32222222222522222252,101,ood_long
8993740554572609,24223917007410900,False,33217657561983509,17,baseline,11111111101111111010,101,ood_long
1526153334958061,66097049087397492,False,67623202422355553,17,baseline,52152221222222121271,101,ood_long
3743453444171293,40461837674332189,False,44205291118503482,17,baseline,21112121111111111411,101,ood_long
1945679831528463,45099005974910172,False,47044685806438635,17,baseline,22222232222233222333,101,ood_long
2107471649072823,82165985658589410,False,84273457307662233,17,baseline,12111111111111111111,101,ood_long
3592664045212691,99134013312043672,False,102726677357256363,17,baseline,61211511121511111015,101,ood_long
3359660292496812,80475677932520523,False,83835338225017335,17,baseline,10161110100011101001,101,ood_long
9347558776705149,19150546877991894,False,28498105654697043,17,baseline,51515121515151111221,101,ood_long
7581626740667728,78097494249903232,False,85679120990570960,17,baseline,22222222222222222202,101,ood_long
3622839279995930,83718899312652955,False,87341738592648885,17,baseline,32222335298953333345,101,ood_long
5170717090233233,54378502518391200,False,59549219608624433,17,baseline,22222113134341111441,101,ood_long
6667279217211928,28436671600191578,False,35103950817403506,17,baseline,22222332222232222233,101,ood_long
9917790271959061,64542942021494649,False,74460732293453710,17,baseline,99992109990000999910,101,ood_long
3004190950061087,38836925227326682907,False,38839929418276743994,20,baseline,9111122111112111121211,101,ood_long
2564825076069173,76514967988850206518,False,76517532813926275691,20,baseline,8222222225222255522222,101,ood_long
8502997507938796,22137110593962757935,False,22145613591470696731,20,baseline,9233939303393922239393,101,ood_long
6138364996055578,43407718871743795054,False,43413857236739850632,20,baseline,3519191819111090151110,101,ood_long
4569125996086586,12105090587188975872,False,12109659713185062458,20,baseline,2222222222222222222221,101,ood_long
3766068466651560,87455697675591928743,False,87459463744058580303,20,baseline,1222121572111122111111,101,ood_long
2124110059837261,33450218028694660360,False,33452342138754497621,20,baseline,1111111111111101111111,101,ood_long
4561868609482774,26623535294070417935,False,26628097162679900709,20,baseline,8222228992222222222121,101,ood_long
3436259472482699,34975128496927588246,False,34978564756400070945,20,baseline,2233322333322337332227,101,ood_long
1451894112227166,47879473327303753185,False,47880925221415980351,20,baseline,8222222222222221222222,101,ood_long
1742120638988411,82519094957784167561,False,82520837078423155972,20,baseline,2222222222222212222222,101,ood_long
7244940195511586,68631812970026147839,False,68639057910221659425,20,baseline,9151512515111151515111,101,ood_long
2112099180879789,78832416838815277619,False,78834528937996157408,20,baseline,9230300030309222222229,101,ood_long
9753410130303237,29156401606533962097,False,29166155016664265334,20,baseline,1313131331311313131113,101,ood_long
4103695536956349,15904006352752513068,False,15908110048289469417,20,baseline,9551555515152515152525,101,ood_long
4749736163243138,35052634408903472041,False,35057384145066715179,20,baseline,3331333337333337333333,101,ood_long
22072808428484136817,45681107033211113228,False,67753915461695250045,20,baseline,21222212121121211112121,101,ood_long
95988130947594002520,82721228402752034955,False,178709359350346037475,20,baseline,12222222222222222222222,101,ood_long
72059402430997517818,18467207792450301185,False,90526610223447819003,20,baseline,30420414000104040004444,101,ood_long
42812318773502983928,81197495568731123738,False,124009814342234107666,20,baseline,22232212221212222122222,101,ood_long
36245588948464278246,50094642760479550635,False,86340231708943828881,20,baseline,51812211112121111111111,101,ood_long
78517945764991007269,31800650009839160085,False,110318595774830167354,20,baseline,92223333323542223433222,101,ood_long
44295632877484366600,34732595102021892688,False,79028227979506259288,20,baseline,12222211112171111212112,101,ood_long
73945842057685909892,90129588068002126724,False,164075430125688036616,20,baseline,12822222222222222222222,101,ood_long
77728016567614542609,91218590528585851178,False,168946607096200393787,20,baseline,11111111111111111111111,101,ood_long
21855568162073403243,44873174610839862932,False,66728742772913266175,20,baseline,51121111111011111111111,101,ood_long
41455187069445029044,56690271767961794587,False,98145458837406823631,20,baseline,11515111112221111221111,101,ood_long
19015380116391849953,79570036868144822716,False,98585416984536672669,20,baseline,32222232321222222222222,101,ood_long
5648245328712080932,76253044017715377746,False,81901289346427458678,20,baseline,22125222121252121212121,101,ood_long
4814696148860935752,58413402378166396299,False,63228098527027332051,20,baseline,92922119292222222222222,101,ood_long
3945158119368660246,44433562369401543237,False,48378720488770203483,20,baseline,52222222222222222222222,101,ood_long
7571018321878940297,16890670578552675594,False,24461688900431615891,20,baseline,12222222122222221222221,101,ood_long
6998987962474729818,52898438347545779443,False,59897426310020509261,20,baseline,22282222222212222222222,101,ood_long
3512579442384615317,88178623532603976839,False,91691202974988592156,20,baseline,22222222222232222222222,101,ood_long
8998572400360916330,92092274231232553097,False,101090846631593469427,20,baseline,12120221112222121222212,101,ood_long
6790121049102122353,44755961043927106224,False,51546082093029228577,20,baseline,22222222222222222222222,101,ood_long
8043384008712108167,19340561860363245051,False,27383945869075353218,20,baseline,22122222111251211121212,101,ood_long
8324378879545904705,64569223760834357464,False,72893602640380262169,20,baseline,32222222222222222222222,101,ood_long
1927357639573222676,97209267245808164147,False,99136624885381386823,20,baseline,21818171181711111111212,101,ood_long
1422581514383758092,22601137824375640955,False,24023719338759399047,20,baseline,81812121111111111111111,101,ood_long
5875254853814419205,53679257213752074007,False,59554512067566493212,20,baseline,21515512111815151181515,101,ood_long
2938625722644515351,79287721763439095322,False,82226347486083610673,20,baseline,22222222222292222222222,101,ood_long
5886109885021331506,21191799803144909664,False,27077909688166241170,20,baseline,12222222212222222222222,101,ood_long
1408633155832641582,64917039946061998666,False,66325673101894640248,20,baseline,32326563333665633332363,101,ood_long
6143977973825750065,89525301059762920830,False,95669279033588670895,20,baseline,22222222222222222122222,101,ood_long
6530592450798702306,48983235720565225177,False,55513828171363927483,20,baseline,23930333338333332333332,101,ood_long
8709786151092137674,98869060529703219054,False,107578846680795356728,20,baseline,82220923222282222222222,101,ood_long
6437465690204740964,46930013993374448329,False,53367479683579189293,20,baseline,31010101111010111111010,101,ood_long
12107333365672910,4890430275187,False,12112223795948097,17,baseline,3733333333333303333,101,ood_long
46274873277786245,9510407144262,False,46284383684930507,17,baseline,8222228222228222222,101,ood_long
50572049835911954,6055987624076,False,50578105823536030,17,baseline,1511111151112051111,101,ood_long
67793281279365480,7125117792263,False,67800406397157743,17,baseline,2222222222223282222,101,ood_long
84461648014771262,3159281470671,False,84464807296241933,17,baseline,1111111111110101111,101,ood_long
24490365628097220,2571974234356,False,24492937602331576,17,baseline,3222332323332222333,101,ood_long
53352676630962183,2066185158263,False,53354742816120446,17,baseline,2000222608222222220,101,ood_long
85204876073813373,5006498237518,False,85209882572050891,17,baseline,2222222222222222222,101,ood_long
61861209559849263,7375104769592,False,61868584664618855,17,baseline,2222222222222222222,101,ood_long
15167100850677503,8132805839481,False,15175233656516984,17,baseline,1111111111110101111,101,ood_long
14137198447812682,3710909567949,False,14140909357380631,17,baseline,2332222232222223322,101,ood_long
62073025056277302,4340464230072,False,62077365520507374,17,baseline,1212121112120712111,101,ood_long
76480285924399412,6949576651695,False,76487235501051107,17,baseline,2333222233322223322,101,ood_long
38901538467079130,9933266921595,False,38911471734000725,17,baseline,5322111222111121111,101,ood_long
71160478643257253,8230621954373,False,71168709265211626,17,baseline,4222222222222222221,101,ood_long
61835288158789403,7153495983134,False,61842441654772537,17,baseline,2332222222222222222,101,ood_long
51471599920356711,5740255891196,False,51477340176247907,17,baseline,5090525550595555091,101,ood_long
17358994662352126,5817120405308871130,False,5834479399971223256,19,baseline,924142341843334154242,101,ood_long
70095082781669746,8711547663887226787,False,8781642746668896533,19,baseline,112210202111102121111,101,ood_long
97449645447254428,3205598326926429844,False,3303047972373684272,19,baseline,251919529222220915121,101,ood_long
46066456172635607,8369109191579110357,False,8415175647751745964,19,baseline,181810008081710801111,101,ood_long
22963409864676531,7589059689577331136,False,7612023099442007667,19,baseline,311113131711110101111,101,ood_long
19911139663722506,3612389620035185970,False,3632300759698908476,19,baseline,122222225122225052222,101,ood_long
73896691093949523,4678431087003364453,False,4752327778097313976,19,baseline,623309509539293330629,101,ood_long
81035001228661343,6209661744726170835,False,6290696745954832178,19,baseline,111111001111101011111,101,ood_long
14494016563447202,7535856246477166774,False,7550350263040613976,19,baseline,111114144141141414111,101,ood_long
56570360642787977,9391007014894174166,False,9447577375536962143,19,baseline,322232222131313013131,101,ood_long
10901857282850690,8147740045378221287,False,8158641902661071977,19,baseline,822222222222222222222,101,ood_long
99506776326940695,8102180284289477387,False,8201687060616418082,19,baseline,111110101111111111111,101,ood_long
64879595484990818,6342073398812229282,False,6406952994297220100,19,baseline,920300095030922221095,101,ood_long
16424486576508706,9895409338967042480,False,9911833825543551186,19,baseline,412211415111112211111,101,ood_long
54680507983590540,4581658814056455520,False,4636339322040046060,19,baseline,151515555551515055151,101,ood_long
24705381902805210,3359837329708151668,False,3384542711610956878,19,baseline,212121123213131212121,101,ood_long
16052867843706385,2308522451080500156,False,2324575318924206541,19,baseline,211111217111111011111,101,ood_long
66349932737751614,7457104986126355842,False,7523454918864107456,19,baseline,922235852333322852322,101,ood_long
50642879131904548,371865507024739,False,51014744638929287,17,baseline,2121212121212121111,101,ood_long
77590899938240333,697325045358837,False,78288224983599170,17,baseline,8222222222222222222,101,ood_long
94941180826976016,993628235540138,False,95934809062516154,17,baseline,1212121211212111111,101,ood_long
69706791280081685,410442494011007,False,70117233774092692,17,baseline,2211122221081111111,101,ood_long
29008491168199686,346446223193101,False,29354937391392787,17,baseline,4392223039223033333,101,ood_long
67107606073572525,980507801576862,False,68088113875149387,17,baseline,1011111110100111101,101,ood_long
23550646036766320,894461635369324,False,24445107672135644,17,baseline,6006000100000000000,101,ood_long
32418938000744154,573143973551727,False,32992081974295881,17,baseline,3222222222222222222,101,ood_long
79250175381604490,505301389699313,False,79755476771303803,17,baseline,1111111111010111111,101,ood_long
32516560832647149,851596244586113,False,33368157077233262,17,baseline,5111111111010111110,101,ood_long
95399901736514594,261020443351984,False,95660922179866578,17,baseline,1021212121210212121,101,ood_long
61589321939511238,887467447754026,False,62476789387265264,17,baseline,3222222222225222222,101,ood_long
58709376288767342,409289515279626,False,59118665804046968,17,baseline,3033333333330333330,101,ood_long
50150354471573318,783183570595477,False,50933538042168795,17,baseline,3333332333337333337,101,ood_long
7566868603025590,4567284513770,False,7571435887539360,16,baseline,223222222222222221,101,ood_long
3847985090727215,5935896484868,False,3853920987212083,16,baseline,222222222222282822,101,ood_long
6480881471856787,5487973882780,False,6486369445739567,16,baseline,822222818222828222,101,ood_long
9834941447755686,3151399914488,False,9838092847670174,16,baseline,919191919191999909,101,ood_long
3727309018805070,4513354424227,False,3731822373229297,16,baseline,055150505151505051,101,ood_long
8522703033617618,8084656077437,False,8530787689695055,16,baseline,031311111111000111,101,ood_long
3928286121610986,6487982249057,False,3934774103860043,16,baseline,222212121111212111,101,ood_long
4975928513476278,4457309026067,False,4980385822502345,16,baseline,222222222222222222,101,ood_long
2892857654365313,8039073125690,False,2900896727491003,16,baseline,522222222221252221,101,ood_long
5184722484419787,7454966906015524,False,12639689390435311,16,baseline,2222222222223322222,101,ood_long
4873464592738943,1343964271027541,False,6217428863766484,16,baseline,3222222222322212121,101,ood_long
9485771688920450,7267385860057492,False,16753157548977942,16,baseline,1111111111010111111,101,ood_long
3211280986261922,4336683390824629,False,7547964377086551,16,baseline,8121212112121211111,101,ood_long
5789902856993946,5931839406882803,False,11721742263876749,16,baseline,9222222222222222222,101,ood_long
8833354406420988,6150577130365688,False,14983931536786676,16,baseline,5425154254255242424,101,ood_long
4280949319707175,1474825024364754,False,5755774344071929,16,baseline,3121212121211111112,101,ood_long
3023435498522950,4213677697375399,False,7237113195898349,16,baseline,3222222222225522222,101,ood_long
7469392772193016,3480371880723108,False,10949764652916124,16,baseline,2222222222222223222,101,ood_long
9200069750894213,8507274173893949,False,17707343924788162,16,baseline,9322223322012233233,101,ood_long
3329654061229844,9852122217948379,False,13181776279178223,16,baseline,5225222222522322222,101,ood_long
1433142128763834,4144705152079148,False,5577847280842982,16,baseline,2211112111171111111,101,ood_long
84698230992272029945,9122862091862649151,False,93821093084134679096,20,baseline,2222222222212122222222,101,ood_long
71924364267162184644,4253567723800723474,False,76177931990962908118,20,baseline,3233383333398333333933,101,ood_long
60090810184210555195,7646171556668091799,False,67736981740878646994,20,baseline,1111191111112111111111,101,ood_long
16523378808130984010,3931691009575426442,False,20455069817706410452,20,baseline,3333343333370333333333,101,ood_long
59807876723238645137,4394206904201064363,False,64202083627439709500,20,baseline,2222222222221222222222,101,ood_long
97170928339690512149,2433891649674808392,False,99604819989365320541,20,baseline,9292003039222222223322,101,ood_long
59414475743332165361,5468792399316841394,False,64883268142649006755,20,baseline,4137777317177717171777,101,ood_long
78277346712084404444,8695563242512673026,False,86972909954597077470,20,baseline,3222222222222222222222,101,ood_long
82649617408769445046,8588128231888065297,False,91237745640657510343,20,baseline,9122220212121212111121,101,ood_long
62617788723936418200,1793952975498928546,False,64411741699435346746,20,baseline,2238222322322222228222,101,ood_long
3097993266906455417,7112782611824,False,3098000379689067241,19,baseline,322922222292222222382,101,ood_long
5807488297690313565,2561343164788,False,5807490859033478353,19,baseline,821111212138121111112,101,ood_long
1828655535911066711,1783187339332,False,1828657319098406043,19,baseline,511115151151511111561,101,ood_long
2812223341832951603,4459850592111,False,2812227801683543714,19,baseline,222222222222552222222,101,ood_long
6240953086040293628,8876728997777,False,6240961962769291405,19,baseline,212121311250515111341,101,ood_long
9580586619144354918,9030023916837,False,9580595649168271755,19,baseline,222222222819282818111,101,ood_long
7132615551932588423,7583296405349,False,7132623135228993772,19,baseline,222222222222222222262,101,ood_long
6788013906951631234,8310858634004,False,6788022217810265238,19,baseline,121111222111511111441,101,ood_long
9816440109823842627,1938613698140,False,9816442048437540767,19,baseline,411111111111111111111,101,ood_long
838471999999999999,5,False,838472000000000004,18,baseline,9,101,carry_chain
219999999999999999,9,False,220000000000000008,18,baseline,9,101,carry_chain
199999999999999999,3,False,200000000000000002,18,baseline,9,101,carry_chain
455709999999999999,1,False,455710000000000000,18,baseline,9,101,carry_chain
199999999999999999,5,False,200000000000000004,18,baseline,9,101,carry_chain
459599999999999999,6,False,459600000000000005,18,baseline,9,101,carry_chain
277799999999999999,7,False,277800000000000006,18,baseline,9,101,carry_chain
101266999999999999,6,False,101267000000000005,18,baseline,9,101,carry_chain
992117357999999999,3,False,992117358000000002,18,baseline,3,101,carry_chain
394899999999999999,3,False,394900000000000002,18,baseline,9,101,carry_chain
206099999999999999,1,False,206100000000000000,18,baseline,9,101,carry_chain
855710899999999999,2,False,855710900000000001,18,baseline,8,101,carry_chain
494777108999999999,3,False,494777109000000002,18,baseline,1,101,carry_chain
550499999999999999,3,False,550500000000000002,18,baseline,9,101,carry_chain
365167499999999999,3,False,365167500000000002,18,baseline,4,101,carry_chain
314015799999999999,6,False,314015800000000005,18,baseline,7,101,carry_chain
968283999999999999,1,False,968284000000000000,18,baseline,9,101,carry_chain
776997999999999999,8,False,776998000000000007,18,baseline,9,101,carry_chain
999999999999999999,4,False,1000000000000000003,18,baseline,9,101,carry_chain
322883399999999999,7,False,322883400000000006,18,baseline,3,101,carry_chain
923258999999999999,1,False,923259000000000000,18,baseline,9,101,carry_chain
303879999999999999,7,False,303880000000000006,18,baseline,9,101,carry_chain
112470399999999999,1,False,112470400000000000,18,baseline,3,101,carry_chain
123999999999999999,8,False,124000000000000007,18,baseline,9,101,carry_chain
548889799999999999,2,False,548889800000000001,18,baseline,9,101,carry_chain
600189999999999999,9,False,600190000000000008,18,baseline,9,101,carry_chain
962299999999999999,6,False,962300000000000005,18,baseline,9,101,carry_chain
229302469999999999,1,False,229302470000000000,18,baseline,3,101,carry_chain
788889999999999999,3,False,788890000000000002,18,baseline,9,101,carry_chain
629999999999999999,3,False,630000000000000002,18,baseline,9,101,carry_chain
338999999999999999,9,False,339000000000000008,18,baseline,9,101,carry_chain
155099999999999999,4,False,155100000000000003,18,baseline,9,101,carry_chain
777640009999999999,7,False,777640010000000006,18,baseline,0,101,carry_chain
499999999999999999,4,False,500000000000000003,18,baseline,9,101,carry_chain
984999999999999999,4,False,985000000000000003,18,baseline,9,101,carry_chain
651363308999999999,1,False,651363309000000000,18,baseline,3,101,carry_chain
489999999999999999,1,False,490000000000000000,18,baseline,9,101,carry_chain
970999999999999999,9,False,971000000000000008,18,baseline,9,101,carry_chain
999999999999999999,6,False,1000000000000000005,18,baseline,1,101,carry_chain
626369999999999999,6,False,626370000000000005,18,baseline,9,101,carry_chain
202209999999999999,7,False,202210000000000006,18,baseline,9,101,carry_chain
899999999,6,False,900000005,9,baseline,900054,101,carry_chain
133999999,3,False,134000002,9,baseline,1143334,101,carry_chain
311369999,8,False,311370007,9,baseline,313258,101,carry_chain
511999999,5,False,512000004,9,baseline,513154,101,carry_chain
394989999,5,False,394990004,9,baseline,304444,101,carry_chain
999999999,8,False,1000000007,9,baseline,1000087,101,carry_chain
199999999,3,False,200000002,9,baseline,1200334,101,carry_chain
199999999,6,False,200000005,9,baseline,1200954,101,carry_chain
325999999,9,False,326000008,9,baseline,328598,101,carry_chain
999999999,2,False,1000000001,9,baseline,1000028,101,carry_chain
999999999,4,False,1000000003,9,baseline,1000043,101,carry_chain
999999999,5,False,1000000004,9,baseline,1000054,101,carry_chain
899999999,4,False,900000003,9,baseline,900044,101,carry_chain
431229999,9,False,431230008,9,baseline,434128,101,carry_chain
299999999,7,False,300000006,9,baseline,299976,101,carry_chain
999999999,9,False,1000000008,9,baseline,1000098,101,carry_chain
494999999,3,False,495000002,9,baseline,404438,101,carry_chain
435779999,3,False,435780002,9,baseline,439513,101,carry_chain
999999999,6,False,1000000005,9,baseline,1000065,101,carry_chain
279099999,3,False,279100002,9,baseline,200032,101,carry_chain
643999999,7,False,644000006,9,baseline,604387,101,carry_chain
699999999,6,False,700000005,9,baseline,700954,101,carry_chain
399999999,3,False,400000002,9,baseline,300038,101,carry_chain
551599999,1,False,551600000,9,baseline,557110,101,carry_chain
899999999,5,False,900000004,9,baseline,900954,101,carry_chain
274499999,3,False,274500002,9,baseline,202933,101,carry_chain
91259999999999999,4,False,91260000000000003,17,baseline,1,101,carry_chain
99999999999999999,3,False,100000000000000002,17,baseline,1,101,carry_chain
76702639999999999,9,False,76702640000000008,17,baseline,3,101,carry_chain
40925388999999999,4,False,40925389000000003,17,baseline,3,101,carry_chain
61883304599999999,9,False,61883304600000008,17,baseline,3,101,carry_chain
44979080999999999,7,False,44979081000000006,17,baseline,8,101,carry_chain
51999999999999999,3,False,52000000000000002,17,baseline,9,101,carry_chain
93559999999999999,7,False,93560000000000006,17,baseline,1,101,carry_chain
62053999999999999,2,False,62054000000000001,17,baseline,1,101,carry_chain
51673999999999999,6,False,51674000000000005,17,baseline,9,101,carry_chain
99999999999999999,6,False,100000000000000005,17,baseline,1,101,carry_chain
74400356199999999,7,False,74400356200000006,17,baseline,5,101,carry_chain
13999999999999999,4,False,14000000000000003,17,baseline,9,101,carry_chain
85400999999999999,2,False,85401000000000001,17,baseline,1,101,carry_chain
50079999999999999,3,False,50080000000000002,17,baseline,1,101,carry_chain
59999999999999999,6,False,60000000000000005,17,baseline,1,101,carry_chain
73599999999999999,9,False,73600000000000008,17,baseline,1,101,carry_chain
49999999999999999,8,False,50000000000000007,17,baseline,1,101,carry_chain
48531750099999999,5,False,48531750100000004,17,baseline,5,101,carry_chain
64769999999999999,2,False,64770000000000001,17,baseline,1,101,carry_chain
89999999999999999,9,False,90000000000000008,17,baseline,1,101,carry_chain
87250174999999999,2,False,87250175000000001,17,baseline,2,101,carry_chain
20199999999999999,6,False,20200000000000005,17,baseline,1,101,carry_chain
69999999999999999,1,False,70000000000000000,17,baseline,1,101,carry_chain
65560517999999999,8,False,65560518000000007,17,baseline,5,101,carry_chain
36134064999999999,7,False,36134065000000006,17,baseline,6,101,carry_chain
28766633999999999,6,False,28766634000000005,17,baseline,3,101,carry_chain
27689999999999999,1,False,27690000000000000,17,baseline,1,101,carry_chain
62137499999999999,3,False,62137500000000002,17,baseline,4,101,carry_chain
15666359099999999,3,False,15666359100000002,17,baseline,5,101,carry_chain
31799999999999999,8,False,31800000000000007,17,baseline,1,101,carry_chain
99999999999999999,7,False,100000000000000006,17,baseline,1,101,carry_chain
69999999999999999,2,False,70000000000000001,17,baseline,1,101,carry_chain
52729999999999999,9,False,52730000000000008,17,baseline,1,101,carry_chain
88969999999,8,False,88970000007,11,baseline,10006007,101,carry_chain
59999999999,4,False,60000000003,11,baseline,1600093,101,carry_chain
27199999999,5,False,27200000004,11,baseline,1553005,101,carry_chain
58999999999,2,False,59000000001,11,baseline,1609981,101,carry_chain
24399999999,2,False,24400000001,11,baseline,1274980,101,carry_chain
81699999999,4,False,81700000003,11,baseline,1908903,101,carry_chain
33769999999,1,False,33770000000,11,baseline,1675690,101,carry_chain
16939999999,2,False,16940000001,11,baseline,1389302,101,carry_chain
18999999999,6,False,19000000005,11,baseline,1309906,101,carry_chain
67730999999,1,False,67731000000,11,baseline,17453120,101,carry_chain
89999999999,6,False,90000000005,11,baseline,10900005,101,carry_chain
24379999999,4,False,24380000003,11,baseline,10747903,101,carry_chain
99999999999,9,False,100000000008,11,baseline,1000000,101,carry_chain
74020999999,6,False,74021000005,11,baseline,18212115,101,carry_chain
11799999999,3,False,11800000002,11,baseline,1235985,101,carry_chain
61999999999,6,False,62000000005,11,baseline,1639906,101,carry_chain
99999999999,4,False,100000000003,11,baseline,10000003,101,carry_chain
72869999999,2,False,72870000001,11,baseline,1701690,101,carry_chain
32881199999,8,False,32881200007,11,baseline,1658839,101,carry_chain
79999999999,4,False,80000000003,11,baseline,1500004,101,carry_chain
80813999999,4,False,80814000003,11,baseline,9898443,101,carry_chain
82639999999,9,False,82640000008,11,baseline,10093000,101,carry_chain
99999999999,1,False,100000000000,11,baseline,10000000,101,carry_chain
16763599999,1,False,16763600000,11,baseline,1385628,101,carry_chain
54759399999,2,False,54759400001,11,baseline,10025805,101,carry_chain
59999999999,1,False,60000000000,11,baseline,1600080,101,carry_chain
63066799999,5,False,63066800004,11,baseline,1691622,101,carry_chain
20434999999,5,False,20435000004,11,baseline,9054354,101,carry_chain
86199999999,9,False,86200000008,11,baseline,1098000,101,carry_chain
63039999999,8,False,63040000007,11,baseline,16913007,101,carry_chain
62693999999,6,False,62694000005,11,baseline,1693000,101,carry_chain
99854999999,5,False,99855000004,11,baseline,10000004,101,carry_chain
27619999999,9,False,27620000008,11,baseline,1553100,101,carry_chain
71999999999,9,False,72000000008,11,baseline,1700000,101,carry_chain
36999999999,5,False,37000000004,11,baseline,1006005,101,carry_chain
46704999999,2,False,46705000001,11,baseline,1575090,101,carry_chain
33440499999,6,False,33440500005,11,baseline,13694175,101,carry_chain
33999999999,8,False,34000000007,11,baseline,1679008,101,carry_chain
10395999999,7,False,10396000006,11,baseline,11149606,101,carry_chain
7409999999999999,6,False,7410000000000005,16,baseline,1,101,carry_chain
9118637999999999,5,False,9118638000000004,16,baseline,4,101,carry_chain
6351819999999999,7,False,6351820000000006,16,baseline,1,101,carry_chain
9999999999999999,8,False,10000000000000007,16,baseline,1,101,carry_chain
6099999999999999,5,False,6100000000000004,16,baseline,1,101,carry_chain
9076749999999999,9,False,9076750000000008,16,baseline,4,101,carry_chain
4849999999999999,1,False,4850000000000000,16,baseline,1,101,carry_chain
5999999999999999,7,False,6000000000000006,16,baseline,1,101,carry_chain
4578759999999999,4,False,4578760000000003,16,baseline,6,101,carry_chain
2999999999999999,7,False,3000000000000006,16,baseline,1,101,carry_chain
9999999999999999,7,False,10000000000000006,16,baseline,1,101,carry_chain
3913199999999999,4,False,3913200000000003,16,baseline,1,101,carry_chain
8026485899999999,1,False,8026485900000000,16,baseline,6,101,carry_chain
2599999999999999,8,False,2600000000000007,16,baseline,1,101,carry_chain
2685734999999999,8,False,2685735000000007,16,baseline,3,101,carry_chain
1368909999999999,3,False,1368910000000002,16,baseline,1,101,carry_chain
7409999999999999,2,False,7410000000000001,16,baseline,1,101,carry_chain
7504909999999999,6,False,7504910000000005,16,baseline,1,101,carry_chain
8841349999999999,3,False,8841350000000002,16,baseline,4,101,carry_chain
4209999999999999,5,False,4210000000000004,16,baseline,1,101,carry_chain
7197399999999999,1,False,7197400000000000,16,baseline,1,101,carry_chain
1798109999999999,7,False,1798110000000006,16,baseline,1,101,carry_chain
1412111299999999,5,False,1412111300000004,16,baseline,1,101,carry_chain
9180299999999999,2,False,9180300000000001,16,baseline,1,101,carry_chain
4835229999999999,3,False,4835230000000002,16,baseline,3,101,carry_chain
4219999999999999,1,False,4220000000000000,16,baseline,1,101,carry_chain
1806336199999999,5,False,1806336200000004,16,baseline,3,101,carry_chain
9789999999999999,2,False,9790000000000001,16,baseline,1,101,carry_chain
3899999999999999,1,False,3900000000000000,16,baseline,1,101,carry_chain
6715999999999999,8,False,6716000000000007,16,baseline,1,101,carry_chain
1210999999999999,4,False,1211000000000003,16,baseline,1,101,carry_chain
3156649999999999,2,False,3156650000000001,16,baseline,4,101,carry_chain
4063779999999999,5,False,4063780000000004,16,baseline,9,101,carry_chain
8219719399999999,4,False,8219719400000003,16,baseline,1,101,carry_chain
9739999999999999,9,False,9740000000000008,16,baseline,1,101,carry_chain
6899999999999999,7,False,6900000000000006,16,baseline,1,101,carry_chain
9750759999999999,3,False,9750760000000002,16,baseline,6,101,carry_chain
3577999999999999,1,False,3578000000000000,16,baseline,1,101,carry_chain
8250029999999999,6,False,8250030000000005,16,baseline,1,101,carry_chain
9674799999999999,7,False,9674800000000006,16,baseline,1,101,carry_chain
8380549999999999,8,False,8380550000000007,16,baseline,4,101,carry_chain
3387451899999999,3,False,3387451900000002,16,baseline,5,101,carry_chain
7999999,2,False,8000001,7,baseline,700001,101,carry_chain
5769999,7,False,5770006,7,baseline,576007,101,carry_chain
1349999,1,False,1350000,7,baseline,134001,101,carry_chain
2079999,3,False,2080002,7,baseline,208002,101,carry_chain
9719999,8,False,9720007,7,baseline,972008,101,carry_chain
8399999,4,False,8400003,7,baseline,840003,101,carry_chain
9999999,9,False,10000008,7,baseline,1000008,101,carry_chain
1899999,7,False,1900006,7,baseline,180006,101,carry_chain
9799999,4,False,9800003,7,baseline,980003,101,carry_chain
1899999,9,False,1900008,7,baseline,180009,101,carry_chain
8217999,9,False,8218008,7,baseline,821809,101,carry_chain
2849999,6,False,2850005,7,baseline,285006,101,carry_chain
9999999,3,False,10000002,7,baseline,900002,101,carry_chain
6959999,1,False,6960000,7,baseline,695000,101,carry_chain
9999999,2,False,10000001,7,baseline,900001,101,carry_chain
5123999,6,False,5124005,7,baseline,512406,101,carry_chain
3459999,5,False,3460004,7,baseline,345005,101,carry_chain
7999999,7,False,8000006,7,baseline,700006,101,carry_chain
9999999,6,False,10000005,7,baseline,1000065,101,carry_chain
1999999,9,False,2000008,7,baseline,190009,101,carry_chain
9999999,7,False,10000006,7,baseline,1000076,101,carry_chain
1999999,4,False,2000003,7,baseline,190003,101,carry_chain
9499999,2,False,9500001,7,baseline,940001,101,carry_chain
9999999,4,False,10000003,7,baseline,1000043,101,carry_chain
9999999,8,False,10000007,7,baseline,900007,101,carry_chain
9999999,1,False,10000000,7,baseline,900000,101,carry_chain
3991999,5,False,3992004,7,baseline,399205,101,carry_chain
6486999,5,False,6487004,7,baseline,648705,101,carry_chain
2207999,5,False,2208004,7,baseline,220805,101,carry_chain
7399999,7,False,7400006,7,baseline,730007,101,carry_chain
6999999,6,False,7000005,7,baseline,600006,101,carry_chain
3801999,4,False,3802003,7,baseline,380203,101,carry_chain
3999999,1,False,4000000,7,baseline,300001,101,carry_chain
1575999,3,False,1576002,7,baseline,157602,101,carry_chain
9831999,8,False,9832007,7,baseline,983208,101,carry_chain
178882709999999,5,False,178882710000004,15,baseline,39,101,carry_chain
980519659999999,4,False,980519660000003,15,baseline,10,101,carry_chain
538999999999999,4,False,539000000000003,15,baseline,10,101,carry_chain
114539999999999,6,False,114540000000005,15,baseline,10,101,carry_chain
687299999999999,8,False,687300000000007,15,baseline,10,101,carry_chain
968559999999999,5,False,968560000000004,15,baseline,10,101,carry_chain
615499999999999,8,False,615500000000007,15,baseline,10,101,carry_chain
999999999999999,4,False,1000000000000003,15,baseline,10,101,carry_chain
899999999999999,1,False,900000000000000,15,baseline,10,101,carry_chain
370269999999999,3,False,370270000000002,15,baseline,10,101,carry_chain
623249999999999,6,False,623250000000005,15,baseline,10,101,carry_chain
199999999999999,4,False,200000000000003,15,baseline,10,101,carry_chain
759208599999999,6,False,759208600000005,15,baseline,306,101,carry_chain
129116129999999,1,False,129116130000000,15,baseline,10,101,carry_chain
916683399999999,4,False,916683400000003,15,baseline,40,101,carry_chain
469790999999999,3,False,469791000000002,15,baseline,10,101,carry_chain
992849079999999,6,False,992849080000005,15,baseline,10,101,carry_chain
842702999999999,9,False,842703000000008,15,baseline,100,101,carry_chain
999999999999999,5,False,1000000000000004,15,baseline,10,101,carry_chain
280663289999999,8,False,280663290000007,15,baseline,22,101,carry_chain
999999999999999,9,False,1000000000000008,15,baseline,10,101,carry_chain
961136699999999,7,False,961136700000006,15,baseline,70,101,carry_chain
325712599999999,1,False,325712600000000,15,baseline,807,101,carry_chain
833051349999999,9,False,833051350000008,15,baseline,42,101,carry_chain
999999999999999,2,False,1000000000000001,15,baseline,10,101,carry_chain
2899999999,9,False,2900000008,10,baseline,2289988,101,carry_chain
2207399999,9,False,2207400008,10,baseline,2411738,101,carry_chain
9999999999,3,False,10000000002,10,baseline,10000932,101,carry_chain
4567999999,7,False,4568000006,10,baseline,946676,101,carry_chain
9999999999,9,False,10000000008,10,baseline,10000008,101,carry_chain
9564999999,8,False,9565000007,10,baseline,10003487,101,carry_chain
4570999999,6,False,4571000005,10,baseline,953655,101,carry_chain
2369999999,2,False,2370000001,10,baseline,2536911,101,carry_chain
9999999999,8,False,10000000007,10,baseline,10000087,101,carry_chain
5499999999,8,False,5500000007,10,baseline,664997,101,carry_chain
3986999999,3,False,3987000002,10,baseline,349765,101,carry_chain
7857399999,9,False,7857400008,10,baseline,967578,101,carry_chain
9399999999,4,False,9400000003,10,baseline,10049543,101,carry_chain
3709999999,1,False,3710000000,10,baseline,305190,101,carry_chain
9311999999,1,False,9312000000,10,baseline,10063100,101,carry_chain
4319299999,3,False,4319300002,10,baseline,977155,101,carry_chain
3899999999,5,False,3900000004,10,baseline,3289554,101,carry_chain
1265999999,4,False,1266000003,10,baseline,1232654,101,carry_chain
5999999999,2,False,6000000001,10,baseline,669951,101,carry_chain
9849999999,5,False,9850000004,10,baseline,10009954,101,carry_chain
5449999999,7,False,5450000006,10,baseline,609496,101,carry_chain
6419799999,9,False,6419800008,10,baseline,709178,101,carry_chain
7479999999,9,False,7480000008,10,baseline,829598,101,carry_chain
3908999999,4,False,3909000003,10,baseline,300184,101,carry_chain
8999999999,9,False,9000000008,10,baseline,900998,101,carry_chain
9999999999,4,False,10000000003,10,baseline,10000933,101,carry_chain
8999999999,2,False,9000000001,10,baseline,900981,101,carry_chain
9999999999,5,False,10000000004,10,baseline,10000054,101,carry_chain
8199999999,9,False,8200000008,10,baseline,903998,101,carry_chain
7728199999,5,False,7728200004,10,baseline,956204,101,carry_chain
5799999999,5,False,5800000004,10,baseline,635954,101,carry_chain
8189999999,8,False,8190000007,10,baseline,803797,101,carry_chain
2750399999,4,False,2750400003,10,baseline,2054683,101,carry_chain
1699999999,6,False,1700000005,10,baseline,1286955,101,carry_chain
9999999999,2,False,10000000001,10,baseline,10000911,101,carry_chain
7849999999,1,False,7850000000,10,baseline,867490,101,carry_chain
6999999999,1,False,7000000000,10,baseline,769980,101,carry_chain
9261999999,6,False,9262000005,10,baseline,10023105,101,carry_chain
2043999999,3,False,2044000002,10,baseline,2219352,101,carry_chain
283499999999,4,False,283500000003,12,baseline,1104003,101,carry_chain
238959999999,2,False,238960000001,12,baseline,1620001,101,carry_chain
999999999999,4,False,1000000000003,12,baseline,1000003,101,carry_chain
359999999999,3,False,360000000002,12,baseline,1950005,101,carry_chain
899999999999,5,False,900000000004,12,baseline,1000004,101,carry_chain
999999999999,7,False,1000000000006,12,baseline,1000006,101,carry_chain
727099999999,4,False,727100000003,12,baseline,1000003,101,carry_chain
999999999999,1,False,1000000000000,12,baseline,100000,101,carry_chain
945819999999,8,False,945820000007,12,baseline,1000010,101,carry_chain
657999999999,6,False,658000000005,12,baseline,1650005,101,carry_chain
167999999999,3,False,168000000002,12,baseline,1850005,101,carry_chain
264199999999,4,False,264200000003,12,baseline,1911003,101,carry_chain
811412999999,1,False,811413000000,12,baseline,1930030,101,carry_chain
349999999999,7,False,350000000006,12,baseline,1890006,101,carry_chain
598999999999,7,False,599000000006,12,baseline,1580006,101,carry_chain
589999999999,4,False,590000000003,12,baseline,1580003,101,carry_chain
254999999999,1,False,255000000000,12,baseline,1800000,101,carry_chain
799999999999,5,False,800000000004,12,baseline,1800004,101,carry_chain
475389999999,7,False,475390000006,12,baseline,1053006,101,carry_chain
575601999999,4,False,575602000003,12,baseline,1056010,101,carry_chain
799999999999,3,False,800000000002,12,baseline,1800004,101,carry_chain
999999999999,9,False,1000000000008,12,baseline,100000,101,carry_chain
596589999999,8,False,596590000007,12,baseline,1561007,101,carry_chain
926999999999,1,False,927000000000,12,baseline,1020000,101,carry_chain
516999999999,8,False,517000000007,12,baseline,1080007,101,carry_chain
609424999999,5,False,609425000004,12,baseline,610427,101,carry_chain
635699999999,8,False,635700000007,12,baseline,1036007,101,carry_chain
339999999999,6,False,340000000005,12,baseline,1730005,101,carry_chain
186699999999,3,False,186700000002,12,baseline,1006005,101,carry_chain
808369999999,5,False,808370000004,12,baseline,9173604,101,carry_chain
510937999999,5,False,510938000004,12,baseline,1020004,101,carry_chain
870427999999,3,False,870428000002,12,baseline,1074200,101,carry_chain
962799999999,1,False,962800000000,12,baseline,1000000,101,carry_chain
587999999999,9,False,588000000008,12,baseline,156000,101,carry_chain
448204999999,8,False,448205000007,12,baseline,1932010,101,carry_chain
664559999999,4,False,664560000003,12,baseline,1315003,101,carry_chain
273799999999,2,False,273800000001,12,baseline,1057004,101,carry_chain
988684999999,7,False,988685000006,12,baseline,1000005,101,carry_chain
402281999999,4,False,402282000003,12,baseline,1422003,101,carry_chain
999999999999,5,False,1000000000004,12,baseline,1000004,101,carry_chain
516192999999,1,False,516193000000,12,baseline,1031000,101,carry_chain
668999999999,1,False,669000000000,12,baseline,1760000,101,carry_chain
959999999999,9,False,960000000008,12,baseline,1060000,101,carry_chain
446699999999,5,False,446700000004,12,baseline,1916004,101,carry_chain
946999999999,1,False,947000000000,12,baseline,1000000,101,carry_chain
499999999999,5,False,500000000004,12,baseline,1400004,101,carry_chain
14419999999999999999,5,False,14420000000000000004,20,baseline,9,101,carry_chain
61414037369999999999,3,False,61414037370000000002,20,baseline,33333333333322222323222,101,carry_chain
46651978999999999999,2,False,46651979000000000001,20,baseline,9,101,carry_chain
18756529999999999999,7,False,18756530000000000006,20,baseline,22233222233332222323222,101,carry_chain
89999999999999999999,9,False,90000000000000000008,20,baseline,9,101,carry_chain
99999999999999999999,1,False,100000000000000000000,20,baseline,9,101,carry_chain
76808644499999999999,6,False,76808644500000000005,20,baseline,34545440403540902540090,101,carry_chain
19999999999999999999,3,False,20000000000000000002,20,baseline,9,101,carry_chain
66506699999999999999,6,False,66506700000000000005,20,baseline,9,101,carry_chain
25135339999999999999,6,False,25135340000000000005,20,baseline,33333233333222222322222,101,carry_chain
41291869999999999999,3,False,41291870000000000002,20,baseline,850302,101,carry_chain
68530419999999999999,5,False,68530420000000000004,20,baseline,42222202323202422220202,101,carry_chain
69999999999999999999,1,False,70000000000000000000,20,baseline,9,101,carry_chain
46651499999999999999,2,False,46651500000000000001,20,baseline,93030303030300910300000,101,carry_chain
36199999999999999999,3,False,36200000000000000002,20,baseline,9,101,carry_chain
14207310999999999999,1,False,14207311000000000000,20,baseline,3,101,carry_chain
38149999999999999999,6,False,38150000000000000005,20,baseline,9,101,carry_chain
34575899999999999999,1,False,34575900000000000000,20,baseline,9,101,carry_chain
19559062799999999999,8,False,19559062800000000007,20,baseline,6,101,carry_chain
20387878199999999999,5,False,20387878200000000004,20,baseline,8,101,carry_chain
48999999999999999999,7,False,49000000000000000006,20,baseline,9,101,carry_chain
47999999999999999999,1,False,48000000000000000000,20,baseline,9,101,carry_chain
99999999999999999999,6,False,100000000000000000005,20,baseline,9,101,carry_chain
47370699999999999999,9,False,47370700000000000008,20,baseline,9,101,carry_chain
16561044999999999999,3,False,16561045000000000002,20,baseline,4,101,carry_chain
88419999999999999999,3,False,88420000000000000002,20,baseline,9,101,carry_chain
99999999999999999999,8,False,100000000000000000007,20,baseline,9,101,carry_chain
29999999999999999999,2,False,30000000000000000001,20,baseline,9,101,carry_chain
27119999999999999999,1,False,27120000000000000000,20,baseline,9,101,carry_chain
38748999999999999999,8,False,38749000000000000007,20,baseline,9,101,carry_chain
76098770599999999999,1,False,76098770600000000000,20,baseline,7,101,carry_chain
38773501999999999999,7,False,38773502000000000006,20,baseline,501900,101,carry_chain
62999999999999999999,3,False,63000000000000000002,20,baseline,9,101,carry_chain
34613979999999999999,8,False,34613980000000000007,20,baseline,9,101,carry_chain
29999999999999999999,1,False,30000000000000000000,20,baseline,9,101,carry_chain
48818249999999999999,5,False,48818250000000000004,20,baseline,24353434233332222323222,101,carry_chain
65599999999999999999,4,False,65600000000000000003,20,baseline,9,101,carry_chain
71487899999999,2,False,71487900000001,14,baseline,1000,101,carry_chain
89430379999999,5,False,89430380000004,14,baseline,1300,101,carry_chain
34980489999999,3,False,34980490000002,14,baseline,1019,101,carry_chain
99999999999999,1,False,100000000000000,14,baseline,100,101,carry_chain
23249999999999,3,False,23250000000002,14,baseline,1400,101,carry_chain
13838499999999,7,False,13838500000006,14,baseline,1300,101,carry_chain
93252769999999,8,False,93252770000007,14,baseline,8407,101,carry_chain
96320649999999,6,False,96320650000005,14,baseline,1205,101,carry_chain
92861099999999,6,False,92861100000005,14,baseline,1000,101,carry_chain
23237799999999,9,False,23237800000008,14,baseline,1400,101,carry_chain
99999999999999,5,False,100000000000004,14,baseline,100,101,carry_chain
64903129999999,2,False,64903130000001,14,baseline,1023,101,carry_chain
77819999999999,8,False,77820000000007,14,baseline,1100,101,carry_chain
29799999999999,5,False,29800000000004,14,baseline,1000,101,carry_chain
87999999999999,1,False,88000000000000,14,baseline,1000,101,carry_chain
77199999999999,6,False,77200000000005,14,baseline,1000,101,carry_chain
72547999999999,7,False,72548000000006,14,baseline,1000,101,carry_chain
79673999999999,7,False,79674000000006,14,baseline,1800,101,carry_chain
14706299999999,2,False,14706300000001,14,baseline,1700,101,carry_chain
19899999999999,2,False,19900000000001,14,baseline,1000,101,carry_chain
57057099999999,7,False,57057100000006,14,baseline,1600,101,carry_chain
44999999999999,8,False,45000000000007,14,baseline,1000,101,carry_chain
99999999999999,2,False,100000000000001,14,baseline,100,101,carry_chain
92658999999999,3,False,92659000000002,14,baseline,1000,101,carry_chain
26258299999999,2,False,26258300000001,14,baseline,1500,101,carry_chain
99999999999999,3,False,100000000000002,14,baseline,100,101,carry_chain
30531899999999,7,False,30531900000006,14,baseline,1400,101,carry_chain
31999999999999,9,False,32000000000008,14,baseline,1000,101,carry_chain
97699999999999,7,False,97700000000006,14,baseline,100,101,carry_chain
69499999999999,6,False,69500000000005,14,baseline,1000,101,carry_chain
49539999999999,4,False,49540000000003,14,baseline,1300,101,carry_chain
50999999999999,8,False,51000000000007,14,baseline,1000,101,carry_chain
58737059999999,1,False,58737060000000,14,baseline,5395,101,carry_chain
81462999999999,6,False,81463000000005,14,baseline,1020,101,carry_chain
89975099999999,7,False,89975100000006,14,baseline,1000,101,carry_chain
38999999999999,1,False,39000000000000,14,baseline,1000,101,carry_chain
3799999999999,1,False,3800000000000,13,baseline,10000,101,carry_chain
5999999999999,6,False,6000000000005,13,baseline,10000,101,carry_chain
5942099999999,5,False,5942100000004,13,baseline,10200,101,carry_chain
4779999999999,5,False,4780000000004,13,baseline,15000,101,carry_chain
9999999999999,4,False,10000000000003,13,baseline,10000,101,carry_chain
5557999999999,5,False,5558000000004,13,baseline,10800,101,carry_chain
1795999999999,4,False,1796000000003,13,baseline,10000,101,carry_chain
9999999999999,1,False,10000000000000,13,baseline,10000,101,carry_chain
9999999999999,9,False,10000000000008,13,baseline,10000,101,carry_chain
9951309999999,3,False,9951310000002,13,baseline,101000,101,carry_chain
9171999999999,5,False,9172000000004,13,baseline,15100,101,carry_chain
8402999999999,9,False,8403000000008,13,baseline,11200,101,carry_chain
9999999999999,8,False,10000000000007,13,baseline,10000,101,carry_chain
4639889999999,4,False,4639890000003,13,baseline,10000,101,carry_chain
7999999999999,7,False,8000000000006,13,baseline,10000,101,carry_chain
7922623999999,6,False,7922624000005,13,baseline,122012,101,carry_chain
4782999999999,3,False,4783000000002,13,baseline,16200,101,carry_chain
7999999999999,9,False,8000000000008,13,baseline,10000,101,carry_chain
5196739999999,6,False,5196740000005,13,baseline,10700,101,carry_chain
2183432999999,5,False,2183433000004,13,baseline,10302,101,carry_chain
6488429999999,3,False,6488430000002,13,baseline,10000,101,carry_chain
9999999999999,6,False,10000000000005,13,baseline,10000,101,carry_chain
8999999999999,7,False,9000000000006,13,baseline,10000,101,carry_chain
3999999999999,6,False,4000000000005,13,baseline,10000,101,carry_chain
2819999999999,6,False,2820000000005,13,baseline,11000,101,carry_chain
6299999999999,4,False,6300000000003,13,baseline,19000,101,carry_chain
6961699999999,7,False,6961700000006,13,baseline,10100,101,carry_chain
8608669999999,3,False,8608670000002,13,baseline,17000,101,carry_chain
4538509999999,3,False,4538510000002,13,baseline,10000,101,carry_chain
2937672999999,1,False,2937673000000,13,baseline,238703,101,carry_chain
8399999999999,5,False,8400000000004,13,baseline,10000,101,carry_chain
2113999999999,6,False,2114000000005,13,baseline,11000,101,carry_chain
6986999999999,6,False,6987000000005,13,baseline,10000,101,carry_chain
25239999,7,False,25240006,8,baseline,252477,101,carry_chain
99999999,9,False,100000008,8,baseline,1000098,101,carry_chain
89999999,8,False,90000007,8,baseline,900007,101,carry_chain
38999999,9,False,39000008,8,baseline,390008,101,carry_chain
41999999,1,False,42000000,8,baseline,420010,101,carry_chain
89999999,2,False,90000001,8,baseline,900001,101,carry_chain
59999999,9,False,60000008,8,baseline,600008,101,carry_chain
11999999,4,False,12000003,8,baseline,1100049,101,carry_chain
80099999,5,False,80100004,8,baseline,801004,101,carry_chain
39999999,1,False,40000000,8,baseline,300000,101,carry_chain
99999999,3,False,100000002,8,baseline,1000032,101,carry_chain
62689999,1,False,62690000,8,baseline,626910,101,carry_chain
59249999,6,False,59250005,8,baseline,592566,101,carry_chain
45939999,5,False,45940004,8,baseline,459455,101,carry_chain
79999999,8,False,80000007,8,baseline,800007,101,carry_chain
72649999,3,False,72650002,8,baseline,726532,101,carry_chain
68779999,7,False,68780006,8,baseline,688870,101,carry_chain
79999999,7,False,80000006,8,baseline,800006,101,carry_chain
95259999,4,False,95260003,8,baseline,952654,101,carry_chain
16199999,5,False,16200004,8,baseline,162055,101,carry_chain
89999999,3,False,90000002,8,baseline,900002,101,carry_chain
99999999,5,False,100000004,8,baseline,1000054,101,carry_chain
54449999,1,False,54450000,8,baseline,544510,101,carry_chain
27999999,1,False,28000000,8,baseline,280010,101,carry_chain
31999999,6,False,32000005,8,baseline,320006,101,carry_chain
19499999,3,False,19500002,8,baseline,195032,101,carry_chain
58999999,6,False,59000005,8,baseline,590005,101,carry_chain
69239999,4,False,69240003,8,baseline,692443,101,carry_chain
95199999,6,False,95200005,8,baseline,952006,101,carry_chain
77799999,3,False,77800002,8,baseline,778002,101,carry_chain
47099999,7,False,47100006,8,baseline,471006,101,carry_chain
79999999,3,False,80000002,8,baseline,800002,101,carry_chain
49999999,7,False,50000006,8,baseline,400006,101,carry_chain
4049999999999999999,7,False,4050000000000000006,19,baseline,9,101,carry_chain
9071439999999999999,2,False,9071440000000000001,19,baseline,9,101,carry_chain
8372709999999999999,8,False,8372710000000000007,19,baseline,9,101,carry_chain
3599999999999999999,3,False,3600000000000000002,19,baseline,9,101,carry_chain
5901677719999999999,5,False,5901677720000000004,19,baseline,7,101,carry_chain
8599999999999999999,6,False,8600000000000000005,19,baseline,9,101,carry_chain
5999999999999999999,1,False,6000000000000000000,19,baseline,9,101,carry_chain
1655374799999999999,9,False,1655374800000000008,19,baseline,4,101,carry_chain
4899999999999999999,9,False,4900000000000000008,19,baseline,9,101,carry_chain
8607917149999999999,7,False,8607917150000000006,19,baseline,7,101,carry_chain
4748538619999999999,1,False,4748538620000000000,19,baseline,3,101,carry_chain
1999999999999999999,9,False,2000000000000000008,19,baseline,9,101,carry_chain
5496975999999999999,2,False,5496976000000000001,19,baseline,5,101,carry_chain
9999999999999999999,8,False,10000000000000000007,19,baseline,9,101,carry_chain
4982983999999999999,7,False,4982984000000000006,19,baseline,3,101,carry_chain
9507899999999999999,2,False,9507900000000000001,19,baseline,9,101,carry_chain
9522249999999999999,7,False,9522250000000000006,19,baseline,9,101,carry_chain
7999999999999999999,2,False,8000000000000000001,19,baseline,9,101,carry_chain
6639399999999999999,7,False,6639400000000000006,19,baseline,9,101,carry_chain
9999999999999999999,2,False,10000000000000000001,19,baseline,9,101,carry_chain
8147699999999999999,5,False,8147700000000000004,19,baseline,9,101,carry_chain
1009999999999999999,3,False,1010000000000000002,19,baseline,9,101,carry_chain
6699999999999999999,4,False,6700000000000000003,19,baseline,9,101,carry_chain
9999999999999999999,3,False,10000000000000000002,19,baseline,9,101,carry_chain
3887999999999999999,9,False,3888000000000000008,19,baseline,9,101,carry_chain
9639999999999999999,4,False,9640000000000000003,19,baseline,9,101,carry_chain
7759999999999999999,7,False,7760000000000000006,19,baseline,9,101,carry_chain
6359677350999999999,4,False,6359677351000000003,19,baseline,7,101,carry_chain
8730439999999999999,5,False,8730440000000000004,19,baseline,9,101,carry_chain
4299999999999999999,5,False,4300000000000000004,19,baseline,9,101,carry_chain
3653667699999999999,5,False,3653667700000000004,19,baseline,6,101,carry_chain
5071496099999999999,9,False,5071496100000000008,19,baseline,9,101,carry_chain
999999,1,False,1000000,6,baseline,909000,101,carry_chain
999999,9,False,1000008,6,baseline,900008,101,carry_chain
68928,41684,False,110612,5,baseline,100612,211,id_random
26766,23729,False,50495,5,baseline,40495,211,id_random
30587,32520,False,63107,5,baseline,62107,211,id_random
61991,51087,False,113078,5,baseline,112078,211,id_random
66875,61148,False,128023,5,baseline,127023,211,id_random
32978,57923,False,90901,5,baseline,80901,211,id_random
90957,46028,False,136985,5,baseline,136085,211,id_random
61266,43734,False,105000,5,baseline,104900,211,id_random
58090,82361,False,140451,5,baseline,130451,211,id_random
299935,72,False,300007,6,baseline,299907,211,id_random
301036,69,False,301105,6,baseline,301005,211,id_random
570489,11,False,570500,6,baseline,570400,211,id_random
703960,32,False,703992,6,baseline,704092,211,id_random
140187,16,False,140203,6,baseline,140103,211,id_random
824325,35,False,824360,6,baseline,824350,211,id_random
3241,64,False,3305,4,baseline,3205,211,id_random
8128,73,False,8201,4,baseline,8101,211,id_random
2922,81,False,3003,4,baseline,2003,211,id_random
7,93592,False,93599,5,baseline,93609,211,id_random
1,29026,False,29027,5,baseline,29026,211,id_random
91106,2774,False,93880,5,baseline,93870,211,id_random
76209,9097,False,85306,5,baseline,85206,211,id_random
72194,7898,False,80092,5,baseline,70092,211,id_random
67099,4641,False,71740,5,baseline,71730,211,id_random
24962,2037,False,26999,5,baseline,26099,211,id_random
33160,9470,False,42630,5,baseline,42530,211,id_random
74547,6504,False,81051,5,baseline,81041,211,id_random
79,60919,False,60998,5,baseline,61098,211,id_random
689,7715,False,8404,4,baseline,8304,211,id_random
483,6619,False,7102,4,baseline,7002,211,id_random
368,6332,False,6700,4,baseline,6600,211,id_random
51,951,False,1002,3,baseline,1962,211,id_random
1124,5969,False,7093,4,baseline,7193,211,id_random
9832,9274,False,19106,4,baseline,19006,211,id_random
6868,9175,False,16043,4,baseline,15043,211,id_random
213,827,False,1040,3,baseline,1030,211,id_random
325,435,False,760,3,baseline,750,211,id_random
150,546,False,696,3,baseline,796,211,id_random
301967,9,False,301976,6,baseline,301076,211,id_random
35919,566907,False,602826,6,baseline,502826,211,id_random
84255,616966,False,701221,6,baseline,601221,211,id_random
57677,133320,False,190997,6,baseline,191997,211,id_random
51489,365612,False,417101,6,baseline,417001,211,id_random
25713,277742,False,303455,6,baseline,203455,211,id_random
79446,669539,False,748985,6,baseline,749985,211,id_random
56338,342986,False,399324,6,baseline,499324,211,id_random
26,840577,False,840603,6,baseline,840503,211,id_random
69,759326,False,759395,6,baseline,759495,211,id_random
3816,981,False,4797,4,baseline,4897,211,id_random
50410,694,False,51104,5,baseline,51004,211,id_random
17919,983,False,18902,5,baseline,18802,211,id_random
38131,882,False,39013,5,baseline,38013,211,id_random
48907,94,False,49001,5,baseline,48901,211,id_random
1,9440,False,9441,4,baseline,94411,211,id_random
3,7898,False,7901,4,baseline,79011,211,id_random
7,1064,False,1071,4,baseline,10711,211,id_random
912,69031,False,69943,5,baseline,70943,211,id_random
168,52236,False,52404,5,baseline,52304,211,id_random
874753,450,False,875203,6,baseline,875103,211,id_random
506243,265,False,506508,6,baseline,506408,211,id_random
184864,189,False,185053,6,baseline,184053,211,id_random
426,509575,False,510001,6,baseline,509901,211,id_random
844,859150,False,859994,6,baseline,860994,211,id_random
61,4134,False,4195,4,baseline,4295,211,id_random
369209,44980,False,414189,6,baseline,414199,211,id_random
793276,43796,False,837072,6,baseline,836072,211,id_random
574134,16262,False,590396,6,baseline,580396,211,id_random
267475,15561,False,283036,6,baseline,282036,211,id_random
923639,89958,False,1013597,6,baseline,1013697,211,id_random
963547,49538,False,1013085,6,baseline,1012085,211,id_random
248929,322871,False,571800,6,baseline,571700,211,id_random
545502,675097,False,1220599,6,baseline,1220699,211,id_random
968287,158020,False,1126307,6,baseline,1126207,211,id_random
6204,23762,False,29966,5,baseline,30966,211,id_random
6538,73625,False,80163,5,baseline,70163,211,id_random
1191,609871,False,611062,6,baseline,610062,211,id_random
429675,1694,False,431369,6,baseline,431379,211,id_random
998795,6873,False,1005668,6,baseline,1005678,211,id_random
498255,2613,False,500868,6,baseline,400868,211,id_random
249418,1573,False,250991,6,baseline,251991,211,id_random
4588,2,False,4590,4,baseline,4580,211,id_random
1299,1,False,1300,4,baseline,1200,211,id_random
3,907,False,910,3,baseline,917,211,id_random
8,410,False,418,3,baseline,410,211,id_random
411236966,89878134,False,501115100,9,baseline,114467444440,211,ood_primary
907817045,10776226,False,918593271,9,baseline,188798188871,211,ood_primary
944973433,81941356,False,1026914789,9,baseline,462626900097,211,ood_primary
973239959,32433177,False,1005673136,9,baseline,173333333233,211,ood_primary
816877011,81739191,False,898616202,9,baseline,984644788877,211,ood_primary
837760884,87876007,False,925636891,9,baseline,748786767777,211,ood_primary
978936776,66457976,False,1045394752,9,baseline,182284200004,211,ood_primary
372944675,97744067,False,470688742,9,baseline,411111900005,211,ood_primary
218741032,15176953,False,233917985,9,baseline,778921444840,211,ood_primary
224598379,55327493,False,279925872,9,baseline,721110006600,211,ood_primary
714006591,91372219,False,805378810,9,baseline,133361000001,211,ood_primary
566877563,74283236,False,641160799,9,baseline,195599999998,211,ood_primary
732762472,34007110,False,766769582,9,baseline,060226777776,211,ood_primary
127368871,57564415,False,184933286,9,baseline,844144777774,211,ood_primary
446319179,76273290,False,522592469,9,baseline,831092344432,211,ood_primary
723543840,89220863,False,812764703,9,baseline,365663556665,211,ood_primary
538977324,33271290,False,572248614,9,baseline,194497980077,211,ood_primary
460521812,59396849,False,519918661,9,baseline,161143757653,211,ood_primary
308188329,10666912,False,318855241,9,baseline,899108999998,211,ood_primary
258139291,57344104,False,315483395,9,baseline,162324442242,211,ood_primary
528571254,54405469,False,582976723,9,baseline,181777757577,211,ood_primary
632580217,40048487,False,672628704,9,baseline,808840856585,211,ood_primary
681342820,53187866,False,734530686,9,baseline,171005534337,211,ood_primary
945485510,92451244,False,1037936754,9,baseline,529498525544,211,ood_primary
293554896,93179060,False,386733956,9,baseline,176676666666,211,ood_primary
593758521,71402631,False,665161152,9,baseline,878487288825,211,ood_primary
122613877,58357386,False,180971263,9,baseline,166166222722,211,ood_primary
503197728,19487192,False,522684920,9,baseline,185556112220,211,ood_primary
8215853564,70346679969,False,78562533533,11,baseline,71666666591522,211,ood_primary
4721261702,51999880805,False,56721142507,11,baseline,13221212333344,211,ood_primary
3447645234,64387844183,False,67835489417,11,baseline,78888876111101,211,ood_primary
2930886844,60397896848,False,63328783692,11,baseline,88111111878123,211,ood_primary
9604281694,22051233728,False,31655515422,11,baseline,94444446601666,211,ood_primary
5959390020,90820660918,False,96780050938,11,baseline,10000009232333,211,ood_primary
3455390767,94941459658,False,98396850425,11,baseline,98666666493106,211,ood_primary
5730443041,31216081498,False,36946524539,11,baseline,31000000434654,211,ood_primary
6196472512,14290508032,False,20486980544,11,baseline,76866666421666,211,ood_primary
1590683901,14615250367,False,16205934268,11,baseline,17119016686869,211,ood_primary
5747367638,47366063582,False,53113431220,11,baseline,74888884383111,211,ood_primary
4170149406,52525949541,False,56696098947,11,baseline,47000002152766,211,ood_primary
9556486768,58263377378,False,67819864146,11,baseline,96677777737133,211,ood_primary
4178202375,68838038151,False,73016240526,11,baseline,13888882262652,211,ood_primary
8707059589,99540511322,False,108247570911,11,baseline,79777777660296,211,ood_primary
9736561943,80599688442,False,90336250385,11,baseline,97777777771999,211,ood_primary
9484486640,77642124976,False,87126611616,11,baseline,94444845501555,211,ood_primary
4190266096,81887323421,False,86077589517,11,baseline,66901903262838,211,ood_primary
7577357999,81790883281,False,89368241280,11,baseline,78888888822222,211,ood_primary
1594782508,58744967210,False,60339749718,11,baseline,11555558526655,211,ood_primary
9778978643,17722555371,False,27501534014,11,baseline,99999999942322,211,ood_primary
2890712949,83762250576,False,86652963525,11,baseline,29001007171506,211,ood_primary
7665899961,68749815447,False,76415715408,11,baseline,17666666586000,211,ood_primary
2432413909,94325595317,False,96758009226,11,baseline,19232322256332,211,ood_primary
8533555933,31912720205,False,40446276138,11,baseline,76644344668888,211,ood_primary
9355124249,38625957522,False,47981081771,11,baseline,16565656647500,211,ood_primary
7655340674,88563634431,False,96218975105,11,baseline,75656565767777,211,ood_primary
9430598417,96730757972,False,106161356389,11,baseline,92110001662223,211,ood_primary
6727114190,47488705443,False,54215819633,11,baseline,17777777151211,211,ood_primary
7717024909,84703362158,False,92420387067,11,baseline,29777777313792,211,ood_primary
8830160425,72718089948,False,81548250373,11,baseline,15000001111766,211,ood_primary
5655700521,90255151446,False,95910851967,11,baseline,17566665151986,211,ood_primary
5059808869,89418868383,False,94478677252,11,baseline,18000009808666,211,ood_primary
6486225485,95185139529,False,101671365014,11,baseline,27666668877988,211,ood_primary
3986089896,46436993731,False,50423083627,11,baseline,76666667777777,211,ood_primary
7527084229,68091920880,False,75619005109,11,baseline,79777777702999,211,ood_primary
6422213499,40542303823,False,46964517322,11,baseline,32222222222909,211,ood_primary
5453769794,88635242418,False,94089012212,11,baseline,76444444883111,211,ood_primary
8110463558,20067999440,False,28178462998,11,baseline,78100104642222,211,ood_primary
8601177857,81610210733,False,90211388590,11,baseline,71110111122818,211,ood_primary
729506883422,39602179070,False,769109062492,12,baseline,755655263742231,211,ood_primary
235515046591,76684702849,False,312199749440,12,baseline,756565763777666,211,ood_primary
630502854389,20503820823,False,651006675212,12,baseline,250555090734831,211,ood_primary
951390857236,53128168686,False,1004519025922,12,baseline,944244053612258,211,ood_primary
186889471791,55110955621,False,242000427412,12,baseline,199999999959000,211,ood_primary
704252255106,17058392266,False,721310647372,12,baseline,724242747675684,211,ood_primary
386913994397,72959682234,False,459873676631,12,baseline,307000208000842,211,ood_primary
550021354376,40798518764,False,590819873140,12,baseline,200000229459823,211,ood_primary
649518145073,44438260180,False,693956405253,12,baseline,626556686218891,211,ood_primary
610549202712,52118294675,False,662667497387,12,baseline,210555517717651,211,ood_primary
705958986222,48913741780,False,754872728002,12,baseline,700000676787850,211,ood_primary
324340943482,47144540442,False,371485483924,12,baseline,344433436272235,211,ood_primary
241654195006,60257854729,False,301912049735,12,baseline,277777611666605,211,ood_primary
314993562272,17354970064,False,332348532336,12,baseline,305000055016657,211,ood_primary
262615620170,79305927482,False,341921547652,12,baseline,266666277728666,211,ood_primary
657539908601,56611484126,False,714151392727,12,baseline,666666654764444,211,ood_primary
860980419315,58359587194,False,919340006509,12,baseline,800000896109516,211,ood_primary
134692379977,74112471906,False,208804851883,12,baseline,157777736666694,211,ood_primary
525263676311,12023633219,False,537287309530,12,baseline,325252277787744,211,ood_primary
308056858404,91336139362,False,399392997766,12,baseline,700806666000021,211,ood_primary
721599652496,99861825097,False,821461477593,12,baseline,166666606468868,211,ood_primary
385475914038,98690722585,False,484166636623,12,baseline,755555445001042,211,ood_primary
392253821707,79472505637,False,471726327344,12,baseline,332222727727601,211,ood_primary
8173867,2058717501,False,2066891368,10,baseline,164444601408,211,ood_primary
7122575,5750352048,False,5757474623,10,baseline,367277733377,211,ood_primary
6459862,3132910958,False,3139370820,10,baseline,975988899988,211,ood_primary
6908834,3519391646,False,3526300480,10,baseline,686227888881,211,ood_primary
5249015,3307690719,False,3312939734,10,baseline,788478109906,211,ood_primary
6186299,7974093189,False,7980279488,10,baseline,139936777779,211,ood_primary
8039510,8394427819,False,8402467329,10,baseline,495045950051,211,ood_primary
9608674,8873640059,False,8883248733,10,baseline,193399878777,211,ood_primary
1093769,6889372571,False,6890466340,10,baseline,163355688836,211,ood_primary
3485147,8215742918,False,8219228065,10,baseline,171196666666,211,ood_primary
4439985,1171222245,False,1175662230,10,baseline,210290000009,211,ood_primary
8813883,5149941927,False,5158755810,10,baseline,177777994498,211,ood_primary
5320133,5884613765,False,5889933898,10,baseline,646676411111,211,ood_primary
4251200,6045140045,False,6049391245,10,baseline,151505221212,211,ood_primary
3629026,3480984973,False,3484613999,10,baseline,119231199902,211,ood_primary
3132171,4015753964,False,4018886135,10,baseline,188642223217,211,ood_primary
9702889,1097620752,False,1107323641,10,baseline,854655599399,211,ood_primary
2602803,9964780915,False,9967383718,10,baseline,747774888891,211,ood_primary
2720912,7458106904,False,7460827816,10,baseline,171190991191,211,ood_primary
9290642,4648034426,False,4657325068,10,baseline,484622266666,211,ood_primary
5193957,8348892985,False,8354086942,10,baseline,173337002400,211,ood_primary
8761868,1723928184,False,1732690052,10,baseline,175691192288,211,ood_primary
8934616,3868516814,False,3877451430,10,baseline,547787646467,211,ood_primary
5549415,3388737724,False,3394287139,10,baseline,728888449495,211,ood_primary
2536846,4557500353,False,4560037199,10,baseline,418015487688,211,ood_primary
9135267,4045288432,False,4054423699,10,baseline,878541776777,211,ood_primary
9805720,3322579463,False,3332385183,10,baseline,197549276657,211,ood_primary
1592505,8067301034,False,8068893539,10,baseline,373977557765,211,ood_primary
89615286,16907130,False,106522416,8,baseline,55221016122,211,ood_primary
38374108,40232366,False,78606474,8,baseline,36332637477,211,ood_primary
82842400,64683653,False,147526053,8,baseline,1028,211,ood_primary
79241520,51605085,False,130846605,8,baseline,5155,211,ood_primary
97750020,87688577,False,185438597,8,baseline,8888,211,ood_primary
80107031,60651116,False,140758147,8,baseline,13514157000,211,ood_primary
85137429,47012647,False,132150076,8,baseline,17164448044,211,ood_primary
96299628,66617271,False,162916899,8,baseline,80799970000,211,ood_primary
21457879,40539979,False,61997858,8,baseline,11176118826,211,ood_primary
38346405,35338361,False,73684766,8,baseline,7978,211,ood_primary
19797420,43981116,False,63778536,8,baseline,1624,211,ood_primary
47564083,37997109,False,85561192,8,baseline,13397994666,211,ood_primary
89708216,86694096,False,176402312,8,baseline,17191988808,211,ood_primary
61682511,89281123,False,150963634,8,baseline,84239228880,211,ood_primary
81688502,95770026,False,177458528,8,baseline,15270628888,211,ood_primary
25917881,67477079,False,93394960,8,baseline,15578755888,211,ood_primary
74198327,71936705,False,146135032,8,baseline,6765,211,ood_primary
11533583,95952077,False,107485660,8,baseline,5208,211,ood_primary
12072383,40925799,False,52998182,8,baseline,51615,211,ood_primary
13489272,12827824,False,26317096,8,baseline,4745,211,ood_primary
62590304,77924059,False,140514363,8,baseline,2924,211,ood_primary
19952180,77578358,False,97530538,8,baseline,8791,211,ood_primary
26190321,59602012,False,85792333,8,baseline,00302260999,211,ood_primary
39531496,75883937,False,115415433,8,baseline,10237730444,211,ood_primary
17347619,33644161,False,50991780,8,baseline,4305,211,ood_primary
503930967496,73798423,False,504004765919,12,baseline,18200220047323,211,ood_primary
756172105496,99948749,False,756272054245,12,baseline,16782272281888,211,ood_primary
158611643818,84831832,False,158696475650,12,baseline,18766666729987,211,ood_primary
640934965302,64874806,False,640999840108,12,baseline,10900909043333,211,ood_primary
233248731004,25950620,False,233274681624,12,baseline,94323232262865,211,ood_primary
356805980774,80283429,False,356886264203,12,baseline,97658888703172,211,ood_primary
194037072780,45985228,False,194083058008,12,baseline,18801440317790,211,ood_primary
456690018463,71237284,False,456761255747,12,baseline,13277777690763,211,ood_primary
147716634251,47719293,False,147764353544,12,baseline,12287788812387,211,ood_primary
238639176289,42837339,False,238682013628,12,baseline,14547777730100,211,ood_primary
956942696415,84553992,False,957027250407,12,baseline,96100000947578,211,ood_primary
556397366739,56792021,False,556454158760,12,baseline,37764444202666,211,ood_primary
280338434062,16908318,False,280355342380,12,baseline,19944303342664,211,ood_primary
352503682358,47846653,False,352551529011,12,baseline,96112727541164,211,ood_primary
978329373451,78579492,False,978407952943,12,baseline,18744444423376,211,ood_primary
598393108659,47293772,False,598440402431,12,baseline,19944444422805,211,ood_primary
90157578650,846457875982,False,936615454632,12,baseline,966666878288824,211,ood_primary
65961145542,700417422378,False,766378567920,12,baseline,266666627753312,211,ood_primary
39890253943,685486721567,False,725376975510,12,baseline,399999091383318,211,ood_primary
87006924532,519043524627,False,606050449159,12,baseline,800001676998799,211,ood_primary
42706565819,232201344552,False,274907910371,12,baseline,500701663777660,211,ood_primary
35353575960,909623125994,False,944976701954,12,baseline,766666644444466,211,ood_primary
54985440822,178044038393,False,233029479215,12,baseline,499998670887668,211,ood_primary
76009811732,246789891364,False,322799703096,12,baseline,710011100402199,211,ood_primary
52563622525,594379809510,False,646943432035,12,baseline,617666686667829,211,ood_primary
71907300911,195685877409,False,267593178320,12,baseline,701907708788011,211,ood_primary
77735794982,303698489632,False,381434284614,12,baseline,7444448780888,211,ood_primary
24410368817,326504553062,False,350914921879,12,baseline,341411111717131,211,ood_primary
36795207946,390168279986,False,426963487932,12,baseline,208000586111111,211,ood_primary
97436808524,405342002694,False,502778811218,12,baseline,943474760989424,211,ood_primary
74713831608,962435175288,False,1037149006896,12,baseline,717111241941116,211,ood_primary
16128602743,427297197706,False,443425800449,12,baseline,121123333541106,211,ood_primary
28201392090,298160407430,False,326361799520,12,baseline,202200111011112,211,ood_primary
94428173939,253746318591,False,348174492530,12,baseline,934433207177930,211,ood_primary
51130919819,663714002434,False,714844922253,12,baseline,131113131042908,211,ood_primary
64041715815,448560636325,False,512602352140,12,baseline,740444127726228,211,ood_primary
48210593826,778606799737,False,826817393563,12,baseline,412212112726766,211,ood_primary
26082431953,575833910645,False,601916342598,12,baseline,288888277777111,211,ood_primary
65307385053,136007072663,False,201314457716,12,baseline,303301777272006,211,ood_primary
62377512282,768824914548,False,831202426830,12,baseline,688888829099213,211,ood_primary
60283791867,331228929442,False,391512721309,12,baseline,709099141000064,211,ood_primary
29678217939,629385216298,False,659063434237,12,baseline,288888800176109,211,ood_primary
64164104176,933111962967,False,997276067143,12,baseline,271666600010014,211,ood_primary
57577400674,582876580750,False,640453981424,12,baseline,588888742111108,211,ood_primary
52746950413,863652651070,False,916399601483,12,baseline,255555777888855,211,ood_primary
97624165070,751395509293,False,849019674363,12,baseline,926222645704416,211,ood_primary
53649193875,422980460763,False,476629654638,12,baseline,255555004666666,211,ood_primary
76507046841,520712626971,False,597219673812,12,baseline,700500768018701,211,ood_primary
67954144814,953053302336,False,1021007447150,12,baseline,696659557656853,211,ood_primary
59857800143,787781690948,False,847639491091,12,baseline,766666282010050,211,ood_primary
19786325,365878218704,False,365898005029,12,baseline,11188886847050,211,ood_primary
95416454,684448477091,False,684543893545,12,baseline,70072222760120,211,ood_primary
25182743,430703393959,False,430728576702,12,baseline,12288888877714,211,ood_primary
37365911,332850068440,False,332887434351,12,baseline,97777777771967,211,ood_primary
90913336,570158882773,False,570249796109,12,baseline,73311111141606,211,ood_primary
87496914,346958351618,False,347045848532,12,baseline,13700000790122,211,ood_primary
36707426,389718163612,False,389754871038,12,baseline,46707011704651,211,ood_primary
36457555,731682631986,False,731719089541,12,baseline,77866666821148,211,ood_primary
10993113,865157237165,False,865168230278,12,baseline,18693939267286,211,ood_primary
13534702,258135034292,False,258148568994,12,baseline,12223333705071,211,ood_primary
67915880,451731102175,False,451799018055,12,baseline,66712222666666,211,ood_primary
68099016,150871323496,False,150939422512,12,baseline,19900000990750,211,ood_primary
99791812,564247255161,False,564347046973,12,baseline,15510900191948,211,ood_primary
96061412,796231072197,False,796327133609,12,baseline,16666666166007,211,ood_primary
85719728,441464022588,False,441549742316,12,baseline,71122222088800,211,ood_primary
44287091,630891735005,False,630936022096,12,baseline,18788888700687,211,ood_primary
57980038,492040024252,False,492098004290,12,baseline,12288888030729,211,ood_primary
18210935,879914627289,False,879932838224,12,baseline,19091111110190,211,ood_primary
71172893,103999589911,False,104070762804,12,baseline,72298888978777,211,ood_primary
86144973,848373376532,False,848459521505,12,baseline,72255555504472,211,ood_primary
17452565,317239426115,False,317256878680,12,baseline,19956565711019,211,ood_primary
46918160,706155740093,False,706202658253,12,baseline,19899229816247,211,ood_primary
25785099,551215950011,False,551241735110,12,baseline,17678887704916,211,ood_primary
87813422,845208889040,False,845296702462,12,baseline,48681111146848,211,ood_primary
47939056,196680415109,False,196728354165,12,baseline,45504444054668,211,ood_primary
69366891,839725643110,False,839795010001,12,baseline,65557777775557,211,ood_primary
44937330,718211152410,False,718256089740,12,baseline,39594343941061,211,ood_primary
3380806,9378656,False,12759462,7,baseline,81866,211,ood_primary
5657200,2345653,False,8002853,7,baseline,89276,211,ood_primary
3042769,1939557,False,4982326,7,baseline,682736,211,ood_primary
9230333,7082066,False,16312399,7,baseline,838539,211,ood_primary
4564112,5758116,False,10322228,7,baseline,62982,211,ood_primary
3295481,6204483,False,9499964,7,baseline,41592,211,ood_primary
3347323,3100381,False,6447704,7,baseline,44735,211,ood_primary
8086484,4218461,False,12304945,7,baseline,70522,211,ood_primary
5290544,9861783,False,15152327,7,baseline,77671,211,ood_primary
1167855,6005690,False,7173545,7,baseline,66334,211,ood_primary
2847704,6573387,False,9421091,7,baseline,124032,211,ood_primary
8431784,4484523,False,12916307,7,baseline,170237,211,ood_primary
6869445,9815041,False,16684486,7,baseline,140941,211,ood_primary
9918810,6344211,False,16263021,7,baseline,152231,211,ood_primary
3701459,1104721,False,4806180,7,baseline,1018200025,211,ood_primary
1827560,6115078,False,7942638,7,baseline,73207,211,ood_primary
2845551,7620994,False,10466545,7,baseline,76764,211,ood_primary
1727997,3984755,False,5712752,7,baseline,126462,211,ood_primary
9944656,3685607,False,13630263,7,baseline,133112,211,ood_primary
2143080,4197168,False,6340248,7,baseline,242718,211,ood_primary
9442000,8016455,False,17458455,7,baseline,143645,211,ood_primary
3804611,1909895,False,5714506,7,baseline,60469,211,ood_primary
8110660,5248809,False,13359469,7,baseline,435449,211,ood_primary
4926066,8225427,False,13151493,7,baseline,24852,211,ood_primary
1651728,6427090,False,8078818,7,baseline,37342,211,ood_primary
6928899,4662347,False,11591246,7,baseline,995136,211,ood_primary
7430799,6006035,False,13436834,7,baseline,131374,211,ood_primary
7895691,2120703,False,10016394,7,baseline,717636,211,ood_primary
7216872,9158690,False,16375562,7,baseline,77565,211,ood_primary
4535000,9461415,False,13996415,7,baseline,77114,211,ood_primary
1609791,2819583,False,4429374,7,baseline,82979,211,ood_primary
8242428,5449881,False,13692309,7,baseline,78740,211,ood_primary
6028976,3597547,False,9626523,7,baseline,128723,211,ood_primary
1475862,7164296,False,8640158,7,baseline,14229,211,ood_primary
177595494,1955358,False,179550852,9,baseline,86077904066,211,ood_primary
946314011,5734779,False,952048790,9,baseline,74777792333,211,ood_primary
194233866,8988161,False,203222027,9,baseline,12161624433,211,ood_primary
636480825,7087084,False,643567909,9,baseline,82888888862,211,ood_primary
558581087,1732769,False,560313856,9,baseline,21139986536,211,ood_primary
264568645,2956592,False,267525237,9,baseline,16245447666,211,ood_primary
635847969,9470466,False,645318435,9,baseline,72475,211,ood_primary
351666126,9580648,False,361246774,9,baseline,6446,211,ood_primary
207267129,8596677,False,215863806,9,baseline,16776797686,211,ood_primary
710380775,2730802,False,713111577,9,baseline,01801888014,211,ood_primary
322877223,7231683,False,330108906,9,baseline,7086,211,ood_primary
470691117,7112265,False,477803382,9,baseline,29937719977,211,ood_primary
866131245,2668383,False,868799628,9,baseline,96999094411,211,ood_primary
471408337,4757467,False,476165804,9,baseline,15511184144,211,ood_primary
431363934,2684728,False,434048662,9,baseline,14111137444,211,ood_primary
180978118,9395170,False,190373288,9,baseline,17717979878,211,ood_primary
798919412,1498593,False,800418005,9,baseline,11173802000,211,ood_primary
475080445,4309052,False,479389497,9,baseline,0894,211,ood_primary
940749415,2257421,False,943006836,9,baseline,11162447888,211,ood_primary
882842666,2742030,False,885584696,9,baseline,28460604888,211,ood_primary
382913735,9281755,False,392195490,9,baseline,19101011090,211,ood_primary
956921204,9668858,False,966590062,9,baseline,1800,211,ood_primary
499689226,6998563,False,506687789,9,baseline,188,211,ood_primary
372715618,9515491,False,382231109,9,baseline,62711168888,211,ood_primary
852409104,1045744,False,853454848,9,baseline,7408,211,ood_primary
801580905,7171428,False,808752333,9,baseline,15718086555,211,ood_primary
186845379,1827670,False,188673049,9,baseline,8679,211,ood_primary
419620981,4945968,False,424566949,9,baseline,1907,211,ood_primary
437144267,3546761,False,440691028,9,baseline,14899885555,211,ood_primary
174913402,5801506,False,180714908,9,baseline,4135,211,ood_primary
191854487,2237339,False,194091826,9,baseline,78117775672,211,ood_primary
584082768,3506904,False,587589672,9,baseline,18299209111,211,ood_primary
503618378,3847103,False,507465481,9,baseline,18915,211,ood_primary
410393040,8123223,False,418516263,9,baseline,31632239244,211,ood_primary
845792745,3366331,False,849159076,9,baseline,88810180888,211,ood_primary
197584857,8890550,False,206475407,9,baseline,4748,211,ood_primary
826102729,987530657085,False,988356759814,12,baseline,16111111111091,211,ood_primary
815003153,137463621352,False,138278624505,12,baseline,30000000306303,211,ood_primary
873455344,477036623416,False,477910078760,12,baseline,75555555771212,211,ood_primary
456308618,928936843277,False,929393151895,12,baseline,83333333311379,211,ood_primary
619682087,700208325884,False,700828007971,12,baseline,28667768624865,211,ood_primary
944761179,655946288057,False,656891049236,12,baseline,18888887777777,211,ood_primary
170840672,690691848459,False,690862689131,12,baseline,14888846666870,211,ood_primary
762266574,154731854735,False,155494121309,12,baseline,72333233377787,211,ood_primary
476186304,169356919235,False,169833105539,12,baseline,48222229876254,211,ood_primary
541507183,360467098630,False,361008605813,12,baseline,75555551777646,211,ood_primary
114049387,520835805268,False,520949854655,12,baseline,14551115117060,211,ood_primary
996476896,526201649319,False,527198126215,12,baseline,94655558873434,211,ood_primary
988904533,623777789554,False,624766694087,12,baseline,14999999114444,211,ood_primary
740008957,639578803664,False,640318812621,12,baseline,70000001198177,211,ood_primary
670001913,807574904994,False,808244906907,12,baseline,10000000110101,211,ood_primary
461708715,986569043879,False,987030752594,12,baseline,87777777755555,211,ood_primary
629464756,248494140224,False,249123604980,12,baseline,62555556680122,211,ood_primary
900059456,247208922930,False,248108982386,12,baseline,91101006660161,211,ood_primary
728173156,703576975426,False,704305148582,12,baseline,38282288108888,211,ood_primary
681651870,492383193444,False,493064845314,12,baseline,26777777727666,211,ood_primary
130252655,944544444393,False,944674697048,12,baseline,13232327201774,211,ood_primary
479261121,830073405209,False,830552666330,12,baseline,12822426271676,211,ood_primary
513971399,893271863024,False,893785834423,12,baseline,39000007000066,211,ood_primary
437571562,523376032139,False,523813603701,12,baseline,12566657628292,211,ood_primary
27067628,475131939,False,502199567,9,baseline,787598888888,211,ood_primary
33067511,427064743,False,460132254,9,baseline,505122767677,211,ood_primary
29966490,574878596,False,604845086,9,baseline,152232777767,211,ood_primary
96334707,499204729,False,595539436,9,baseline,729963334437,211,ood_primary
34046286,498434208,False,532480494,9,baseline,646600757778,211,ood_primary
74791863,158859690,False,233651553,9,baseline,106669200009,211,ood_primary
59695742,898311068,False,958006810,9,baseline,320155500006,211,ood_primary
14303691,653469975,False,667773666,9,baseline,175751644470,211,ood_primary
59884019,665734016,False,725618035,9,baseline,717757848844,211,ood_primary
28287455,439518016,False,467805471,9,baseline,529996688871,211,ood_primary
44649412,847636968,False,892286380,9,baseline,758616095994,211,ood_primary
11851309,237220304,False,249071613,9,baseline,352020176211,211,ood_primary
66814912,244079708,False,310894620,9,baseline,149959552225,211,ood_primary
34367589,814924245,False,849291834,9,baseline,964544888885,211,ood_primary
27285146,808641457,False,835926603,9,baseline,636687557576,211,ood_primary
84840692,525560924,False,610401616,9,baseline,151165144447,211,ood_primary
68747955,264940779,False,333688734,9,baseline,167886485588,211,ood_primary
32870206,253706288,False,286576494,9,baseline,279993700000,211,ood_primary
50725875,264800404,False,315526279,9,baseline,836622733377,211,ood_primary
94548552,382866844,False,477415396,9,baseline,164330055546,211,ood_primary
29762656,290917853,False,320680509,9,baseline,115563368887,211,ood_primary
62029980,907385949,False,969415929,9,baseline,132271233332,211,ood_primary
77565279,985314594,False,1062879873,9,baseline,585558677777,211,ood_primary
55618052,124183021,False,179801073,9,baseline,811808808181,211,ood_primary
15180332,946327124,False,961507456,9,baseline,336666801813,211,ood_primary
30093858,144016672,False,174110530,9,baseline,038188442239,211,ood_primary
80572365,911885067,False,992457432,9,baseline,101114978893,211,ood_primary
19795055,277000687,False,296795742,9,baseline,050507595555,211,ood_primary
25197117,127440943,False,152638060,9,baseline,411548999701,211,ood_primary
61552376,667892652,False,729445028,9,baseline,101101757537,211,ood_primary
5114743173,9089163,False,5123832336,10,baseline,752214855447,211,ood_primary
3573585642,3339045,False,3576924687,10,baseline,978397764486,211,ood_primary
2599883147,4468454,False,2604351601,10,baseline,891655899881,211,ood_primary
6468270434,4437788,False,6472708222,10,baseline,704551088882,211,ood_primary
5989856459,4191695,False,5994048154,10,baseline,795105900009,211,ood_primary
7259202859,8199482,False,7267402341,10,baseline,120911900092,211,ood_primary
1652953855,6497029,False,1659450884,10,baseline,702220033332,211,ood_primary
6035425525,4103853,False,6039529378,10,baseline,742675556656,211,ood_primary
9546498862,8515745,False,9555014607,10,baseline,956417777777,211,ood_primary
8875219725,1872443,False,8877092168,10,baseline,123283576577,211,ood_primary
8932387024,9750228,False,8942137252,10,baseline,848701433233,211,ood_primary
5178890602,2853143,False,5181743745,10,baseline,988389999888,211,ood_primary
5092776965,8632688,False,5101409653,10,baseline,784454883338,211,ood_primary
2607650268,9923123,False,2617573391,10,baseline,777576767766,211,ood_primary
1262180245,9045826,False,1271226071,10,baseline,88,211,ood_primary
7025548723,3289147,False,7028837870,10,baseline,163186666666,211,ood_primary
3243575765,1231079,False,3244806844,10,baseline,947572444448,211,ood_primary
7397485874,2311005,False,7399796879,10,baseline,878585788871,211,ood_primary
7506709283,8818777,False,7515528060,10,baseline,768778877777,211,ood_primary
5255955726,9206583,False,5265162309,10,baseline,505115066660,211,ood_primary
9377578162,4796000,False,9382374162,10,baseline,777782888826,211,ood_primary
6635822452,3776860,False,6639599312,10,baseline,283840666666,211,ood_primary
5803618420,8382057,False,5812000477,10,baseline,167366334342,211,ood_primary
5735572860,3228808,False,5738801668,10,baseline,862476666666,211,ood_primary
6469885446,6940798,False,6476826244,10,baseline,808464900008,211,ood_primary
5224066667,9986015,False,5234052682,10,baseline,684437444447,211,ood_primary
4232369745,6354381878,False,10586751623,10,baseline,9473232334700,211,ood_primary
4348528195,1621833342,False,5970361537,10,baseline,,211,ood_primary
6014630749,1621351304,False,7635982053,10,baseline,1654544546299,211,ood_primary
7438254512,1488351148,False,8926605660,10,baseline,7008888881291,211,ood_primary
7572129795,6184334489,False,13756464284,10,baseline,1722222222227,211,ood_primary
1234728142,4374611082,False,5609339224,10,baseline,,211,ood_primary
2767301687,6431742066,False,9199043753,10,baseline,1407777763076,211,ood_primary
6723073903,4568610510,False,11291684413,10,baseline,3333333332773,211,ood_primary
6178366274,5971028450,False,12149394724,10,baseline,6788888812227,211,ood_primary
7233573563,8338796278,False,15572369841,10,baseline,3774444488019,211,ood_primary
1235003215,3986534167,False,5221537382,10,baseline,1650555507175,211,ood_primary
9741096446,4029688937,False,13770785383,10,baseline,9161111111111,211,ood_primary
8024599752,3047141803,False,11071741555,10,baseline,9775555566062,211,ood_primary
5600937622,8444387919,False,14045325541,10,baseline,7131111119029,211,ood_primary
7081820272,3085746863,False,10167567135,10,baseline,1818222981800,211,ood_primary
5562084236,7897130677,False,13459214913,10,baseline,1662222222112,211,ood_primary
4950456620,7260597694,False,12211054314,10,baseline,9551005056607,211,ood_primary
5589809532,1472891392,False,7062700924,10,baseline,1000000098980,211,ood_primary
2159302129,6617872678,False,8777174807,10,baseline,1220000029703,211,ood_primary
1777681102,7802990595,False,9580671697,10,baseline,,211,ood_primary
8755671413,3870299341,False,12625970754,10,baseline,1866666666232,211,ood_primary
4969810,615167839,False,620137649,9,baseline,19778779898,211,ood_primary
9306262,927940110,False,937246372,9,baseline,92504056267,211,ood_primary
5010179,322464374,False,327474553,9,baseline,7635,211,ood_primary
4498644,534170639,False,538669283,9,baseline,17148656868,211,ood_primary
8716118,236439823,False,245155941,9,baseline,45401052766,211,ood_primary
1944545,739560225,False,741504770,9,baseline,1005,211,ood_primary
5366015,688451965,False,693817980,9,baseline,44666652666,211,ood_primary
4405938,800503313,False,804909251,9,baseline,34331160066,211,ood_primary
3413777,277013923,False,280427700,9,baseline,7086,211,ood_primary
2818233,309100023,False,311918256,9,baseline,21233322880,211,ood_primary
1892210,828409739,False,830301949,9,baseline,16199114242,211,ood_primary
7975405,379444897,False,387420302,9,baseline,8848,211,ood_primary
2623410,170888977,False,173512387,9,baseline,12988881447,211,ood_primary
6679404,882568246,False,889247650,9,baseline,99686655499,211,ood_primary
1860876,638645085,False,640505961,9,baseline,14135,211,ood_primary
7390906,157940219,False,165331125,9,baseline,9840,211,ood_primary
9497536,607285069,False,616782605,9,baseline,87119157888,211,ood_primary
7226616,285777561,False,293004177,9,baseline,13381886666,211,ood_primary
7587171,146859966,False,154447137,9,baseline,99466559888,211,ood_primary
3755200,829719395,False,833474595,9,baseline,79299172757,211,ood_primary
2283876,916803812,False,919087688,9,baseline,8676,211,ood_primary
9170357,274785399,False,283955756,9,baseline,11235521100,211,ood_primary
6772272,476638777,False,483411049,9,baseline,78009938332,211,ood_primary
5994117,204744009,False,210738126,9,baseline,8857,211,ood_primary
4187607,598548873,False,602736480,9,baseline,1104,211,ood_primary
618731750105,244591080,False,618976341185,12,baseline,77777777284443,211,ood_primary
873215185553,209251316,False,873424436869,12,baseline,77223222227766,211,ood_primary
188628598183,439839841,False,189068438024,12,baseline,14477778951595,211,ood_primary
299553388210,408850785,False,299962238995,12,baseline,37666666510977,211,ood_primary
935554574820,215737517,False,935770312337,12,baseline,97666666667171,211,ood_primary
753954312971,559944285,False,754514257256,12,baseline,77002400570242,211,ood_primary
820814922026,321287064,False,821136209090,12,baseline,80888888231475,211,ood_primary
284454607720,707266657,False,285161874377,12,baseline,16655555570027,211,ood_primary
495840900977,227216744,False,496068117721,12,baseline,15586668477572,211,ood_primary
282424162923,437825734,False,282861988657,12,baseline,16644446476644,211,ood_primary
808944532512,408040557,False,809352573069,12,baseline,80100909484849,211,ood_primary
817303380639,153451255,False,817456831894,12,baseline,36633033063766,211,ood_primary
788587825619,424320382,False,789012146001,12,baseline,78666666565590,211,ood_primary
812718590266,401921136,False,813120511402,12,baseline,83372978888888,211,ood_primary
506198805609,378062672,False,506576868281,12,baseline,82227722060660,211,ood_primary
346588748392,530519409,False,347119267801,12,baseline,74666666501557,211,ood_primary
991609592795,278711408,False,991888304203,12,baseline,15766666116877,211,ood_primary
974218256661,471246597,False,974689503258,12,baseline,93324242223382,211,ood_primary
249926729480,590941183,False,250517670663,12,baseline,71000000324666,211,ood_primary
737453781226,368150902,False,737821932128,12,baseline,77755555868687,211,ood_primary
379683740162,223379685,False,379907119847,12,baseline,79777776800059,211,ood_primary
287045896764,461080436,False,287506977200,12,baseline,76610005515120,211,ood_primary
389488597194,888576638,False,390377173832,12,baseline,73955555523707,211,ood_primary
608008576208,479829247,False,608488405455,12,baseline,60800801111220,211,ood_primary
992883328,617590353,False,1610473681,9,baseline,350588808812,211,ood_primary
766250988,874071205,False,1640322193,9,baseline,159777233371,211,ood_primary
266221151,922243073,False,1188464224,9,baseline,142222222222,211,ood_primary
804038774,585976418,False,1390015192,9,baseline,134742110140,211,ood_primary
489576820,856515099,False,1346091919,9,baseline,135358666685,211,ood_primary
775264571,336169724,False,1111434295,9,baseline,522672332386,211,ood_primary
565598466,523439439,False,1089037905,9,baseline,862366666607,211,ood_primary
440706290,227419761,False,668126051,9,baseline,170707777174,211,ood_primary
681093783,888992436,False,1570086219,9,baseline,182800011102,211,ood_primary
914076611,666602496,False,1580679107,9,baseline,642871111187,211,ood_primary
224031524,479176762,False,703208286,9,baseline,700003000317,211,ood_primary
767843533,973659616,False,1741503149,9,baseline,778788888870,211,ood_primary
926186320,141480515,False,1067666835,9,baseline,186808121888,211,ood_primary
870225107,756980671,False,1627205778,9,baseline,962233322222,211,ood_primary
266712204,930474535,False,1197186739,9,baseline,722177777122,211,ood_primary
111932452,728662565,False,840595017,9,baseline,606005396362,211,ood_primary
140240929,690722961,False,830963890,9,baseline,140941222619,211,ood_primary
228308215,109507080,False,337815295,9,baseline,099913333308,211,ood_primary
383330545,966296190,False,1349626735,9,baseline,999943333333,211,ood_primary
431287499,255961827,False,687249326,9,baseline,106909033395,211,ood_primary
988909609,886198536,False,1875108145,9,baseline,179919009999,211,ood_primary
120798732,106940272,False,227739004,9,baseline,976679000077,211,ood_primary
621767580,346422114,False,968189694,9,baseline,766677788777,211,ood_primary
531283768,756942167,False,1288225935,9,baseline,101080033301,211,ood_primary
710462517,928558327,False,1639020844,9,baseline,546446405061,211,ood_primary
420998357,696300193,False,1117298550,9,baseline,996680000093,211,ood_primary
894251928,896886186,False,1791138114,9,baseline,922153333376,211,ood_primary
477773943,987101755,False,1464875698,9,baseline,344448888880,211,ood_primary
108699431,479330943,False,588030374,9,baseline,983800000093,211,ood_primary
790515300,168704330,False,959219630,9,baseline,485366565166,211,ood_primary
751174498,137154077,False,888328575,9,baseline,418881822888,211,ood_primary
995939328,827754434,False,1823693762,9,baseline,101060000020,211,ood_primary
323328597,760125217,False,1083453814,9,baseline,122233344437,211,ood_primary
460543573,752830163,False,1213373736,9,baseline,166754566578,211,ood_primary
362499895,595534873,False,958034768,9,baseline,808090555001,211,ood_primary
60617361958,69165169,False,60686527127,11,baseline,6555922722861,211,ood_primary
94253180110,29543543,False,94282723653,11,baseline,9435566666416,211,ood_primary
20402410439,88185956,False,20490596395,11,baseline,9319104022218,211,ood_primary
77872567339,69742262,False,77942309601,11,baseline,7890888888101,211,ood_primary
33039770906,79224557,False,33118995463,11,baseline,7160444440510,211,ood_primary
29572276763,12223292,False,29584500055,11,baseline,9555878873349,211,ood_primary
83393475409,20343743,False,83413819152,11,baseline,7322002209326,211,ood_primary
97630851225,34011967,False,97664863192,11,baseline,9656833333111,211,ood_primary
65678485282,38067885,False,65716553167,11,baseline,8700888885623,211,ood_primary
86299185857,87769710,False,86386955567,11,baseline,9067000000097,211,ood_primary
96053839433,99071829,False,96152911262,11,baseline,1777666666611,211,ood_primary
20944809112,37905382,False,20982714494,11,baseline,9577555555094,211,ood_primary
88643075796,74470370,False,88717546166,11,baseline,1998446464337,211,ood_primary
25150989201,80510079,False,25231499280,11,baseline,9166656666079,211,ood_primary
42991492760,87269388,False,43078762148,11,baseline,9282900002253,211,ood_primary
56713771509,93524331,False,56807295840,11,baseline,7422221711484,211,ood_primary
21176461898,99357282,False,21275819180,11,baseline,6444388876231,211,ood_primary
97710466691,76344867,False,97786811558,11,baseline,7111111711111,211,ood_primary
17325839994,57157738,False,17382997732,11,baseline,1868333333700,211,ood_primary
80600392114,69347832,False,80669739946,11,baseline,9144006001111,211,ood_primary
79915489072,44170226,False,79959659298,11,baseline,7977222222660,211,ood_primary
34538197825,62772695,False,34600970520,11,baseline,9538444440688,211,ood_primary
19214243765,92923366,False,19307167131,11,baseline,1697221212565,211,ood_primary
79255477645,57971289,False,79313448934,11,baseline,1111166666660,211,ood_primary
16314416297,96215306,False,16410631603,11,baseline,1777113111418,211,ood_primary
65144198504,58457785,False,65202656289,11,baseline,1558555555026,211,ood_primary
30888233461,95435174,False,30983668635,11,baseline,1999899988766,211,ood_primary
32326352005,77377481,False,32403729486,11,baseline,7322323232600,211,ood_primary
59707115968,95330593,False,59802446561,11,baseline,1555711110717,211,ood_primary
87411190230,60461610,False,87471651840,11,baseline,1110114111111,211,ood_primary
91128041011,27004738,False,91155045749,11,baseline,1091222220808,211,ood_primary
32429276,97794012505,False,97826441781,11,baseline,7806003333270,211,ood_primary
84942552,94577101223,False,94662043775,11,baseline,1977464646712,211,ood_primary
71790612,88851443219,False,88923233831,11,baseline,1880909990512,211,ood_primary
82641624,77985585396,False,78068227020,11,baseline,1000054462722,211,ood_primary
84136238,35630800066,False,35714936304,11,baseline,3666634336214,211,ood_primary
46724090,29102101500,False,29148825590,11,baseline,1441222224241,211,ood_primary
98594321,63770913714,False,63869508035,11,baseline,1111090094333,211,ood_primary
30645279,31147628868,False,31178274147,11,baseline,7976655566554,211,ood_primary
63600732,67957350690,False,68020951422,11,baseline,1999000000062,211,ood_primary
94545714,98408298382,False,98502844096,11,baseline,8699555555795,211,ood_primary
57877793,71110758044,False,71168635837,11,baseline,7887888888654,211,ood_primary
27463419,25863057091,False,25890520510,11,baseline,3611066663671,211,ood_primary
89975917,29197544483,False,29287520400,11,baseline,1167788886863,211,ood_primary
45644285,50722657853,False,50768302138,11,baseline,6111444446620,211,ood_primary
65781897,68941729350,False,69007511247,11,baseline,8000088888067,211,ood_primary
98162664,41818026174,False,41916188838,11,baseline,1800866663722,211,ood_primary
29870880,97018653248,False,97048524128,11,baseline,8110777778846,211,ood_primary
58797046,26109583654,False,26168380700,11,baseline,9779790079744,211,ood_primary
20716857,38354456406,False,38375173263,11,baseline,9198772777991,211,ood_primary
18159553,67095205940,False,67113365493,11,baseline,9860866605795,211,ood_primary
82038160,60572198429,False,60654236589,11,baseline,1533004338137,211,ood_primary
58065145,45496813993,False,45554879138,11,baseline,7400677666695,211,ood_primary
30537388,60208252901,False,60238790289,11,baseline,1749044400621,211,ood_primary
33995042,94344809359,False,94378804401,11,baseline,4888599550284,211,ood_primary
58360581,64341536581,False,64399897162,11,baseline,5333666666510,211,ood_primary
31038474,18622870953,False,18653909427,11,baseline,1044404408711,211,ood_primary
32359995,42857116779,False,42889476774,11,baseline,7777006600080,211,ood_primary
72046224,84175103545,False,84247149769,11,baseline,5376640466254,211,ood_primary
21502695,47815442585,False,47836945280,11,baseline,5846031127533,211,ood_primary
32274868,45028123019,False,45060397887,11,baseline,8444478875224,211,ood_primary
295745558876,8694503,False,295754253379,12,baseline,91424888870200,211,ood_primary
257815655649,4358569,False,257820014218,12,baseline,98860988966010,211,ood_primary
722913991572,7684428,False,722921676000,12,baseline,13880001004120,211,ood_primary
459422140260,7121865,False,459429262125,12,baseline,94864484841944,211,ood_primary
557616183478,5617236,False,557621800714,12,baseline,19876666677777,211,ood_primary
562619506191,4982068,False,562624488259,12,baseline,92887767677500,211,ood_primary
486397779211,2223778,False,486400002989,12,baseline,70155444420440,211,ood_primary
150478005873,8871537,False,150486877410,12,baseline,10444545570774,211,ood_primary
772728728424,6302788,False,772735031212,12,baseline,15498888895156,211,ood_primary
826278498345,8946982,False,826287445327,12,baseline,13208333338520,211,ood_primary
565025478365,3363307,False,565028841672,12,baseline,95866151022673,211,ood_primary
388861979960,8054811,False,388870034771,12,baseline,98788999877013,211,ood_primary
319860451168,8396931,False,319868848099,12,baseline,94244898869367,211,ood_primary
672524616320,3695626,False,672528311946,12,baseline,17447565658005,211,ood_primary
766366521103,8591408,False,766375112511,12,baseline,97774446476227,211,ood_primary
883170806771,9190790,False,883179997561,12,baseline,98882222228188,211,ood_primary
773727192859,7685446,False,773734878305,12,baseline,10064888899104,211,ood_primary
581607444769,4794793,False,581612239562,12,baseline,19762777661848,211,ood_primary
694660842605,8144898,False,694668987503,12,baseline,91777777766677,211,ood_primary
480540996245,9082864,False,480550079109,12,baseline,99996666655017,211,ood_primary
759980291166,8943326,False,759989234492,12,baseline,15449000098086,211,ood_primary
141824079472,9832749,False,141833912221,12,baseline,94999999422727,211,ood_primary
575289858808,2411637,False,575292270445,12,baseline,73993333339021,211,ood_primary
279312598513,5298445,False,279317896958,12,baseline,93394444423357,211,ood_primary
557214670015,2325527,False,557216995542,12,baseline,17232227222323,211,ood_primary
104411270159,5196038,False,104416466197,12,baseline,15355444411932,211,ood_primary
693966052889,2638636,False,693968691525,12,baseline,11170002006625,211,ood_primary
178626015611,5921224,False,178631936835,12,baseline,18876666862662,211,ood_primary
129869937698,1191795,False,129871129493,12,baseline,93555999770166,211,ood_primary
233247124864,2979226,False,233250104090,12,baseline,97183333232791,211,ood_primary
601307229545,3170976,False,601310400521,12,baseline,15444343431113,211,ood_primary
657526233562,6085933,False,657532319495,12,baseline,94876576576288,211,ood_primary
660782256413,8406340,False,660790662753,12,baseline,60900888870640,211,ood_primary
901062656059,4481729,False,901067137788,12,baseline,15327111066737,211,ood_primary
666220955100,3153183,False,666224108283,12,baseline,12222262222222,211,ood_primary
976087988073,5095015,False,976093083088,12,baseline,11017016087855,211,ood_primary
794386105,59349318208,False,60143704313,11,baseline,1124444408625,211,ood_primary
756087011,53409312086,False,54165399097,11,baseline,1808000808616,211,ood_primary
950500690,10238675905,False,11189176595,11,baseline,9050555511110,211,ood_primary
490071913,69634875737,False,70124947650,11,baseline,1707000772072,211,ood_primary
288472154,75151522681,False,75439994835,11,baseline,1474444471714,211,ood_primary
449382142,34839241421,False,35288623563,11,baseline,1839444482144,211,ood_primary
681475726,81987182018,False,82668657744,11,baseline,5755555585424,211,ood_primary
675674064,24428395545,False,25104069609,11,baseline,1266677767461,211,ood_primary
608777273,98803231207,False,99412008480,11,baseline,7778888887495,211,ood_primary
191103853,43681649944,False,43872753797,11,baseline,1111111111110,211,ood_primary
781363438,88570672774,False,89352036212,11,baseline,3163444376012,211,ood_primary
483911341,57054518595,False,57538429936,11,baseline,3109090911622,211,ood_primary
793946311,76720582677,False,77514528988,11,baseline,7940000046027,211,ood_primary
710577576,33868579726,False,34579157302,11,baseline,7854666668244,211,ood_primary
182782032,13976040837,False,14158822869,11,baseline,1777787880606,211,ood_primary
798429814,76827731038,False,77626160852,11,baseline,7665555655555,211,ood_primary
381705765,31311206766,False,31692912531,11,baseline,7177777777776,211,ood_primary
209835928,73537006423,False,73746842351,11,baseline,9181899886620,211,ood_primary
977978257,17843377919,False,18821356176,11,baseline,9880000088755,211,ood_primary
285984478,92310664102,False,92596648580,11,baseline,,211,ood_primary
208243034,42686916303,False,42895159337,11,baseline,1662624246236,211,ood_primary
203341369,46828481595,False,47031822964,11,baseline,1273336371151,211,ood_primary
529571925,27179387264,False,27708959189,11,baseline,1858666668024,211,ood_primary
155438732,42673960555,False,42829399287,11,baseline,,211,ood_primary
630654762,32472105606,False,33102760368,11,baseline,7676677777979,211,ood_primary
327320338,61621496558,False,61948816896,11,baseline,1423333332324,211,ood_primary
960486206,38997742383,False,39958228589,11,baseline,1859555568826,211,ood_primary
942380965,89737167310,False,90679548275,11,baseline,1700444308888,211,ood_primary
393545618,11297806558,False,11691352176,11,baseline,9766666653219,211,ood_primary
263421733,94065737789,False,94329159522,11,baseline,1244444422883,211,ood_primary
598160979,54538703318,False,55136864297,11,baseline,1661272771765,211,ood_primary
298685414,32628711366,False,32927396780,11,baseline,,211,ood_primary
797936640,59446473940,False,60244410580,11,baseline,7920099047188,211,ood_primary
290723910,88599402508,False,88890126418,11,baseline,9098888948772,211,ood_primary
380174767,94367707142,False,94747881909,11,baseline,7081111188888,211,ood_primary
708774845,10188138613,False,10896913458,11,baseline,7788888887614,211,ood_primary
484183052,82492911687,False,82977094739,11,baseline,1811222281810,211,ood_primary
506779467,49433527387,False,49940306854,11,baseline,4888888888773,211,ood_primary
3284388774,80964414,False,3365353188,10,baseline,856765555642,211,ood_primary
9742609566,21594397,False,9764203963,10,baseline,937787333387,211,ood_primary
6029513395,63910696,False,6093424091,10,baseline,304110900953,211,ood_primary
6782094944,13363888,False,6795458832,10,baseline,911552222221,211,ood_primary
4357319169,57700093,False,4415019262,10,baseline,940268888849,211,ood_primary
8352723773,31792206,False,8384515979,10,baseline,373993333389,211,ood_primary
7635763356,96260537,False,7732023893,10,baseline,353322666627,211,ood_primary
9358905901,90804154,False,9449710055,10,baseline,198999999999,211,ood_primary
8091804683,79282475,False,8171087158,10,baseline,819898922984,211,ood_primary
7318551064,30662552,False,7349213616,10,baseline,187597989557,211,ood_primary
4482364166,80289066,False,4562653232,10,baseline,833944324336,211,ood_primary
4003191384,16218478,False,4019409862,10,baseline,121443333421,211,ood_primary
9581925347,82049512,False,9663974859,10,baseline,910660222209,211,ood_primary
3874940356,65729624,False,3940669980,10,baseline,991550555546,211,ood_primary
2589958512,98159609,False,2688118121,10,baseline,901100000005,211,ood_primary
4287160589,76230210,False,4363390799,10,baseline,077777888212,211,ood_primary
2592278322,61520266,False,2653798588,10,baseline,923333229339,211,ood_primary
7423704305,14899899,False,7438604204,10,baseline,906320444479,211,ood_primary
8317857998,34026992,False,8351884990,10,baseline,988898888884,211,ood_primary
8492364577,31517892,False,8523882469,10,baseline,949413332440,211,ood_primary
1974765022,37162823,False,2011927845,10,baseline,974988154762,211,ood_primary
6080729177,64113567,False,6144842744,10,baseline,978787711188,211,ood_primary
4085913947,79558712,False,4165472659,10,baseline,300660666001,211,ood_primary
9697249275,34510952,False,9731760227,10,baseline,977979888833,211,ood_primary
7800554137,72655471,False,7873209608,10,baseline,511361100051,211,ood_primary
7571293904,99688703,False,7670982607,10,baseline,132332222223,211,ood_primary
95656898,4069989,False,99726887,8,baseline,12667775366,211,ood_primary
84292752,8552066,False,92844818,8,baseline,74475,211,ood_primary
55018539,3701631,False,58720170,8,baseline,01069665722,211,ood_primary
80289666,5723500,False,86013166,8,baseline,21296,211,ood_primary
54621159,5337053,False,59958212,8,baseline,3548,211,ood_primary
71063476,8338567,False,79402043,8,baseline,70223,211,ood_primary
98106965,8887418,False,106994383,8,baseline,19563655571,211,ood_primary
81786572,3205154,False,84991726,8,baseline,68601,211,ood_primary
49402512,2140695,False,51543207,8,baseline,2425,211,ood_primary
12955415,8106484,False,21061899,8,baseline,6518,211,ood_primary
47520242,3137014,False,50657256,8,baseline,35394,211,ood_primary
60835321,9223514,False,70058835,8,baseline,75765,211,ood_primary
36120780,6787203,False,42907983,8,baseline,80898,211,ood_primary
11598947,9705809,False,21304756,8,baseline,89528,211,ood_primary
16457038,1007950,False,17464988,8,baseline,85497,211,ood_primary
33735106,8031427,False,41766533,8,baseline,46814,211,ood_primary
43562030,1079441,False,44641471,8,baseline,13194,211,ood_primary
98807199,5856013,False,104663212,8,baseline,15231927871,211,ood_primary
77461981,8274093,False,85736074,8,baseline,83897,211,ood_primary
27449060,4646474,False,32095534,8,baseline,1954,211,ood_primary
19119714,6165141,False,25284855,8,baseline,1808,211,ood_primary
17085392,9793138,False,26878530,8,baseline,88441,211,ood_primary
58822260,1373111,False,60195371,8,baseline,59951,211,ood_primary
80676343,1042060,False,81718403,8,baseline,8085,211,ood_primary
32713846,9891647,False,42605493,8,baseline,41291815132,211,ood_primary
87798597,6582488,False,94381085,8,baseline,18677773990,211,ood_primary
68869201,7359532,False,76228733,8,baseline,12815,211,ood_primary
48588076,2153782,False,50741858,8,baseline,14117987888,211,ood_primary
22473366,2734416,False,25207782,8,baseline,7077,211,ood_primary
601343328370,304590148957,False,905933477327,12,baseline,641343410010347,211,ood_primary
329576802979,197448939666,False,527025742645,12,baseline,766665655555555,211,ood_primary
544779955941,445087864255,False,989867820196,12,baseline,788888884449000,211,ood_primary
410685976852,728339850710,False,1139025827562,12,baseline,476777733335825,211,ood_primary
175436036689,581463638233,False,756899674922,12,baseline,164557771222261,211,ood_primary
805519199597,391440860705,False,1196960060302,12,baseline,766666867719809,211,ood_primary
252480073583,698422139441,False,950902213024,12,baseline,265652665466262,211,ood_primary
362986589492,282579969946,False,645566559438,12,baseline,723000108376757,211,ood_primary
443167026604,686261092259,False,1129428118863,12,baseline,434322767666467,211,ood_primary
349204729071,824060951777,False,1173265680848,12,baseline,729222170971211,211,ood_primary
590436928527,231697891712,False,822134820239,12,baseline,640446667866016,211,ood_primary
161300463191,124636367627,False,285936830818,12,baseline,111131334410101,211,ood_primary
771115225662,218829676312,False,989944901974,12,baseline,711111177777767,211,ood_primary
641263217179,971239952934,False,1612503170113,12,baseline,631233834883523,211,ood_primary
118680765741,793399484382,False,912080250123,12,baseline,197768695559295,211,ood_primary
781108122639,415610153691,False,1196718276330,12,baseline,711111113761901,211,ood_primary
961192338203,543834598936,False,1505026937139,12,baseline,921122042219553,211,ood_primary
320163154407,959883668732,False,1280046823139,12,baseline,310111767666666,211,ood_primary
761337041528,324311953485,False,1085648995013,12,baseline,711133456766555,211,ood_primary
548945867560,849783408747,False,1398729276307,12,baseline,500005505130510,211,ood_primary
231255560208,286238265497,False,517493825705,12,baseline,721233768866222,211,ood_primary
538404213618,590579503738,False,1128983717356,12,baseline,548448484381847,211,ood_primary
818129058781,871037287940,False,1689166346721,12,baseline,792223399094019,211,ood_primary
505571999823,278168589549,False,783740589372,12,baseline,266662828290000,211,ood_primary
761296541170,653092523337,False,1414389064507,12,baseline,721233333406090,211,ood_primary
685833801496,868771523320,False,1554605324816,12,baseline,685881902622967,211,ood_primary
225835158978,742571377054,False,968406536032,12,baseline,259981115150310,211,ood_primary
585013221670,1679280761,False,586692502431,12,baseline,36005001117770,211,ood_primary
724436678983,5985681899,False,730422360882,12,baseline,72555556788216,211,ood_primary
221707975205,2471873994,False,224179849199,12,baseline,77777778628886,211,ood_primary
463484501507,2734495050,False,466218996557,12,baseline,45564544165655,211,ood_primary
535340745169,5903629551,False,541244374720,12,baseline,15465437500003,211,ood_primary
897675308234,7542318894,False,905217627128,12,baseline,71777777730001,211,ood_primary
346585419726,4493191788,False,351078611514,12,baseline,77666666415502,211,ood_primary
375185588844,2829251295,False,378014840139,12,baseline,76226229625662,211,ood_primary
837747802161,9220262203,False,846968064364,12,baseline,78888877791098,211,ood_primary
691873865513,3148460448,False,695022325961,12,baseline,39999988884884,211,ood_primary
390822577355,7004105832,False,397826683187,12,baseline,34888887027571,211,ood_primary
405481019489,7265740829,False,412746760318,12,baseline,13555541846266,211,ood_primary
497922991248,9833722732,False,507756713980,12,baseline,27900003335450,211,ood_primary
835773960815,3761034229,False,839534995044,12,baseline,32888888024888,211,ood_primary
815052225103,1002494375,False,816054719478,12,baseline,20050005425754,211,ood_primary
358832590954,8815274936,False,367647865890,12,baseline,22898815778076,211,ood_primary
736478890550,4577781452,False,741056672002,12,baseline,77555588563234,211,ood_primary
110478726330,9732206021,False,120210932351,12,baseline,14555557761008,211,ood_primary
365950447779,5747498624,False,371697946403,12,baseline,37006005052222,211,ood_primary
423372451543,1615457798,False,424987909341,12,baseline,46444407656210,211,ood_primary
670300012444,1550591020,False,671850603464,12,baseline,57030330444444,211,ood_primary
973654706952,6464687063,False,980119394015,12,baseline,97777777712117,211,ood_primary
155480603091,5830253673,False,161310856764,12,baseline,15454540616841,211,ood_primary
395259401,7132876206,False,7528135607,10,baseline,8587733337015,211,ood_primary
964973770,5818857670,False,6783831440,10,baseline,7098900008051,211,ood_primary
628097771,5604030445,False,6232128216,10,baseline,7999111110777,211,ood_primary
283074265,9878469359,False,10161543624,10,baseline,8455811117121,211,ood_primary
943181410,9218884242,False,10162065652,10,baseline,8180812218181,211,ood_primary
442995076,6931929654,False,7374924730,10,baseline,9029000009595,211,ood_primary
819219563,3281036167,False,4100255730,10,baseline,1932332222202,211,ood_primary
896013119,7646067826,False,8542080945,10,baseline,1110100001111,211,ood_primary
998446067,9079510158,False,10077956225,10,baseline,1184444444662,211,ood_primary
891332189,7635874300,False,8527206489,10,baseline,1663333333335,211,ood_primary
760238288,2219696713,False,2979935001,10,baseline,1242332223334,211,ood_primary
369912178,4015734813,False,4385646991,10,baseline,1919999911333,211,ood_primary
215481901,2886496268,False,3101978169,10,baseline,9666646581075,211,ood_primary
415805168,3727686705,False,4143491873,10,baseline,7898888807767,211,ood_primary
490149413,2676072053,False,3166221466,10,baseline,4141111111503,211,ood_primary
643387197,8914218961,False,9557606158,10,baseline,1070044440715,211,ood_primary
637558320,6548924886,False,7186483206,10,baseline,1006666666514,211,ood_primary
134645614,3687872306,False,3822517920,10,baseline,,211,ood_primary
986666446,1073461417,False,2060127863,10,baseline,1666667777662,211,ood_primary
758237828,7007504185,False,7765742013,10,baseline,7243232433384,211,ood_primary
234058971,1792555284,False,2026614255,10,baseline,9555611116635,211,ood_primary
924109995,7383564518,False,8307674513,10,baseline,1811111111111,211,ood_primary
323847169,9910188432,False,10234035601,10,baseline,1444889874799,211,ood_primary
104444354,6866286955,False,6970731309,10,baseline,1000544447111,211,ood_primary
200329570,1507492421,False,1707821991,10,baseline,9232344433092,211,ood_primary
357580884,4170922354,False,4528503238,10,baseline,9755656658870,211,ood_primary
184508672,9038277007,False,9222785679,10,baseline,8505155657624,211,ood_primary
282043941,9179813420,False,9461857361,10,baseline,1145410005176,211,ood_primary
479217898,5024054487,False,5503272385,10,baseline,8232322232844,211,ood_primary
131315352,1181387269,False,1312702621,10,baseline,,211,ood_primary
393864555,6908268162,False,7302132717,10,baseline,9666899987101,211,ood_primary
767629139,9701777772,False,10469406911,10,baseline,1276777778208,211,ood_primary
634218164,1829381428,False,2463599592,10,baseline,1322222222212,211,ood_primary
945344756,3020057032,False,3965401788,10,baseline,7464333337571,211,ood_primary
915989205,5545691839,False,6461681044,10,baseline,1068000008917,211,ood_primary
553168370,9518125291,False,10071293661,10,baseline,1717222227161,211,ood_primary
539290114,1635376395,False,2174666509,10,baseline,1219333332952,211,ood_primary
143062608,9532822399,False,9675885007,10,baseline,9696666662624,211,ood_primary
118488466,3567436215,False,3685924681,10,baseline,,211,ood_primary
50601084407,6043084,False,50607127491,11,baseline,9171700060114,211,ood_primary
73666843372,8014415,False,73674857787,11,baseline,7687777777722,211,ood_primary
58255109350,6956635,False,58262065985,11,baseline,1666666666667,211,ood_primary
77661476099,3838134,False,77665314233,11,baseline,7777776667767,211,ood_primary
18755780479,1261685,False,18757042164,11,baseline,9613566666624,211,ood_primary
83430817300,4585436,False,83435402736,11,baseline,1111333343305,211,ood_primary
76493329203,9851955,False,76503181158,11,baseline,1737620000245,211,ood_primary
47502826839,5732037,False,47508558876,11,baseline,1331910500320,211,ood_primary
28760543062,5646809,False,28766189871,11,baseline,9763366666102,211,ood_primary
69343560590,8066630,False,69351627220,11,baseline,7333455444711,211,ood_primary
20677120197,6404084,False,20683524281,11,baseline,1494477777746,211,ood_primary
88429167408,1146887,False,88430314295,11,baseline,7170733333308,211,ood_primary
75703073700,3587903,False,75706661603,11,baseline,9333301000305,211,ood_primary
87276485673,8184072,False,87284669745,11,baseline,8879988888722,211,ood_primary
30539868958,8941413,False,30548810371,11,baseline,9067734444081,211,ood_primary
75942796440,1266926,False,75944063366,11,baseline,9333355494566,211,ood_primary
15322807435,2106737,False,15324914172,11,baseline,9337333232226,211,ood_primary
97592480965,1279024,False,97593759989,11,baseline,9377390000962,211,ood_primary
28118175635,8239509,False,28126415144,11,baseline,9293322222929,211,ood_primary
68500175499,3033491,False,68503208990,11,baseline,9190900050011,211,ood_primary
31273480674,9011348,False,31282492022,11,baseline,8477708806711,211,ood_primary
92763988137,6409717,False,92770397854,11,baseline,9410137777820,211,ood_primary
78168760759,2210476,False,78170971235,11,baseline,7876777777686,211,ood_primary
36266805711,5409946,False,36272215657,11,baseline,9777777777689,211,ood_primary
65504989123,5068003,False,65510057126,11,baseline,9477551051156,211,ood_primary
19929344541,5374646,False,19934719187,11,baseline,7465033333971,211,ood_primary
24450671282,6239356,False,24456910638,11,baseline,9133355555626,211,ood_primary
72440984675,9881335,False,72450866010,11,baseline,9566655555517,211,ood_primary
44404839726,5157327,False,44409997053,11,baseline,3554101441150,211,ood_primary
36487874432,9466034,False,36497340466,11,baseline,7879999999835,211,ood_primary
67220431901,2894784,False,67223326685,11,baseline,3212122222220,211,ood_primary
79261144596,9179894,False,79270324490,11,baseline,9278777767720,211,ood_primary
43171691047,9313584,False,43181004631,11,baseline,9888888882801,211,ood_primary
41403049416,2905423,False,41405954839,11,baseline,1469410040447,211,ood_primary
90614037628,7889369,False,90621926997,11,baseline,9592212211151,211,ood_primary
4847626715,979437505524,False,984285132239,12,baseline,288888780131190,211,ood_primary
4846545694,720143822850,False,724990368544,12,baseline,477777769909979,211,ood_primary
7788063324,283567596010,False,291355659334,12,baseline,788888861252422,211,ood_primary
5771928972,109962586521,False,115734515493,12,baseline,222222200001110,211,ood_primary
2522643824,742127429846,False,744650073670,12,baseline,222222272788865,211,ood_primary
1281054773,869963579420,False,871244634193,12,baseline,118111116244860,211,ood_primary
5249480398,938149861915,False,943399342313,12,baseline,800000048422226,211,ood_primary
7318939710,609541741619,False,616860681329,12,baseline,399999992020022,211,ood_primary
7081991776,965725670083,False,972807661859,12,baseline,722222200065510,211,ood_primary
5381924381,587516343247,False,592898267628,12,baseline,222222201000019,211,ood_primary
3169298580,626670618287,False,629839916867,12,baseline,900000005723330,211,ood_primary
5876365433,717125065891,False,723001431324,12,baseline,696666777766668,211,ood_primary
1653632070,386497521760,False,388151153830,12,baseline,144444737576761,211,ood_primary
8318388614,834464193488,False,842782582102,12,baseline,889998991288874,211,ood_primary
1260419095,411826994050,False,413087413145,12,baseline,100604412299620,211,ood_primary
9615579745,292902419642,False,302517999387,12,baseline,966666666111117,211,ood_primary
6701929357,695760826995,False,702462756352,12,baseline,222111200066660,211,ood_primary
5380137527,950616977488,False,955997115015,12,baseline,300000111181814,211,ood_primary
5008719501,313823220608,False,318831940109,12,baseline,108888880143820,211,ood_primary
2301062911,853534650694,False,855835713605,12,baseline,211011111111116,211,ood_primary
2110813052,288251666065,False,290362479117,12,baseline,100010805300811,211,ood_primary
9215659204,824365762635,False,833581421839,12,baseline,966666667111112,211,ood_primary
3814422667,767850785553,False,771665208220,12,baseline,245455564491114,211,ood_primary
8030909692,820657407222,False,828688316914,12,baseline,811011199913110,211,ood_primary
2016680002,870510548214,False,872527228216,12,baseline,277676660564860,211,ood_primary
8639307722,139131229748,False,147770537470,12,baseline,800000923255421,211,ood_primary
3439272071,891044952225,False,894484224296,12,baseline,700020929933337,211,ood_primary
6728693821,205964208254,False,212692902075,12,baseline,699999870188702,211,ood_primary
7793004096,739258097553,False,747051101649,12,baseline,193939390966660,211,ood_primary
9648438824,553342616975,False,562991055799,12,baseline,988998876778866,211,ood_primary
6767482376,745422067422,False,752189549798,12,baseline,678888760640460,211,ood_primary
3834465895,720358607786,False,724193073681,12,baseline,745555511999923,211,ood_primary
9841733992,997911600641,False,1007753334633,12,baseline,122222288829902,211,ood_primary
7571499,94842694,False,102414193,8,baseline,89915,211,ood_primary
9856918,27333408,False,37190326,8,baseline,29248,211,ood_primary
4005783,19395580,False,23401363,8,baseline,19737,211,ood_primary
1053742,61590730,False,62644472,8,baseline,7964,211,ood_primary
1573775,75627518,False,77201293,8,baseline,46941,211,ood_primary
9730102,86429843,False,96159945,8,baseline,32398,211,ood_primary
3000594,24205924,False,27206518,8,baseline,52641,211,ood_primary
9411134,28062034,False,37473168,8,baseline,71754776121,211,ood_primary
4907879,42325074,False,47232953,8,baseline,10027,211,ood_primary
7499025,38479399,False,45978424,8,baseline,83818,211,ood_primary
3572349,81913246,False,85485595,8,baseline,49473,211,ood_primary
6441996,86420644,False,92862640,8,baseline,36192129022,211,ood_primary
1757462,92324284,False,94081746,8,baseline,69606,211,ood_primary
1199928,87056208,False,88256136,8,baseline,1048,211,ood_primary
9753128,37551957,False,47305085,8,baseline,68647,211,ood_primary
6149235,34735222,False,40884457,8,baseline,56587,211,ood_primary
1474210,78386762,False,79860972,8,baseline,12077,211,ood_primary
9321210,82742374,False,92063584,8,baseline,686337,211,ood_primary
59008583783,811944920,False,59820528703,11,baseline,1010000088610,211,ood_primary
79417772242,898440430,False,80316212672,11,baseline,7948221228888,211,ood_primary
50132205813,710995281,False,50843201094,11,baseline,1656444432944,211,ood_primary
41300106739,204672459,False,41504779198,11,baseline,1900030001101,211,ood_primary
97222962434,105761127,False,97328723561,11,baseline,9366222223334,211,ood_primary
59518889381,796478553,False,60315367934,11,baseline,8882222229999,211,ood_primary
76982702647,725093149,False,77707795796,11,baseline,1159898882771,211,ood_primary
77320186678,117756004,False,77437942682,11,baseline,1828223221112,211,ood_primary
33615895352,785710073,False,34401605425,11,baseline,9848227226550,211,ood_primary
37897016999,963675363,False,38860692362,11,baseline,1770000079776,211,ood_primary
58733351030,413867054,False,59147218084,11,baseline,3333333333333,211,ood_primary
44016962352,279240605,False,44296202957,11,baseline,9832101127177,211,ood_primary
85342506098,616979707,False,85959485805,11,baseline,1222434466776,211,ood_primary
64926151321,570655051,False,65496806372,11,baseline,5833332426778,211,ood_primary
32483268632,166598598,False,32649867230,11,baseline,9550998811050,211,ood_primary
98828675864,635760172,False,99464436036,11,baseline,7620333309420,211,ood_primary
30180737775,444987156,False,30625724931,11,baseline,9138888811114,211,ood_primary
86725981028,555127450,False,87281108478,11,baseline,8893333337048,211,ood_primary
44621165453,880615194,False,45501780647,11,baseline,1545226222227,211,ood_primary
64202257270,902635787,False,65104893057,11,baseline,5300120202222,211,ood_primary
28169048765,901562909,False,29070611674,11,baseline,1227777770467,211,ood_primary
91540794092,455949911,False,91996744003,11,baseline,9366445448885,211,ood_primary
73915470633,700956893,False,74616427526,11,baseline,7753219226686,211,ood_primary
59166872391,196974661,False,59363847052,11,baseline,1787777777555,211,ood_primary
1567298,57524640562,False,57526207860,11,baseline,6414138833026,211,ood_primary
4253185,70776801617,False,70781054802,11,baseline,185583444225,211,ood_primary
5853678,68813257124,False,68819110802,11,baseline,1788774448851,211,ood_primary
8487405,63383091404,False,63391578809,11,baseline,0888847874459,211,ood_primary
6633577,41040360118,False,41046993695,11,baseline,7509963444623,211,ood_primary
8129180,41307582493,False,41315711673,11,baseline,1878029101184,211,ood_primary
2554418,45430300188,False,45432854606,11,baseline,0454574444578,211,ood_primary
7197247,29961936093,False,29969133340,11,baseline,1876839993311,211,ood_primary
5395602,67365415363,False,67370810965,11,baseline,5662265165651,211,ood_primary
2524901,63215603056,False,63218127957,11,baseline,6051099449911,211,ood_primary
5141323,83853821823,False,83858963146,11,baseline,1777741121410,211,ood_primary
2975004,54857786680,False,54860761684,11,baseline,7575550550026,211,ood_primary
3787943,84494044441,False,84497832384,11,baseline,4938989009477,211,ood_primary
3356424,10287735009,False,10291091433,11,baseline,7626226664677,211,ood_primary
8604683,67510436966,False,67519041649,11,baseline,8677775557611,211,ood_primary
2589638,60991725837,False,60994315475,11,baseline,1525557007057,211,ood_primary
7359576,44121575337,False,44128934913,11,baseline,1777760000623,211,ood_primary
9862334,79773277569,False,79783139903,11,baseline,6000003223341,211,ood_primary
7266389,58731389988,False,58738656377,11,baseline,1666666778877,211,ood_primary
5751524,59976798829,False,59982550353,11,baseline,9233226222672,211,ood_primary
4720093,92585107597,False,92589827690,11,baseline,4877711111192,211,ood_primary
76343504810,85200220522,False,161543725332,11,baseline,74433643636433,211,ood_primary
21941890991,20636004508,False,42577895499,11,baseline,19448425079229,211,ood_primary
86324566564,10062775185,False,96387341749,11,baseline,72233223361608,211,ood_primary
37402212437,44310156510,False,81712368947,11,baseline,30044022229494,211,ood_primary
87626754308,20818217390,False,108444971698,11,baseline,74322233777764,211,ood_primary
50423422478,93023655407,False,143447077885,11,baseline,40244223351011,211,ood_primary
42159837101,59086760285,False,101246597386,11,baseline,47666660159009,211,ood_primary
15292045415,97266477471,False,112558522886,11,baseline,16001092143332,211,ood_primary
50878104013,86450842814,False,137328946827,11,baseline,10888876271113,211,ood_primary
58617834864,32263862628,False,90881697492,11,baseline,82227128882442,211,ood_primary
93789482657,54732843790,False,148522326447,11,baseline,99999999036666,211,ood_primary
99259635982,35356577409,False,134616213391,11,baseline,96777666012611,211,ood_primary
12089437065,23106486243,False,35195923308,11,baseline,15999994778143,211,ood_primary
44662429722,18720327820,False,63382757542,11,baseline,48666662664446,211,ood_primary
70140707248,56664670185,False,126805377433,11,baseline,74444446765285,211,ood_primary
81868870958,39903693197,False,121772564155,11,baseline,87777779955666,211,ood_primary
6203711576,928551325,False,7132262901,10,baseline,1039044430222,211,ood_primary
8098899557,128595036,False,8227494593,10,baseline,9999999999088,211,ood_primary
8568015677,190520527,False,8758536204,10,baseline,1867888881171,211,ood_primary
4718092691,817400565,False,5535493256,10,baseline,1818888889229,211,ood_primary
5464610156,962797450,False,6427407606,10,baseline,1626464646676,211,ood_primary
2411956841,201527161,False,2613484002,10,baseline,,211,ood_primary
5515103064,653448675,False,6168551739,10,baseline,3165156565777,211,ood_primary
5465144846,579733202,False,6044878048,10,baseline,4676565652517,211,ood_primary
5823660948,553332540,False,6376993488,10,baseline,1644444447622,211,ood_primary
1390076586,166432524,False,1556509110,10,baseline,,211,ood_primary
5727576365,445900262,False,6173476627,10,baseline,7212888882233,211,ood_primary
6914161478,740769759,False,7654931237,10,baseline,1595544442777,211,ood_primary
8167283040,737699410,False,8904982450,10,baseline,1779888888116,211,ood_primary
7143054420,406683706,False,7549738126,10,baseline,7413333333151,211,ood_primary
5981470351,358219544,False,6339689895,10,baseline,1455522115147,211,ood_primary
9658078704,380242781,False,10038321485,10,baseline,8044888888724,211,ood_primary
1552968446,820146368,False,2373114814,10,baseline,,211,ood_primary
6446145218,316680339,False,6762825557,10,baseline,5286666661651,211,ood_primary
1153958451,298312134,False,1452270585,10,baseline,,211,ood_primary
8358163181,389026313,False,8747189494,10,baseline,3818888887561,211,ood_primary
1142578688,328534350,False,1471113038,10,baseline,,211,ood_primary
6150706802,568667718,False,6719374520,10,baseline,1770701007027,211,ood_primary
8456965461,900626381,False,9357591842,10,baseline,7618777776915,211,ood_primary
1808341050,454400582,False,2262741632,10,baseline,9438088814141,211,ood_primary
7928963023,238752790,False,8167715813,10,baseline,3909999999700,211,ood_primary
2933086658,668328418,False,3601415076,10,baseline,9383334363724,211,ood_primary
8247024773,487160337,False,8734185110,10,baseline,4707777771264,211,ood_primary
8023374922,790080621,False,8813455543,10,baseline,1455444444176,211,ood_primary
24152368708,6375276889,False,30527645597,11,baseline,13366667661001,211,ood_primary
57730598906,3937699942,False,61668298848,11,baseline,59444443127176,211,ood_primary
79293727946,1575048942,False,80868776888,11,baseline,71000300249777,211,ood_primary
68217695568,5924114490,False,74141810058,11,baseline,69222222888888,211,ood_primary
91653967127,2117276174,False,93771243301,11,baseline,98666666653001,211,ood_primary
16627848160,4971883565,False,21599731725,11,baseline,13333233889488,211,ood_primary
58175892695,8199295366,False,66375188061,11,baseline,83388888677211,211,ood_primary
36652444143,9926035075,False,46578479218,11,baseline,78656565667765,211,ood_primary
71829894568,3383139663,False,75213034231,11,baseline,71939333010666,211,ood_primary
30003352613,6183246036,False,36186598649,11,baseline,73000003073106,211,ood_primary
57605483268,7957560858,False,65563044126,11,baseline,57116006521113,211,ood_primary
51405768199,9858844598,False,61264612797,11,baseline,70014406664255,211,ood_primary
14852918548,2191253098,False,17044171646,11,baseline,13266667209030,211,ood_primary
96301270229,9318368532,False,105619638761,11,baseline,90903300111193,211,ood_primary
13800327388,4801604563,False,18601931951,11,baseline,18008001315381,211,ood_primary
15935599424,4751493084,False,20687092508,11,baseline,17444448602000,211,ood_primary
61103160510,4741107641,False,65844268151,11,baseline,60001100313103,211,ood_primary
62074657823,2981059950,False,65055717773,11,baseline,60087788711777,211,ood_primary
69591167457,6257889906,False,75849057363,11,baseline,66600000227776,211,ood_primary
64965271111,5025595681,False,69990866792,11,baseline,27767767677777,211,ood_primary
86270241350,2783802240,False,89054043590,11,baseline,27772777220761,211,ood_primary
17272477663,6844863570,False,24117341233,11,baseline,10888893751191,211,ood_primary
91468064494,1836371339,False,93304435833,11,baseline,94075776868462,211,ood_primary
57302426431,5937709487,False,63240135918,11,baseline,21100300222323,211,ood_primary
39110699254,8833519538,False,47944218792,11,baseline,74411111111571,211,ood_primary
61536319404,4874574451,False,66410893855,11,baseline,37444443777000,211,ood_primary
16702236565,3096774807,False,19799011372,11,baseline,15600002224827,211,ood_primary
44067966363,4675583826,False,48743550189,11,baseline,70777777038440,211,ood_primary
76063893290,4167972647,False,80231865937,11,baseline,76767677706424,211,ood_primary
36279287700,5323057001,False,41602344701,11,baseline,78888880222929,211,ood_primary
63242291268,1997721659,False,65240012927,11,baseline,22253245333000,211,ood_primary
24193675063,2113797061,False,26307472124,11,baseline,72000000432506,211,ood_primary
19970502,7263101805,False,7283072307,10,baseline,139666707000,211,ood_primary
43986768,6578011946,False,6621998714,10,baseline,745548787777,211,ood_primary
66713629,4964961615,False,5031675244,10,baseline,176964222243,211,ood_primary
86159048,5289927941,False,5376086989,10,baseline,989770066607,211,ood_primary
77254060,9117006225,False,9194260285,10,baseline,011515556546,211,ood_primary
86379594,3856127782,False,3942507376,10,baseline,753650888800,211,ood_primary
49066553,3208357050,False,3257423603,10,baseline,744666676661,211,ood_primary
89302162,7110819376,False,7200121538,10,baseline,821232000222,211,ood_primary
33127878,9311639697,False,9344767575,10,baseline,998888888885,211,ood_primary
78729668,3360960313,False,3439689981,10,baseline,697991333329,211,ood_primary
55602611,5872442634,False,5928045245,10,baseline,486392202222,211,ood_primary
78573619,4621761571,False,4700335190,10,baseline,753554788877,211,ood_primary
77878538,5763780912,False,5841659450,10,baseline,111448788771,211,ood_primary
37637870,6507262084,False,6544899954,10,baseline,147678044076,211,ood_primary
69688023,7771159067,False,7840847090,10,baseline,198658888882,211,ood_primary
86822106,3215560156,False,3302382262,10,baseline,556332222222,211,ood_primary
7982543,497796417962,False,497804400505,12,baseline,72222733775112,211,ood_primary
1795182,800778210938,False,800780006120,12,baseline,88886666270444,211,ood_primary
5210328,218045246898,False,218050457226,12,baseline,52433010313015,211,ood_primary
7115703,449370119788,False,449377235491,12,baseline,10502566571170,211,ood_primary
4796326,406096557716,False,406101354042,12,baseline,63336969642194,211,ood_primary
7485479,427051740890,False,427059226369,12,baseline,74444566656444,211,ood_primary
9868499,678140589457,False,678150457956,12,baseline,15555899850777,211,ood_primary
3202864,286825885756,False,286829088620,12,baseline,84666000882224,211,ood_primary
6097241,765941482538,False,765947579779,12,baseline,19999797926189,211,ood_primary
4876095,388180201483,False,388185077578,12,baseline,91176666619500,211,ood_primary
4605432,211737448687,False,211742054119,12,baseline,71111555551164,211,ood_primary
8149885,923672566115,False,923680716000,12,baseline,86449900985144,211,ood_primary
5168857,154938939688,False,154944108545,12,baseline,17777999992236,211,ood_primary
8437572,635053971573,False,635062409145,12,baseline,16566888871054,211,ood_primary
8399145,415139149212,False,415147548357,12,baseline,12229999015279,211,ood_primary
6665232,500190507980,False,500197173212,12,baseline,32335255752506,211,ood_primary
4656911,892115326582,False,892119983493,12,baseline,52000777771220,211,ood_primary
4368359,328306878489,False,328311246848,12,baseline,56666999886552,211,ood_primary
6953256,241883152589,False,241890105845,12,baseline,76000433332133,211,ood_primary
3458175,335424161287,False,335427619462,12,baseline,15458888971114,211,ood_primary
6431290,994703637272,False,994710068562,12,baseline,09993222232934,211,ood_primary
8854709,363706066842,False,363714921551,12,baseline,14544445477663,211,ood_primary
7318860211860,9653758230011701,False,9661077090223561,16,baseline,789886888606684666,211,ood_long
9511989831594,7451643792137243,False,7461155781968837,16,baseline,822677191337920277,211,ood_long
7365234156506,9657248694505732,False,9664613928662238,16,baseline,762111676111587711,211,ood_long
6327619828282,4703150476685874,False,4709478096514156,16,baseline,249348248394824448,211,ood_long
9395580895718,8095994669325015,False,8105390250220733,16,baseline,762222222112276712,211,ood_long
7543580696804,5370846246881775,False,5378389827578579,16,baseline,766151518511666622,211,ood_long
5290556782488,3585271589783000,False,3590562146565488,16,baseline,719155726835137615,211,ood_long
4519160936300,7847717925489467,False,7852237086425767,16,baseline,710222010002020004,211,ood_long
1146475366276,1581667542379533,False,1582814017745809,16,baseline,759188115197111139,211,ood_long
6701836087792,3714401576531366,False,3721103412619158,16,baseline,391776565555560188,211,ood_long
3660941044385,8715008503511948,False,8718669444556333,16,baseline,764333999153894707,211,ood_long
4211397283808,4105578248695559,False,4109789645979367,16,baseline,722282442466641402,211,ood_long
42057105021025739487,55270546820397,False,42057160291572559884,20,baseline,7879898718588871558885,211,ood_long
34264068238238150760,84590181465125,False,34264152828419615885,20,baseline,3262287662307666562276,211,ood_long
86273087831289129194,12382951030446,False,86273100214240159640,20,baseline,3244444409195435865458,211,ood_long
10264468235456460362,56221787963777,False,10264524457244424139,20,baseline,1999989957599995251199,211,ood_long
55243765436911172468,70252018499976,False,55243835688929672444,20,baseline,3022666628676628666628,211,ood_long
59670071240283851963,94987828970718,False,59670166228112822681,20,baseline,1111640285911128617618,211,ood_long
83725406304507739642,80661292510279,False,83725486965800249921,20,baseline,7000095058410101565105,211,ood_long
10625255203051679775,87238276595327,False,10625342441328275102,20,baseline,1666868666167658667657,211,ood_long
73275816660173803559,86990325015371,False,73275903650498818930,20,baseline,7566666662276666776662,211,ood_long
42303060933428930097,42087657439571,False,42303103021086369668,20,baseline,4667666674577676434676,211,ood_long
68540866125967504446,98440708053621,False,68540964566675558067,20,baseline,2509666567766569766605,211,ood_long
13092481548072092078,95101778843791,False,13092576649850935869,20,baseline,1001660661004016130764,211,ood_long
51219218654431815147,81648181789622,False,51219300302613604769,20,baseline,2331553319033331016331,211,ood_long
45471646398267269923,59062103234560,False,45471705460370504483,20,baseline,2939009827698887669872,211,ood_long
66128217159327185844,47295012594968,False,66128264454339780812,20,baseline,2766566709017610185615,211,ood_long
33538133366355407538,98707599217425,False,33538232073954624963,20,baseline,3414444110361011654515,211,ood_long
57903788868826034227,25221773817247,False,57903814090599851474,20,baseline,3111910109621111476210,211,ood_long
54953482206646732259,22195725390928,False,54953504402372123187,20,baseline,3968666975790977566667,211,ood_long
76804046789414199570,63857996467355,False,76804110647410666925,20,baseline,7485383857798857755851,211,ood_long
11999335855599539077,72033200407314,False,11999407888799946391,20,baseline,1542454481045484265584,211,ood_long
38501262665170,75770833405927756592,False,75770871907190421762,20,baseline,2526665284177778216279,211,ood_long
97157466986615,54414355718450552023,False,54414452875917538638,20,baseline,7332432384823338861248,211,ood_long
20452769177688,58450303944008065922,False,58450324396777243610,20,baseline,7099023495933293663385,211,ood_long
17057894948507,48235421508307181737,False,48235438566202130244,20,baseline,1444412488824548864448,211,ood_long
84249982024546,47116602738162301927,False,47116686988144326473,20,baseline,9442752301293949857555,211,ood_long
52115148212777,63395402270148834962,False,63395454385297047739,20,baseline,1827777766638826267822,211,ood_long
28260708275566,38935746887026461824,False,38935775147734737390,20,baseline,7666776667326667686666,211,ood_long
62023638321828,80104448580429022775,False,80104510604067344603,20,baseline,6444455501506501233410,211,ood_long
78543974249473,14883349162727737541,False,14883427706701987014,20,baseline,338687876688878,211,ood_long
63549662436979,73871716662811918786,False,73871780212474355765,20,baseline,604688869704,211,ood_long
63942123814895,16419205643400804180,False,16419269585524619075,20,baseline,2666545607666666347601,211,ood_long
35432160908869,49777888804609570241,False,49777924236770479110,20,baseline,1611445001611000651109,211,ood_long
79649872056575,23509296741717497600,False,23509376391589554175,20,baseline,7666565657411656111156,211,ood_long
52603217780758,79311130324815725364,False,79311182928033506122,20,baseline,2130764327543262526477,211,ood_long
16436630802510,94563548484394474800,False,94563564921025277310,20,baseline,1822767877798826777717,211,ood_long
95632743448808,21957385195826989639,False,21957480828570438447,20,baseline,7001776665111010666665,211,ood_long
18081022367338,20229773642846728694,False,20229791723869096032,20,baseline,1582987818209838198834,211,ood_long
67211193139213,93796592338344609128,False,93796659549537748341,20,baseline,2020244226870217272022,211,ood_long
18543240234696,10480026238814534031,False,10480044782054768727,20,baseline,1877677741867791857866,211,ood_long
46339672963528,34228596077326530850,False,34228642416999494378,20,baseline,7237662385293755567357,211,ood_long
16023225082003,28841033557754911099,False,28841049580979993102,20,baseline,1415614521214521614410,211,ood_long
99862575328001743208,8985319900094,False,99862584313321643302,20,baseline,1822444485764846276842,211,ood_long
41768023637705543097,5842121921610,False,41768029479827464707,20,baseline,4754555548505547676557,211,ood_long
84915450206699591050,6399929330706,False,84915456606628921756,20,baseline,7661166611218211166611,211,ood_long
13176021090692831148,9269799988899,False,13176030360492820047,20,baseline,1767676667137667717766,211,ood_long
20073198813127901035,2178328275756,False,20073200991456176791,20,baseline,2044444663205442817543,211,ood_long
79167424417272130901,9354158627273,False,79167433771430758174,20,baseline,7479488490944499194849,211,ood_long
17836676125609764409,1482225650898,False,17836677607835415307,20,baseline,1822222126771212688816,211,ood_long
33001755213596840643,6949924551302,False,33001762163521391945,20,baseline,7333253375743373124325,211,ood_long
99118435739797734056,3649172176334,False,99118439388969910390,20,baseline,1676711765105555195775,211,ood_long
71599940466558035232,5855431083698,False,71599946321989118930,20,baseline,7556555555545554486655,211,ood_long
76910725967120536920,9295909577046,False,76910735263030113966,20,baseline,7671767712777777767771,211,ood_long
32811245114686660397,6383523090379,False,32811251498209750776,20,baseline,3337262668328478322628,211,ood_long
72993991568602993487,4730425019106,False,72993996299028012593,20,baseline,7110215116661119426166,211,ood_long
46514672840098138734,2387292074740,False,46514675227390213474,20,baseline,4445555555555556555555,211,ood_long
67573441904395621715,9765498093684,False,67573451669893715399,20,baseline,3266666766767777866677,211,ood_long
47322210425596007002,6754262739811,False,47322217179858746813,20,baseline,2777474774267777247774,211,ood_long
37664759759689839578,7065535262017,False,37664766825225101595,20,baseline,7031120992333131177155,211,ood_long
69800976685497188195,2987668503347,False,69800979673165691542,20,baseline,2666676665655650087665,211,ood_long
89768832642176135748,1544981439893,False,89768834187157575641,20,baseline,8099000095550999595995,211,ood_long
66732290384436464107,5386727653870,False,66732295771164117977,20,baseline,2666660666566666676666,211,ood_long
76146310135362482597,2879072501249,False,76146313014434983846,20,baseline,7111191110861111167111,211,ood_long
78955800718598664,45868405435432,False,79001669124034096,17,baseline,7222212272112212111,211,ood_long
52244150535949467,57600031044754,False,52301750566994221,17,baseline,1098999989985379995,211,ood_long
17696219094897602,84045092481758,False,17780264187379360,17,baseline,1465444525448654243,211,ood_long
60046141991913948,99039550819619,False,60145181542733567,17,baseline,2687777586777688767,211,ood_long
53189948642974287,63661696001618,False,53253610338975905,17,baseline,7301080731160611172,211,ood_long
35095716967443006,86184600588864,False,35181901568031870,17,baseline,7462212223290002116,211,ood_long
95009027651283765,28809378075657,False,95037837029359422,17,baseline,1222110061110720111,211,ood_long
15900880708445187,48351984607239,False,15949232693052426,17,baseline,1808481818425558525,211,ood_long
20627758591314763,74580335733125,False,20702338927047888,17,baseline,7339099848942599998,211,ood_long
71289114420804886,75111096308117,False,71364225517113003,17,baseline,7099979009799799799,211,ood_long
55075167822416665,42370235889052,False,55117538058305717,17,baseline,1997777788076228707,211,ood_long
75546099937066457,90618736384914,False,75636718673451371,17,baseline,7712585311167531366,211,ood_long
76940938795194645,43183614736642,False,76984122409931287,17,baseline,7095666565115106525,211,ood_long
13599381842016551,58878102323789,False,13658259944340340,17,baseline,1211110931105000000,211,ood_long
79143847212277161,82107617816069,False,79225954830093230,17,baseline,7645555555501176545,211,ood_long
59438953992047260,93285775180601,False,59532239767227861,17,baseline,7620081221066500068,211,ood_long
2954535302736697,26273106930217,False,2980808409666914,16,baseline,211112958688621111,211,ood_long
7402918022081246,75356995292015,False,7478275017373261,16,baseline,743339914330014330,211,ood_long
5203383349371078,83769893463270,False,5287153242834348,16,baseline,726665017776507776,211,ood_long
9038578460102686,43586502193254,False,9082164962295940,16,baseline,777766666686675666,211,ood_long
2614237736725024,36784389362136,False,2651022126087160,16,baseline,161210496844425494,211,ood_long
7945587636303139,63298532198447,False,8008886168501586,16,baseline,768068686196670986,211,ood_long
4235012065834695,49411297172656,False,4284423363007351,16,baseline,121232486112946212,211,ood_long
9338388511639796,45080853878070,False,9383469365517866,16,baseline,901010274011106156,211,ood_long
4232310201272050,50361377103014,False,4282671578375064,16,baseline,142245054345050501,211,ood_long
9294208458510185,33094366110281,False,9327302824620466,16,baseline,948472366667266777,211,ood_long
2955051587429193,35408051760017,False,2990459639189210,16,baseline,171107457116266765,211,ood_long
1372594842978466244,28270307184854,False,1372623113285651098,19,baseline,182322212386323238882,211,ood_long
7616131392290772514,28333848619874,False,7616159726139392388,19,baseline,321238331900832171737,211,ood_long
3037418132598512825,43871918431530,False,3037462004516944355,19,baseline,329498794962319471879,211,ood_long
1460578106103845901,71257364328076,False,1460649363468173977,19,baseline,166667776622676666676,211,ood_long
1539451589543799277,13746907334411,False,1539465336451133688,19,baseline,149999999869999965609,211,ood_long
3585824561256710958,81864126089920,False,3585906425382800878,19,baseline,305049904484544146654,211,ood_long
7803183637876769233,51420174955951,False,7803235058051725184,19,baseline,798831088558988878898,211,ood_long
6594940547295421277,43823980911381,False,6594984371276332658,19,baseline,611111111830811857517,211,ood_long
8202510181652288974,44865406501509,False,8202555047058790483,19,baseline,771111771784111171761,211,ood_long
5179365391218148219,81283725730740,False,5179446674943878959,19,baseline,245455554866554865445,211,ood_long
2780101915800905735,81436930816578,False,2780183352731722313,19,baseline,281177681182188171788,211,ood_long
296102065210323254,7298205973578634,False,303400271183901888,18,baseline,21021210522100229111,211,ood_long
208888542259330946,7167019583885000,False,216055561843215946,18,baseline,25656446623745668557,211,ood_long
101517842835004275,2889885897849649,False,104407728732853924,18,baseline,1378444882,211,ood_long
192093965227112180,8898519827313980,False,200992485054426160,18,baseline,11011311020606000019,211,ood_long
370216483969106399,8822417739278295,False,379038901708384694,18,baseline,78208787284888778888,211,ood_long
884711022716939452,7067769630727840,False,891778792347667292,18,baseline,18272887988838788887,211,ood_long
844282605473538981,3054715275959260,False,847337320749498241,18,baseline,85555555101055158555,211,ood_long
522547989383715070,2203992112204182,False,524751981495919252,18,baseline,72231872176222116622,211,ood_long
589520010288916901,6424427541519114,False,595944437830436015,18,baseline,20000440910000078566,211,ood_long
853605868969162380,2120953029830758,False,855726821998993138,18,baseline,76666666078766076666,211,ood_long
189427748881890539,1744938012497176,False,191172686894387715,18,baseline,10005009590594858559,211,ood_long
134511720590981331,7295579532770451,False,141807300123751782,18,baseline,10036762928222182671,211,ood_long
571254888457139461,1149364593505386,False,572404253050644847,18,baseline,51110102109212226612,211,ood_long
74811436592000238,6670460758607878,False,81481897350608116,17,baseline,7321233321282121147,211,ood_long
41424762256448169,2735959872936016,False,44160722129384185,17,baseline,7719979195535179555,211,ood_long
12525670908433961,3832465809881822,False,16358136718315783,17,baseline,1711226518261110213,211,ood_long
59495600519087786,4126422807966347,False,63622023327054133,17,baseline,7766677766240656666,211,ood_long
27122076711737610,6046881952702758,False,33168958664440368,17,baseline,2334333347244449227,211,ood_long
55191912364735675,2905570464657326,False,58097482829393001,17,baseline,1583366652659599666,211,ood_long
21074426933614491,1374306615811849,False,22448733549426340,17,baseline,2100877785250176528,211,ood_long
20328313164844535,8203667682275930,False,28531980847120465,17,baseline,2266626266266666606,211,ood_long
85389951957031834,7256864149577100,False,92646816106608934,17,baseline,8566656660029660186,211,ood_long
73745505668080448,5778227116357061,False,79523732784437509,17,baseline,7211111111115115171,211,ood_long
17187281748198975,8586695781145630,False,25773977529344605,17,baseline,1589455585069999888,211,ood_long
69085682565420388,1912762218702558,False,70998444784122946,17,baseline,6110013107100009696,211,ood_long
66676872704965393,3880409008955066,False,70557281713920459,17,baseline,6725337754245556568,211,ood_long
82736977807139274,9771746567515954,False,92508724374655228,17,baseline,7888877382508888893,211,ood_long
31972553586355506,2372335823406507,False,34344889409762013,17,baseline,7855888880007565168,211,ood_long
32254954952390696,3642288256149909,False,35897243208540605,17,baseline,3287979777448777332,211,ood_long
28737823516051196,2058068078150896,False,30795891594202092,17,baseline,2988888888248887888,211,ood_long
14914140307271147,5135663268823544,False,20049803576094691,17,baseline,1416664610954166141,211,ood_long
69988300927928611,2489570117241732,False,72477871045170343,17,baseline,6656540566666566696,211,ood_long
78512316749614629,8251537783257855,False,86763854532872484,17,baseline,3948450448058448588,211,ood_long
342831229222133454,970249700685388,False,343801478922818842,18,baseline,32535555423654532325,211,ood_long
570289885356793441,665559677055952,False,570955445033849393,18,baseline,23355312565555556864,211,ood_long
700661635956776123,240978403407052,False,700902614360183175,18,baseline,72222121236322223662,211,ood_long
979621432605408312,510525840152914,False,980131958445561226,18,baseline,12272642648476476976,211,ood_long
133485132207365635,340943131146207,False,133826075338511842,18,baseline,18853805418154651858,211,ood_long
190812348016056403,165494721881305,False,190977842737937708,18,baseline,19271811716192721918,211,ood_long
772797035619404406,371238324392353,False,773168273943796759,18,baseline,70808619027708077788,211,ood_long
413401141632861588,633213043382136,False,414034354676243724,18,baseline,13420243284161281417,211,ood_long
602109073821458051,258870812861121,False,602367944634319172,18,baseline,60111880118621211128,211,ood_long
899507597244580537,338411680414256,False,899846008924994793,18,baseline,74455555525555516576,211,ood_long
454033746599209464,379702249901045,False,454413448849110509,18,baseline,30222888223522227546,211,ood_long
721630951118553849,333266278766981,False,721964217397320830,18,baseline,74455555666195661648,211,ood_long
915004647819127291,974351773028476,False,915978999592155767,18,baseline,11101881919191191118,211,ood_long
266720058746828616,750578055144270,False,267470636801972886,18,baseline,20883944642008664685,211,ood_long
634380307891449395,687921992231010,False,635068229883680405,18,baseline,66766666866017685767,211,ood_long
740916433147120745,757623392161293,False,741674056539282038,18,baseline,73982535878888887583,211,ood_long
929074770013748280,158125158339150,False,929232895172087430,18,baseline,18804878401049944982,211,ood_long
776059018356689326,687824007129064,False,776746842363818390,18,baseline,71111691122716111666,211,ood_long
905619656896041539,781091421795555,False,906400748317837094,18,baseline,90782000720688776668,211,ood_long
216089523821465041,350973588804384,False,216440497410269425,18,baseline,20905000905050998688,211,ood_long
883534741256857790,636770811178109,False,884171512068035899,18,baseline,31787667810229791887,211,ood_long
370711710978973300,293663039526967,False,371005374018500267,18,baseline,34882988884009882888,211,ood_long
778870900430109699,962343073586703,False,779833243503696402,18,baseline,79779000777580777884,211,ood_long
463163544931477621,990253427605076,False,464153798359082697,18,baseline,36377229701288876668,211,ood_long
94743531742126168111,361997019589159,False,94743893739145757270,20,baseline,3445655866655776665486,211,ood_long
47550656003386161506,167772034821070,False,47550823775420982576,20,baseline,1365153865543547547466,211,ood_long
32121095622408764841,741337823593481,False,32121836960232358322,20,baseline,1333333272263281333270,211,ood_long
78405296465263324605,525737917046453,False,78405822203180371058,20,baseline,7111111121611757461717,211,ood_long
55754978076896406494,924707937210124,False,55755902784833616618,20,baseline,4212122336311236621335,211,ood_long
60656959066795925676,971991455303587,False,60657931058251229263,20,baseline,6323233372233337723335,211,ood_long
37550893225551500004,501254278550963,False,37551394479830050967,20,baseline,8566555481655576666557,211,ood_long
28432974054986030635,964927304031715,False,28433938982290062350,20,baseline,2177776090176272566257,211,ood_long
73459409874313403666,398634539843532,False,73459808508853247198,20,baseline,7303152302233275623247,211,ood_long
81665335755678179898,473059304163325,False,81665808814982343223,20,baseline,3111111237111126612124,211,ood_long
12345368634813920906,564996910076628,False,12345933631723997534,20,baseline,1029891162101116680466,211,ood_long
48805228754244673751,717789430600054,False,48805946543675273805,20,baseline,7011197601697765607767,211,ood_long
29560875398624332220,176763685758188,False,29561052162310090408,20,baseline,2875886637786850776684,211,ood_long
14485900241377623605,212546293230489,False,14486112787670854094,20,baseline,1767677623077687677147,211,ood_long
81714093538541707928,545517965597679,False,81714639056507305607,20,baseline,1092828597129559552957,211,ood_long
79276165597553258991,378218332709275,False,79276543815885968266,20,baseline,7213432121432116743217,211,ood_long
24197854174168560354,238415386154817,False,24198092589554715171,20,baseline,7844448505999852548855,211,ood_long
62382972725905630190,606731374969277,False,62383579457280599467,20,baseline,2833084930117193977276,211,ood_long
91913841849633664409,214077455847561,False,91914055927089511970,20,baseline,8018729102721014162010,211,ood_long
37526799354330010678,609455205815300,False,37527408809535825978,20,baseline,7091109709901977581077,211,ood_long
37103091963174242374,640965613003556,False,37103732928787245930,20,baseline,3446666437666476144475,211,ood_long
8184644746361,13236363281077855166,False,13236371465722601527,20,baseline,4186900927852197685112,211,ood_long
4645095290852,60016049098214942737,False,60016053743310233589,20,baseline,1125765765365765765551,211,ood_long
3601802802215,91354781851108319743,False,91354785452911121958,20,baseline,1090900094360909616099,211,ood_long
6044929579541,44149081559694157581,False,44149087604623737122,20,baseline,2094443035040444155040,211,ood_long
2691317985258,30948479589778133845,False,30948482281096119103,20,baseline,2766678767666666628767,211,ood_long
8236553174920,66338971830423907695,False,66338980066977082615,20,baseline,7152111127872217627137,211,ood_long
5656284391740,67722030049352994670,False,67722035705637386410,20,baseline,8228887856579947777894,211,ood_long
4075070087706,86342850625602055480,False,86342854700672143186,20,baseline,7771688761551276166471,211,ood_long
2530075056895,58693923020282105223,False,58693925550357162118,20,baseline,7890987896129999252790,211,ood_long
7789055931455,32282398919853365986,False,32282406708909297441,20,baseline,7555626656666556698656,211,ood_long
1339997215700,91494062921960130422,False,91494064261957346122,20,baseline,1666656660000667000679,211,ood_long
8027478573794,42982240430693976953,False,42982248458172550747,20,baseline,7442210403852141588145,211,ood_long
2015876437834,17821487960788698118,False,17821489976665135952,20,baseline,7566655561932566168451,211,ood_long
6220663753747,26852958513253887801,False,26852964733917641548,20,baseline,6333708833323833327833,211,ood_long
4497426278903,50322694278710672531,False,50322698776136951434,20,baseline,2544215244654244446544,211,ood_long
488665268493023,833720566785061606,False,834209232053554629,18,baseline,74622202264622268684,211,ood_long
514523265165288,244144144807177395,False,244658668072342683,18,baseline,31117737850111771666,211,ood_long
278230293045122,130406192044538827,False,130684422337583949,18,baseline,26777636722477771842,211,ood_long
898084097438197,416130249393186865,False,417028333490625062,18,baseline,84106252166991166867,211,ood_long
431043134796979,702821319620240271,False,703252362755037250,18,baseline,39531717355553531431,211,ood_long
560350380132244,294916853311345179,False,295477203691477423,18,baseline,16586666875878876645,211,ood_long
277885107855809,112294231792678841,False,112572116900534650,18,baseline,23333355356553337755,211,ood_long
779773748449358,729973009706621622,False,730752783455070980,18,baseline,71144111148842448844,211,ood_long
166376141293949,940814335655477911,False,940980711796771860,18,baseline,10116060101611016616,211,ood_long
110824931329420,879381066515288939,False,879491891446618359,18,baseline,10010055410101011181,211,ood_long
819874366696992,974076396784982097,False,974896271151679089,18,baseline,87666666645555448867,211,ood_long
431639422773082,711945930632305417,False,712377570055078499,18,baseline,43390033964700063613,211,ood_long
801023774384413,141596454895571736,False,142397478669956149,18,baseline,38406650668060606118,211,ood_long
515636044584431,383532021102646913,False,384047657147231344,18,baseline,71210011075710765111,211,ood_long
482774373382118,921495124752882316,False,921977899126264434,18,baseline,48494555494845498885,211,ood_long
635930885444267,933125761801397715,False,933761692686841982,18,baseline,13377777766233776443,211,ood_long
3392217109599627381,693350677934963115,False,4085567787534590496,19,baseline,177772154874139772964,211,ood_long
9360181393919583821,440494201282019496,False,9800675595201603317,19,baseline,820122219222226022050,211,ood_long
4621810817031658730,130679792373342600,False,4752490609405001330,19,baseline,185801001801681768167,211,ood_long
3858700104901116493,381029753254711515,False,4239729858155828008,19,baseline,165477780575757677717,211,ood_long
6060795468746733861,710489723017444493,False,6771285191764178354,19,baseline,754444488444486844447,211,ood_long
6185927321445697536,565945253449663274,False,6751872574895360810,19,baseline,251933364433376644647,211,ood_long
6062236042743079943,300855442908142563,False,6363091485651222506,19,baseline,394946654944642944650,211,ood_long
4445404335406281796,996774837363535154,False,5442179172769816950,19,baseline,109844555544556055571,211,ood_long
4950327927088223248,263036238293274775,False,5213364165381498023,19,baseline,276441018446275162100,211,ood_long
2671513165685152362,657609870624329509,False,3329123036309481871,19,baseline,111121182121217712150,211,ood_long
2314278055160212692,461935682252442621,False,2776213737412655313,19,baseline,777328263332631632476,211,ood_long
8895367899210142418,712307596419794433,False,9607675495629936851,19,baseline,765554477545458754477,211,ood_long
2270259597174874346,162477357005688333,False,2432736954180562679,19,baseline,733339738448237284477,211,ood_long
556316141716679,54233592343472015910,False,54234148659613732589,20,baseline,6535353658635855657776,211,ood_long
441607577241627,59836524959860175774,False,59836966567437417401,20,baseline,7177365257526155554278,211,ood_long
759972960385809,96299123356660406211,False,96299883329620792020,20,baseline,7555125486655486075459,211,ood_long
886976124017737,44485227872153447642,False,44486114848277465379,20,baseline,7888688455599485999448,211,ood_long
179711205720184,59466573200776806238,False,59466752911982526422,20,baseline,1928882218882178888181,211,ood_long
633778897266414,57922165945554279912,False,57922799724451546326,20,baseline,7348484368433363684347,211,ood_long
893084472666936,14727026168029756277,False,14727919252502423213,20,baseline,8454745688745589877571,211,ood_long
294274183188821,70290128166900122438,False,70290422441083311259,20,baseline,2559495500054529405457,211,ood_long
884098574095650,22070354975487544547,False,22071239074061640197,20,baseline,8501105696059199960566,211,ood_long
938370661815637,33431382978276974232,False,33432321348938789869,20,baseline,7889088480158284458448,211,ood_long
996714163507745,96744277525404630292,False,96745274239568138037,20,baseline,7276762888882869888815,211,ood_long
173861728175185,38000396411225007688,False,38000570272953182873,20,baseline,1348882719353177753258,211,ood_long
688392188755350,11611413629781930334,False,11612102021970685684,20,baseline,2402024492824676818681,211,ood_long
95321100800339,98673908045864381,False,98769229146664720,17,baseline,1222123222251532325,211,ood_long
61166379746275,54126444412708290,False,54187610792454565,17,baseline,3227287222882723876,211,ood_long
16856174386370,71469389521939449,False,71486245696325819,17,baseline,1111212131186222185,211,ood_long
33893473621676,46542313714257020,False,46576207187878696,17,baseline,7000094019401065641,211,ood_long
78388602533834,47948893107176968,False,48027281709710802,17,baseline,7106161111066611688,211,ood_long
77161796416505,59525837582529743,False,59602999378946248,17,baseline,7777777777768888772,211,ood_long
11099009423746,43130954583163420,False,43142053592587166,17,baseline,1022262912660306269,211,ood_long
76654098843901,98413625469459504,False,98490279568303405,17,baseline,7877785898945008936,211,ood_long
96846877278084,16810023591275959,False,16906870468554043,17,baseline,8646473212573573776,211,ood_long
81131112935211,73379676842900046,False,73460807955835257,17,baseline,1352153465151815311,211,ood_long
20934549658098,85798169298416685,False,85819103848074783,17,baseline,7011112888753422175,211,ood_long
71462486122859,22215159929912495,False,22286622416035354,17,baseline,7873409888873795015,211,ood_long
28531336785514,17407436381338491,False,17435967718124005,17,baseline,3775766595725377658,211,ood_long
41806846764262,40557098408990853,False,40598905255755115,17,baseline,7474877771877171877,211,ood_long
26946580988201,76349681174484878,False,76376627755473079,17,baseline,7224285422268522268,211,ood_long
91910011660808,13046857049820573,False,13138767061481381,17,baseline,1818081160808191891,211,ood_long
979550686429418,27867077586802,False,1007417764016220,15,baseline,110077770087790218,211,ood_long
724640603099291,57735319742030,False,782375922841321,15,baseline,703256436464322325,211,ood_long
342293836999884,66536583041447,False,408830420041331,15,baseline,333331080222210722,211,ood_long
144382099520026,37787838877118,False,182169938397144,15,baseline,155550288185069160,211,ood_long
917922187905738,11093653411831,False,929015841317569,15,baseline,153993272992595063,211,ood_long
263013953286340,20112854017898,False,283126807304238,15,baseline,168362811080843188,211,ood_long
531635646368016,48037133862248,False,579672780230264,15,baseline,762722019799108623,211,ood_long
801656647498603,82914872732778,False,884571520231381,15,baseline,777754331215337635,211,ood_long
440958472616397,47442941508166,False,488401414124563,15,baseline,710001167521123057,211,ood_long
269994266921516,28989148355511,False,298983415277027,15,baseline,202021119988040620,211,ood_long
400054763602893,65089618035392,False,465144381638285,15,baseline,703011666666681046,211,ood_long
383316660190685941,9034570095816144418,False,9417886756006830359,19,baseline,734322444322238422767,211,ood_long
482407441377647229,4195907101975479686,False,4678314543353126915,19,baseline,758787458888855118477,211,ood_long
118561446742700266,1148274262323310661,False,1266835709066010927,19,baseline,111084111022181112404,211,ood_long
102348273788653782,1269141611854033932,False,1371489885642687714,19,baseline,111122522222212122141,211,ood_long
687789264720467672,2849513880647556032,False,3537303145368023704,19,baseline,755086850768684876877,211,ood_long
388359392742831503,3147089300566701227,False,3535448693309532730,19,baseline,371882216187188167177,211,ood_long
584909854901031986,1383549166704505675,False,1968459021605537661,19,baseline,199191020011199910175,211,ood_long
996722968884478369,5346930795718582290,False,6343653764603060659,19,baseline,240066615064616564657,211,ood_long
644593925070834498,8825242756732717651,False,9469836681803552149,19,baseline,322360232367046326017,211,ood_long
764556122905221549,2490276656193486367,False,3254832779098707916,19,baseline,600010710015116565777,211,ood_long
579261124411827981,3249064013557581592,False,3828325137969409573,19,baseline,180776588777672376647,211,ood_long
441160597823747987,8627936879262744676,False,9069097477086492663,19,baseline,198883859998855988875,211,ood_long
428303463021979243,7952625585572280984,False,8380929048594260227,19,baseline,351421444321216432774,211,ood_long
394242887219681176,2520961656443086357,False,2915204543662767533,19,baseline,256552157654343333505,211,ood_long
626821282337018042,6949819377971728424,False,7576640660308746466,19,baseline,111092860949260154767,211,ood_long
4154632404647,836599912557859706,False,836604067190264353,18,baseline,71001000000215101051,211,ood_long
2476031465783,324549417932227054,False,324551893963692837,18,baseline,32367676767864336876,211,ood_long
4947166990857,266150482760440610,False,266155429927431467,18,baseline,79498888798888498492,211,ood_long
8795792053996,531673535728438049,False,531682331520492045,18,baseline,73366661935653111186,211,ood_long
4718688278810,877835612999669013,False,877840331687947823,18,baseline,75488745458779539772,211,ood_long
2874735389907,613212021645034982,False,613214896380424889,18,baseline,35577856235491337778,211,ood_long
7133546252194,637970444682696165,False,637977578228948359,18,baseline,74416778677008577161,211,ood_long
4170020046038,485769509163061127,False,485773679183107165,18,baseline,10103000003818101717,211,ood_long
1320179242685,113015501481169442,False,113016821660412127,18,baseline,13218221268212982812,211,ood_long
9914512036591,949491473405894060,False,949501387917930651,18,baseline,19911035190569901919,211,ood_long
5886762798328,533205454578303740,False,533211341341102068,18,baseline,79909094499554909986,211,ood_long
4745564501581,357621905137306004,False,357626650701807585,18,baseline,71111001111110211151,211,ood_long
4800395392060,965793753324049495,False,965798553719441555,18,baseline,70606430206430736318,211,ood_long
6345041639390,877163209773773083,False,877169554815412473,18,baseline,68835120886910388516,211,ood_long
8098662256773,219385480259091841,False,219393578921348614,18,baseline,75443344453439534396,211,ood_long
6827977050028,382731948903552770,False,382738776880602798,18,baseline,78888008888676001008,211,ood_long
4643898635812,549314758862492369,False,549319402761128181,18,baseline,70009940210017010955,211,ood_long
2927611131555,328801383977609278,False,328804311588740833,18,baseline,21112123321192321192,211,ood_long
6233253578188,756080554238974190,False,756086787492552378,18,baseline,74423010443010164423,211,ood_long
7526233567989,287538692380127950,False,287546218613695939,18,baseline,33350493365055504072,211,ood_long
5439040012071,802028987032640512,False,802034426072652583,18,baseline,70909099390740607094,211,ood_long
1299114553299207158,53156300723738377,False,1352270854022945535,19,baseline,1034420920000710420707,211,ood_long
7555377742679580579,48735152297300085,False,7604112894976880664,19,baseline,7000010232950186221147,211,ood_long
1363605317025534046,50831681259997877,False,1414436998285531923,19,baseline,1762668198766767767576,211,ood_long
1942636472261236717,48552696094939078,False,1991189168356175795,19,baseline,1888827188822757887767,211,ood_long
9927306444175358880,31557212441058077,False,9958863656616416957,19,baseline,1065440214440219590210,211,ood_long
9987160856740263364,91995419198262057,False,10079156275938525421,19,baseline,7877876864887788886177,211,ood_long
1368788255991105131,68541794245350382,False,1437330050236455513,19,baseline,8444467885657777576768,211,ood_long
3090057249593057171,59799592960093906,False,3149856842553151077,19,baseline,7665650816555511650857,211,ood_long
9681433321363015130,42567455791218260,False,9724000777154233390,19,baseline,3856768467767686566417,211,ood_long
7458508093871728317,40178756349270654,False,7498686850220998971,19,baseline,1361412252332215542247,211,ood_long
1998742778874853808,77830850939061213,False,2076573629813915021,19,baseline,1455544545444485544457,211,ood_long
7899004406234134953,49905799050634333,False,7948910205284769286,19,baseline,1266234784233486824477,211,ood_long
3504767040972186878,91311401589215235,False,3596078442561402113,19,baseline,7588544946544486654884,211,ood_long
3099282992893136210,20678812907228531,False,3119961805800364741,19,baseline,8011001001100193702507,211,ood_long
56313928797893,919776066718174143,False,919832380646972036,18,baseline,38890095186665191626,211,ood_long
96246486963089,885498355800116318,False,885594602287079407,18,baseline,17077971777777977776,211,ood_long
65173948406204,508547713666819210,False,508612887615225414,18,baseline,76596876565656965658,211,ood_long
25404437750775,216896815699754403,False,216922220137505178,18,baseline,25555555551265751556,211,ood_long
34160026646523,282440930228813670,False,282475090255460193,18,baseline,16666646665202666546,211,ood_long
74390246129494,587723963591037800,False,587798353837167294,18,baseline,71009081949480374157,211,ood_long
89055563783101,159963781970731676,False,160052837534514777,18,baseline,79886821976679797666,211,ood_long
51182668391548,879031882874704286,False,879083065543095834,18,baseline,73944400947515448111,211,ood_long
46009650509586,589507156354944955,False,589553166005454541,18,baseline,71010111108605995561,211,ood_long
50492122167071,782920779493171905,False,782971271615338976,18,baseline,26509499943060943515,211,ood_long
53529357045659,836937326489055062,False,836990855846100721,18,baseline,37875687485688876865,211,ood_long
60322271603831,504388569851210720,False,504448892122814551,18,baseline,24200043440504440404,211,ood_long
84522516099555,667974584217157140,False,668059106733256695,18,baseline,71054521077457547544,211,ood_long
81626206130871,493485832253179521,False,493567458459310392,18,baseline,23666666664814766416,211,ood_long
60080747200860,233261709831518366,False,233321790578719226,18,baseline,70808188887689188109,211,ood_long
42735264062277,611293122272655752,False,611335857536718029,18,baseline,25777719772726777224,211,ood_long
39066250775655,783414681001986515,False,783453747252762170,18,baseline,71121232212111212666,211,ood_long
644683653593255,5595829299733,False,650279482892988,15,baseline,77733357163152151,211,ood_long
885749941833403,4984127611599,False,890734069445002,15,baseline,77720000757107838,211,ood_long
726081406911636,6391866572768,False,732473273484404,15,baseline,76121210980919018,211,ood_long
177855329337936,6027659299487,False,183882988637423,15,baseline,15488010211110223,211,ood_long
440544964343840,4605135125523,False,445150099469363,15,baseline,41595858585885292,211,ood_long
868044673901013,4799096129854,False,872843770030867,15,baseline,70101001444044681,211,ood_long
702876759311677,1342856338122,False,704219615649799,15,baseline,70900098884098439,211,ood_long
747938121635500,7975346687224,False,755913468322724,15,baseline,70422226666666767,211,ood_long
766556656508634,9001322822569,False,775557979331203,15,baseline,76662666660166200,211,ood_long
719488790385321,4141305076679,False,723630095462000,15,baseline,75211126662766217,211,ood_long
170469842384922,5906481442667,False,176376323827589,15,baseline,11511125597911775,211,ood_long
946437765696768,7081510257308,False,953519275954076,15,baseline,76853332,211,ood_long
140533782411965,9387845683650,False,149921628095615,15,baseline,11675655555555765,211,ood_long
353317685136160,4761360320389,False,358079045456549,15,baseline,73335465343544884,211,ood_long
267197419933701,8403237919471,False,275600657853172,15,baseline,72333342201132606,211,ood_long
108460996007041,4505798399585,False,112966794406626,15,baseline,15855446666664771,211,ood_long
10277819810905771,929617529414443101,False,939895349225348872,18,baseline,188888781888888288887,211,ood_long
95309067466965895,591013186698343740,False,686322254165309635,18,baseline,166655680609986617696,211,ood_long
83567178305993978,414279302486901321,False,497846480792895299,18,baseline,732222365643455882267,211,ood_long
13403588167387518,400203577208940981,False,413607165376328499,18,baseline,111010714241161168171,211,ood_long
89830077972466741,656844179138520501,False,746674257110987242,18,baseline,142777468853258786565,211,ood_long
96344174980187107,917356850402801448,False,1013701025382988555,18,baseline,155624562255556565557,211,ood_long
40596960937670076,458344660856213057,False,498941621793883133,18,baseline,736363337536327664433,211,ood_long
41664127155466928,263012781075293044,False,304676908230759972,18,baseline,198999865509955551195,211,ood_long
38013333551998177,312519417137230625,False,350532750689228802,18,baseline,355555526435514183522,211,ood_long
18804646644728480,934347712880214075,False,953152359524942555,18,baseline,119888195515115185111,211,ood_long
42159601420351991,437767724817805056,False,479927326238157047,18,baseline,702029307536025426076,211,ood_long
14643168291850473,547345589877833131,False,561988758169683604,18,baseline,116554482626514156516,211,ood_long
39374199004882446,409595404143215235,False,448969603148097681,18,baseline,122845227222222391522,211,ood_long
338204695846624760,6285529925930,False,338210981376550690,18,baseline,76244658646615764668,211,ood_long
605550400715126417,7625752198537,False,605558026467324954,18,baseline,66666666666571176576,211,ood_long
848179249978034247,5815133378985,False,848185065111413232,18,baseline,78885454445500544555,211,ood_long
297779306128874201,8690728066157,False,297787996856940358,18,baseline,29994598895555494558,211,ood_long
134921478517355648,1422700026374,False,134922901217382022,18,baseline,10009439439510094951,211,ood_long
305275183023831611,7807406293154,False,305282990430124765,18,baseline,73490199990570199140,211,ood_long
365507111986972019,9915963314136,False,365517027950286155,18,baseline,71226865068586586665,211,ood_long
278022827811132558,7382561169608,False,278030210372302166,18,baseline,21122320323230313238,211,ood_long
197175292240790778,3795138616876,False,197179087379407654,18,baseline,17948888904848888888,211,ood_long
561589650796903901,6570538819764,False,561596221335723665,18,baseline,72367675567664476661,211,ood_long
653886540822954554,5388228750371,False,653891929051704925,18,baseline,60000000000666000062,211,ood_long
848937262934238682,2991233139721,False,848940254167378403,18,baseline,72226662227666766678,211,ood_long
741140469793639144,4194929893626,False,741144664723532770,18,baseline,72033321818857633715,211,ood_long
827951750472230,33632847087033447,False,34460798837505677,17,baseline,71421351627272427778,211,ood_long
978293156342730,18438863267366369,False,19417156423709099,17,baseline,16211666261095161978,211,ood_long
807848087100923,33936490052940662,False,34744338140041585,17,baseline,88844555545265545687,211,ood_long
713798224105392,51556994155310987,False,52270792379416379,17,baseline,78880708863888887288,211,ood_long
842046451871376,36881374148399766,False,37723420600271142,17,baseline,78715187256555186585,211,ood_long
239868910149807,91227153865310277,False,91467022775460084,17,baseline,25835357715405354605,211,ood_long
273900304196727,34944050295092652,False,35217950599289379,17,baseline,20890910907206069184,211,ood_long
384143989730919,18002443854348146,False,18386587844079065,17,baseline,33334488785244675795,211,ood_long
192437933234140,35611376334902808,False,35803814268136948,17,baseline,17666666666176767333,211,ood_long
901512174036069,68749128415349108,False,69650640589385177,17,baseline,18637666436102736616,211,ood_long
581129183741877,99612821958861317,False,100193951142603194,17,baseline,13334488844944444982,211,ood_long
235979408193298,57711999590856611,False,57947978999049909,17,baseline,21017911180623950066,211,ood_long
162960556515672,23580848331484656,False,23743808888000328,17,baseline,16877122672872221773,211,ood_long
791213711278349,45294702263883675,False,46085915975162024,17,baseline,79888344885068888298,211,ood_long
658908187737226,45066229681025352,False,45725137868762578,17,baseline,67382868628770867666,211,ood_long
917976992480438,20347558869451462,False,21265535861931900,17,baseline,96548823754800648888,211,ood_long
762041891903077,22539634573101511,False,23301676465004588,17,baseline,20444404076765746462,211,ood_long
290281764123728,64641738467915898,False,64932020232039626,17,baseline,29010059010125011919,211,ood_long
94062766498847332488,902890656912645281,False,94965657155759977769,20,baseline,7000001400000448044611,211,ood_long
70636067580974218026,968277726077888833,False,71604345307052106859,20,baseline,1666666766666776664777,211,ood_long
50345674968001879993,751536254757857041,False,51097211222759737034,20,baseline,7120665111565635657161,211,ood_long
60054648540372896627,489047982994717300,False,60543696523367613927,20,baseline,6555786555775765711555,211,ood_long
76626854640922976583,616637880622348950,False,77243492521545325533,20,baseline,7766678776667777665677,211,ood_long
82705847489428836748,674778686353817496,False,83380626175782654244,20,baseline,7465025165002665021214,211,ood_long
20056516899103359393,843648402404977991,False,20900165301508337384,20,baseline,7557777237776765767715,211,ood_long
42401720036431031655,385651694841636477,False,42787371731272668132,20,baseline,7366404777415476476488,211,ood_long
69445287434405255403,904311914544102319,False,70349599348949357722,20,baseline,6994000999495888054688,211,ood_long
60435003643966947182,230842132404553709,False,60665845776371500891,20,baseline,0888412799556789561718,211,ood_long
92399186335327232776,913919188364191837,False,93313105523691424613,20,baseline,1402222454222058221012,211,ood_long
85452789280758126704,775779991055318602,False,86228569271813445306,20,baseline,7737508637494665485898,211,ood_long
53049946001462266700,491120251254774590,False,53541066252717041290,20,baseline,4203334203331426052760,211,ood_long
78725035062120108050,944022730296986049,False,79669057792417094099,20,baseline,0777578777577787617676,211,ood_long
79678632654912651073,206708117818595198,False,79885340772731246271,20,baseline,7226890562766115767715,211,ood_long
30808837453302894671,358600923303350627,False,31167438376606245298,20,baseline,7110101411118011084715,211,ood_long
81613641326249828926,864118798978053312,False,82477760125227882238,20,baseline,6666664889666848666666,211,ood_long
47817355919075531159,540868686201804809,False,48358224605277335968,20,baseline,3597848847778888748588,211,ood_long
45264922333324192002,398539772591801938,False,45663462105915993940,20,baseline,4777776777776777771767,211,ood_long
7845677511161,3051303495300,False,10896981006461,13,baseline,7667777777777887,211,ood_long
2909449861464,4721404567037,False,7630854428501,13,baseline,7109455038595758,211,ood_long
2786182095079,7902887061986,False,10689069157065,13,baseline,1868777728008768,211,ood_long
5285584952571,9675832435445,False,14961417388016,13,baseline,1961212111218881,211,ood_long
9790674861788,8155404416942,False,17946079278730,13,baseline,1117778283437883,211,ood_long
9590893947096,7984046873006,False,17574940820102,13,baseline,1919171799799559,211,ood_long
9322501024825,3887309141113,False,13209810165938,13,baseline,1227204022190107,211,ood_long
6544942511471,8891887882712,False,15436830394183,13,baseline,1555197651396643,211,ood_long
2581951648165,6770504731255,False,9352456379420,13,baseline,7920628430475010,211,ood_long
8005330794244,8979480752333,False,16984811546577,13,baseline,1057097875767765,211,ood_long
6012518173106,8470195713561,False,14482713886667,13,baseline,1221333336668866,211,ood_long
2681067293906,1526546069739,False,4207613363645,13,baseline,7811119391912430,211,ood_long
81697109261218734,82629134049926192,False,164326243311144926,17,baseline,78889888889999888888,211,ood_long
81800940246385455,63553975352492694,False,145354915598878149,17,baseline,87997678003877188177,211,ood_long
17770226797072268,59984373178557790,False,77754599975630058,17,baseline,17177971718771717887,211,ood_long
52724344360634904,49824204632794769,False,102548548993429673,17,baseline,32080645757656465336,211,ood_long
15614964280724732,50721797565712153,False,66336761846436885,17,baseline,15576851501851151751,211,ood_long
17421626037827158,13824963169197433,False,31246589207024591,17,baseline,18883488828888882288,211,ood_long
91111692919606797,27335657019290371,False,118447349938897168,17,baseline,72823332719283262227,211,ood_long
93516248785823691,44272306575705000,False,137788555361528691,17,baseline,92222212809422486671,211,ood_long
99622221507813629,87145638005606402,False,186767859513420031,17,baseline,19404449494949499994,211,ood_long
76105211137287357,99416882696332160,False,175522093833619517,17,baseline,72218822122382217637,211,ood_long
31266747566251227,52821602601221575,False,84088350167472802,17,baseline,72222222731828216128,211,ood_long
66393902719510371,44932990179682638,False,111326892899193009,17,baseline,72865628002382866418,211,ood_long
27998105186746940,40653020259914805,False,68651125446661745,17,baseline,24544665825454577665,211,ood_long
60214151842694726,58198753923828194,False,118412905766522920,17,baseline,27676767653377161677,211,ood_long
85525139395786260,33310775410656277,False,118835914806442537,17,baseline,71210112121912218522,211,ood_long
39107310731608241,10484753980302540572,False,10523861291034148813,20,baseline,3148873988888082747188,211,ood_long
68435823178077366,52869536269356879705,False,52937972092534957071,20,baseline,7210668002666861666278,211,ood_long
15874683336776885,93476926499438408330,False,93492801182775185215,20,baseline,71014,211,ood_long
61967005603259664,54885618818094851949,False,54947585823698111613,20,baseline,1969023790948677044768,211,ood_long
73170088449320636,33605704131643947575,False,33678874220093268211,20,baseline,1549377807921714711775,211,ood_long
71456314438134239,38195412643482681299,False,38266868957920815538,20,baseline,3102671223771662679501,211,ood_long
15637536735919706,32111007108200219455,False,32126644644936139161,20,baseline,7092258172258657258411,211,ood_long
40090231680672936,38751702589803115220,False,38791792821483788156,20,baseline,1906174071161109177017,211,ood_long
27209166413639391,39417514835444412015,False,39444724001858051406,20,baseline,1324229020627271766242,211,ood_long
44375065597789458,93744265852803951786,False,93788640918401741244,20,baseline,1534344453334483532153,211,ood_long
94745363223373755,44070479318556533107,False,44165224681779906862,20,baseline,388888828988255888108,211,ood_long
12875632068663620,12730931149950455519,False,12743806782019119139,20,baseline,1433218634212784511617,211,ood_long
26511901162032957,47571779332155012111,False,47598291233317045068,20,baseline,1773222722212617212727,211,ood_long
94474572210763677,83407670908444421362,False,83502145480655185039,20,baseline,7555710147511148511108,211,ood_long
82722872191995059,23398311294684327453,False,23481034166876322512,20,baseline,8444310104430424331748,211,ood_long
92128307899760820,71347877674791114978,False,71440005982690875798,20,baseline,3117660105555041056676,211,ood_long
26334370741690176,33921281702421869773,False,33947616073163559949,20,baseline,3576562666565265704761,211,ood_long
76164859477611382,24855080479900431091,False,24931245339378042473,20,baseline,8132107733216763215761,211,ood_long
23388330253811145,60133251371357346425,False,60156639701611157570,20,baseline,3611660061626315668161,211,ood_long
39283880974601,875553471776646,False,914837352751247,15,baseline,72402229405006400,211,ood_long
12578064258904,214236389875863,False,226814454134767,15,baseline,14945666643566666,211,ood_long
78262199067274,584209927757043,False,662472126824317,15,baseline,72333284963284988,211,ood_long
95159796273980,653062403510116,False,748222199784096,15,baseline,76963908631934769,211,ood_long
22532455628657,351961981207489,False,374494436836146,15,baseline,75010509555507366,211,ood_long
52716526151091,555267618368758,False,607984144519849,15,baseline,72222676777776728,211,ood_long
55686294467802,396010952515071,False,451697246982873,15,baseline,26545254444446464,211,ood_long
41715386232739,878288010309853,False,920003396542592,15,baseline,38723886868821019,211,ood_long
63094700178569,272476642400113,False,335571342578682,15,baseline,70566733037230230,211,ood_long
99625838669931,154232211860317,False,253858050530248,15,baseline,93301955293298778,211,ood_long
45812827748345,567346939557720,False,613159767306065,15,baseline,78198850500056655,211,ood_long
10795357982413,50445859022545,False,61241217004958,14,baseline,10021119561717666,211,ood_long
57682708339626,97547650541818,False,155230358881444,14,baseline,78886662941160995,211,ood_long
57396413757664,94826424168273,False,152222837925937,14,baseline,70673653262253222,211,ood_long
38825756518838,93223257535884,False,132049014054722,14,baseline,78300003376723339,211,ood_long
49960361516806,12836107083176,False,62796468599982,14,baseline,46867666806168616,211,ood_long
69822905538395,54080474783656,False,123903380322051,14,baseline,72500005055550151,211,ood_long
86922799929102,84186774285842,False,171109574214944,14,baseline,72929429333444333,211,ood_long
25703432241218,11388869780528,False,37092302021746,14,baseline,20212521445655656,211,ood_long
96338246552006,86362025050220,False,182700271602226,14,baseline,73365520861626846,211,ood_long
12806460470778,99747016742082,False,112553477212860,14,baseline,18180817376373337,211,ood_long
10901734363041,44817770338939,False,55719504701980,14,baseline,19090901222731812,211,ood_long
17914494330468,88269531180478,False,106184025510946,14,baseline,19171315575755232,211,ood_long
17247270938911,13136085338979,False,30383356277890,14,baseline,12376125545055898,211,ood_long
17412856288167,54472079154077,False,71884935442244,14,baseline,14817183332904955,211,ood_long
37252487213529,92787988172821,False,130040475386350,14,baseline,72728787736487536,211,ood_long
72695185475103,69125724283110,False,141820909758213,14,baseline,70004621152241575,211,ood_long
41924098210650,64717076892892,False,106641175103542,14,baseline,42823324655554033,211,ood_long
86307251907143,19289199974032,False,105596451881175,14,baseline,71767675877688118,211,ood_long
96741968299544,27773774284327,False,124515742583871,14,baseline,94970236724330666,211,ood_long
84069467676750,69196629962453,False,153266097639203,14,baseline,77777334666446666,211,ood_long
65868041683653,40085057311525,False,105953098995178,14,baseline,64429414444446422,211,ood_long
2744878452058,5101350563095629807,False,5101353307974081865,19,baseline,758595075565559555755,211,ood_long
2261939714833,1602108513867063520,False,1602110775806778353,19,baseline,390029000223202712627,211,ood_long
1297818313010,7761471786938856580,False,7761473084757169590,19,baseline,187088958885999989999,211,ood_long
1209825663780,8055139229798826558,False,8055140439624490338,19,baseline,106565516569655566106,211,ood_long
8326806899746,9907045930268985679,False,9907054257075885425,19,baseline,145555555565555555937,211,ood_long
1550276004311,5407397670230461893,False,5407399220506466204,19,baseline,153131445411545435151,211,ood_long
3418186559049,7194013673352797501,False,7194017091539356550,19,baseline,788925292500152541415,211,ood_long
3016839979003,1171471860207408083,False,1171474877047387086,19,baseline,360886858810176886177,211,ood_long
4650657627064,7154443515241435097,False,7154448165899062161,19,baseline,766677777715577777657,211,ood_long
2365131995980,9814666644322219851,False,9814669009454215831,19,baseline,212503102327621596661,211,ood_long
7918180527737,8700885048599778253,False,8700892966780305990,19,baseline,798839985999900992985,211,ood_long
9284432224144,8644107661065981094,False,8644116945498205238,19,baseline,164184684586856584287,211,ood_long
9483536239229,1476870365519637914,False,1476879849055877143,19,baseline,158886826780168688458,211,ood_long
482137553140777595,42511997279365336,False,524649550420142931,18,baseline,744556648666648544448,211,ood_long
756209164604178655,34281633759974141,False,790490798364152796,18,baseline,711661117511157662158,211,ood_long
159138667514889278,20312271012729153,False,179450938527618431,18,baseline,165555529265516555525,211,ood_long
261684738187948008,46784527952676256,False,308469266140624264,18,baseline,255506655555555855556,211,ood_long
166327186269180058,47835643325597743,False,214162829594777801,18,baseline,194858982449408678898,211,ood_long
228355197816853540,33975182761623574,False,262330380578477114,18,baseline,771277621822712777721,211,ood_long
150072209956280426,12781424408588153,False,162853634364868579,18,baseline,137222341843337175450,211,ood_long
283903038562543161,43067901262154874,False,326970939824698035,18,baseline,266656627252627615254,211,ood_long
150216012985107415,49891137263057180,False,200107150248164595,18,baseline,172799716238771179656,211,ood_long
803990575263383710,83240332130877730,False,887230907394261440,18,baseline,023915278822227016621,211,ood_long
396947364619578012,61106171019423641,False,458053535639001653,18,baseline,755676548766654366642,211,ood_long
802722960164434492,64508054246454034,False,867231014410888526,18,baseline,266888668666466268666,211,ood_long
299930174481603881,82649924021406609,False,382580098503010490,18,baseline,255171512711615261164,211,ood_long
905821338922980693,58958583606242358,False,964779922529223051,18,baseline,144544490105449360441,211,ood_long
316571659708389249,15680175408215898,False,332251835116605147,18,baseline,755448550654855888855,211,ood_long
598524487765692126,15681764710064426,False,614206252475756552,18,baseline,288998775878776288777,211,ood_long
362177230420924473,40583013759407579,False,402760244180332052,18,baseline,779999850058876868875,211,ood_long
616542797117359841,16236179839725050,False,632778976957084891,18,baseline,256666517666662666611,211,ood_long
359384986806555214,51770851244199936,False,411155838050755150,18,baseline,484868410366841467665,211,ood_long
903403532595518215,63297267800714638,False,966700800396232853,18,baseline,357559571650557155556,211,ood_long
880801664419522021,89001920892942440,False,969803585312464461,18,baseline,109181078809191889895,211,ood_long
987497193650365659,60071059066150806,False,1047568252716516465,18,baseline,702555900500006919501,211,ood_long
474652437697746991,45881222448816271,False,520533660146563262,18,baseline,222121221332222172322,211,ood_long
777116366683104886,64487170439543428,False,841603537122648314,18,baseline,738779488839487888832,211,ood_long
925716183301116055,79971082788157734,False,1005687266089273789,18,baseline,712371171922127287126,211,ood_long
78424968338694,3179997493064625,False,3258422461403319,16,baseline,740004333400383610,211,ood_long
53222916883590,7667187631172234,False,7720410548055824,16,baseline,723355550555525555,211,ood_long
46206129312245,4378705790791787,False,4424911920104032,16,baseline,122262806222646326,211,ood_long
39937327129450,2355874089163903,False,2395811416293353,16,baseline,316019126611726221,211,ood_long
86923736860601,9639903353919206,False,9726827090779807,16,baseline,726223326626664269,211,ood_long
74586272532166,6789973226986473,False,6864559499518639,16,baseline,758585866668724998,211,ood_long
93754051128506,9310516905750404,False,9404270956878910,16,baseline,111128521111111111,211,ood_long
64480618195551,1329854566986244,False,1394335185181795,16,baseline,713345665034656433,211,ood_long
84723270002839,3758415381852851,False,3843138651855690,16,baseline,744445655556106556,211,ood_long
26785082773593,9385563203360964,False,9412348286134557,16,baseline,111022025210165211,211,ood_long
46068560730905,8107358578569580,False,8153427139300485,16,baseline,767606805470695599,211,ood_long
41323315797688,4624285704283855,False,4665609020081543,16,baseline,333909060900151900,211,ood_long
77866753340742,1423200665795617,False,1501067419136359,16,baseline,777666667666213323,211,ood_long
37124260352124,5231670924072667,False,5268795184424791,16,baseline,717221247766424466,211,ood_long
50008168627997,3001252617674534,False,3051260786302531,16,baseline,170656665056706656,211,ood_long
40277401660448,5180124374406537,False,5220401776066985,16,baseline,777702147771144884,211,ood_long
93741003802080,2623777435320454,False,2717518439122534,16,baseline,946200146462484634,211,ood_long
23847790925946,5272068289984865,False,5295916080910811,16,baseline,795224631722235422,211,ood_long
62220011651346,3251699879579776,False,3313919891231122,16,baseline,142212132722624332,211,ood_long
60822108937908,7844342054703024,False,7905164163640932,16,baseline,100990004590000199,211,ood_long
58179553485391,2871001587029995,False,2929181140515386,16,baseline,733332063334265133,211,ood_long
82460447069377,5695638958315996,False,5778099405385373,16,baseline,733351422251987352,211,ood_long
39640222040260,5685851069343882,False,5725491291384142,16,baseline,164020244440206446,211,ood_long
77887232567886,8653671886670409,False,8731559119238295,16,baseline,755444545455555544,211,ood_long
96961541176606600714,7735555729159491,False,96969276732335760205,20,baseline,7777776677777676776666,211,ood_long
21463949727320674941,8059458272906394,False,21472009185593581335,20,baseline,2000066606006027906642,211,ood_long
77670842231860389391,1296822875859403,False,77672139054736248794,20,baseline,8192878788828768887687,211,ood_long
17040487032865046588,5259704486077652,False,17045746737351124240,20,baseline,1936385711788582778557,211,ood_long
12449687499328936638,8513098981690775,False,12458200598310627413,20,baseline,1999932024992135493261,211,ood_long
39417674769437889530,7128434399598957,False,39424803203837488487,20,baseline,7654662500554488854448,211,ood_long
42220743950101345929,2949217302411990,False,42223693167403757919,20,baseline,7265011033201122421074,211,ood_long
39512283439777487483,9902075277130393,False,39522185515054617876,20,baseline,2955509009494936509484,211,ood_long
81057892536901099355,2649405059380523,False,81060541941960479878,20,baseline,7322357883246586225777,211,ood_long
81075516181220621242,4813258788516844,False,81080329440009138086,20,baseline,7711667867777766767676,211,ood_long
7442935252106626,1341984014383222343,False,1349426949635328969,19,baseline,333333057500997473397,211,ood_long
9626413015432930,4335027010742348476,False,4344653423757781406,19,baseline,186989769678876661176,211,ood_long
2934706418239368,2856457285635414194,False,2859391992053653562,19,baseline,101110010170001256405,211,ood_long
5421777321009557,4772820366608774665,False,4778242143929784222,19,baseline,784888846688886542885,211,ood_long
2758094088714770,5902254247377458515,False,5905012341466173285,19,baseline,181587800798827765817,211,ood_long
3269901788782688,4430339948477843127,False,4433609850266625815,19,baseline,177777709776672406777,211,ood_long
4847692662496652,9244464139322770442,False,9249311831985267094,19,baseline,722999174841438555553,211,ood_long
3406629276068589,3572342060103943161,False,3575748689380011750,19,baseline,276727703537774667725,211,ood_long
3966906817346662,1200149746296365876,False,1204116653113712538,19,baseline,122046259531236664056,211,ood_long
7966975653641059,9029216554888987461,False,9037183530542628520,19,baseline,756206500611510771100,211,ood_long
8747158024895957,6107314590490269428,False,6116061748515165385,19,baseline,707600018850978885676,211,ood_long
2529648861572066,3881026684652024658,False,3883556333513596724,19,baseline,223222172932137676232,211,ood_long
29929586213779019266,12327699621739408,False,29941913913400758674,20,baseline,7422167062616191067578,211,ood_long
34088610924027836075,70325523261057745,False,34158936447288893820,20,baseline,7602840506488885084760,211,ood_long
95442534103235172422,26728684580691303,False,95469262787815863725,20,baseline,7655457655445566545843,211,ood_long
84151363040266047753,97819201622937983,False,84249182241888985736,20,baseline,3661227536222666627627,211,ood_long
59453337301292963230,54866764547685584,False,59508204065840648814,20,baseline,3654566765556566565654,211,ood_long
43340907383564452011,32662161680102700,False,43373569545244554711,20,baseline,0583450554355432756501,211,ood_long
17545301892826887140,37053359085286476,False,17582355251912173616,20,baseline,3677121178712177712171,211,ood_long
39292328780948932652,52282704730631373,False,39344611485679564025,20,baseline,3943220193296939396271,211,ood_long
42230642935700460648,63497875174462531,False,42294140810874923179,20,baseline,6535771685777247676764,211,ood_long
14383062974499166951,83364196024928405,False,14466427170524095356,20,baseline,1212774577777415773277,211,ood_long
92641442143476465815,12872510252754931,False,92654314653729220746,20,baseline,4454458665457678648576,211,ood_long
73429986890115552663,21669109602300004,False,73451655999717852667,20,baseline,1333000501900032300698,211,ood_long
25442621308598374312,65778431039179592,False,25508399739637553904,20,baseline,6666675076477576675477,211,ood_long
67297759733539319780,53011437118817832,False,67350771170658137612,20,baseline,7120222350222723724474,211,ood_long
58428185149163211270,86020687271921160,False,58514205836435132430,20,baseline,1068085008688485886878,211,ood_long
25743562341291453521,91647529633313530,False,25835209870924767051,20,baseline,5565456655455256542656,211,ood_long
35573442959507614509,90027993693355739,False,35663470953200970248,20,baseline,4022286222778624577571,211,ood_long
4962350637596127,182267946515104,False,5144618584111231,16,baseline,777867679788866786,211,ood_long
5954897518694402,423656114477630,False,6378553633172032,16,baseline,710266421033531166,211,ood_long
4388335226901292,551177844970402,False,4939513071871694,16,baseline,380838380274201623,211,ood_long
7839899652716108,206377895892479,False,8046277548608587,16,baseline,706555555559907559,211,ood_long
8835589060555726,304144802134070,False,9139733862689796,16,baseline,866611116011211111,211,ood_long
1710037089527186,161297226615743,False,1871334316142929,16,baseline,171512105027171759,211,ood_long
5298057361221039,826302846042143,False,6124360207263182,16,baseline,724222288921000228,211,ood_long
3803432425903317,194595118888264,False,3998027544791581,16,baseline,331034338846778874,211,ood_long
5280721799432025,304208361716757,False,5584930161148782,16,baseline,242510777145075009,211,ood_long
2314578767427083,714028127772282,False,3028606895199365,16,baseline,771788621172687088,211,ood_long
5465005236592255,890669726775740,False,6355674963367995,16,baseline,111550411150765050,211,ood_long
3201147264342124,312300149178834,False,3513447413520958,16,baseline,723232315432323332,211,ood_long
6409097805573222,808146355533905,False,7217244161107127,16,baseline,715658056577707658,211,ood_long
9324225368901137,386886793874191,False,9711112162775328,16,baseline,142422422243264242,211,ood_long
3587173617179768,436087073169763,False,4023260690349531,16,baseline,788899888889999999,211,ood_long
3700992363482864,784540507019645983,False,788241499383128847,18,baseline,98073528010788802868,211,ood_long
1678174254736872,839630698012212551,False,841308872266949423,18,baseline,15835888429499868759,211,ood_long
7729308217464240,909535600350938205,False,917264908568402445,18,baseline,77777076770776776811,211,ood_long
9761208223033615,157712268011306452,False,167473476234340067,18,baseline,92424424294324297612,211,ood_long
6176478092266550,150210063652807378,False,156386541745073928,18,baseline,76677777177777161777,211,ood_long
3126139070293046,346772689363998075,False,349898828434291121,18,baseline,38372723242000162672,211,ood_long
3663273498513066,363598491198383557,False,367261764696896623,18,baseline,77846667506678437784,211,ood_long
7293239951811629,102952871730399005,False,110246111682210634,18,baseline,30455454320544327210,211,ood_long
9983456880991430,654697243010979394,False,664680699891970824,18,baseline,93323433797323382163,211,ood_long
3532948346171672,312419228654582103,False,315952177000753775,18,baseline,33400440090610665334,211,ood_long
8404953911788771,983365710416561094,False,991770664328349865,18,baseline,77706127797277759067,211,ood_long
1846960959106373,497872918893730179,False,499719879852836552,18,baseline,18012610506800007580,211,ood_long
2081828769456067,626189917189874146,False,628271745959330213,18,baseline,22303772505542381255,211,ood_long
1114550865063543,541088339224216652,False,542202890089280195,18,baseline,16661166161166616156,211,ood_long
3838734255779200,414855878218310323,False,418694612474089523,18,baseline,35444444405444478254,211,ood_long
5411422813825649621,7739698738253452,False,5419162512563903073,19,baseline,222222285762666555667,211,ood_long
6235684478427722097,9933424496705163,False,6245617902924427260,19,baseline,723111848711883221133,211,ood_long
4323635415542632465,2151568768550150,False,4325786984311182615,19,baseline,320211109021108461102,211,ood_long
8527082692357779411,4904578743612835,False,8531987271101392246,19,baseline,865343668764655978657,211,ood_long
3271718681189831267,4181773673395329,False,3275900454863226596,19,baseline,788888500054859888855,211,ood_long
1839390709010661840,3818546199667136,False,1843209255210328976,19,baseline,144424409444427194141,211,ood_long
8374061575324674101,3799794888872882,False,8377861370213546983,19,baseline,733575335937335866335,211,ood_long
8915300395516369885,3861508323299477,False,8919161903839669362,19,baseline,368888659677758767756,211,ood_long
2579847683948578685,5826499266658254,False,2585674183215236939,19,baseline,277387366738362157746,211,ood_long
1427140049168621216,2056134123132796,False,1429196183291754012,19,baseline,127222741882766172868,211,ood_long
3899590087701796715,3829976967046939,False,3903420064668843654,19,baseline,362222166622166663666,211,ood_long
6198581850452319278,9198658174762246,False,6207780508627081524,19,baseline,701000110010111150102,211,ood_long
9443021705751886160,2584588270748743,False,9445606294022634903,19,baseline,157575731867773478758,211,ood_long
4692400875233136114,9841366037520017,False,4702242241270656131,19,baseline,466896674676667646671,211,ood_long
4295698604190731231,1270503853998432,False,4296969108044729663,19,baseline,777777794788757368766,211,ood_long
2201607531102244518,3433186219080046,False,2205040717321324564,19,baseline,267776662676666267666,211,ood_long
2078392710787956586,253336093284268,False,2078646046881240854,19,baseline,211144111022111142150,211,ood_long
6008505731081984814,323261755765834,False,6008828992837750648,19,baseline,651166657622165766664,211,ood_long
2262991191615362376,910805006849236,False,2263901996622211612,19,baseline,200201010105000293300,211,ood_long
6684577982793772143,949663681963975,False,6685527646475736118,19,baseline,623222213031221222221,211,ood_long
1145703451043515754,219258707917429,False,1145922709751433183,19,baseline,175777747148485218884,211,ood_long
3404606730763099608,598351845921441,False,3405205082609021049,19,baseline,332337227353332757332,211,ood_long
3167514818998162438,671723721853463,False,3168186542720015901,19,baseline,354633549863546546554,211,ood_long
7886695039000975028,286350515500556,False,7886981389516475584,19,baseline,766666666676666666666,211,ood_long
5076463553098749535,385478317883497,False,5076849031416633032,19,baseline,755555555535555465553,211,ood_long
7564799570268014366,205341636444978,False,7565004911904459344,19,baseline,794988845749495764844,211,ood_long
5763593363950596740,340484359331704,False,5763933848309928444,19,baseline,540019005901110576801,211,ood_long
6953566563229740491,780107814311305,False,6954346671044051796,19,baseline,677888871702877666877,211,ood_long
4214514950492846100,636388920152733,False,4215151339412998833,19,baseline,304009049560415966046,211,ood_long
8403506528327912263,695760293713470,False,8404202288621625733,19,baseline,782291877868977756972,211,ood_long
6090488444648963830,108001665353911,False,6090596446314317741,19,baseline,602999086237092656119,211,ood_long
4202636487760697941,325892998175592,False,4202962380758873533,19,baseline,433833337553332677337,211,ood_long
7685351662925130570,654914277515424,False,7686006577202645994,19,baseline,325666626776627576627,211,ood_long
7343523699150071491,870518256052615,False,7344394217406124106,19,baseline,766666665261765276765,211,ood_long
1790638973261079517,600822918412671,False,1791239796179492188,19,baseline,182379884288887428887,211,ood_long
6422378562173643368,685519742484272,False,6423064081916127640,19,baseline,750165501001501015450,211,ood_long
8180423853201846429,389909606794321,False,8180813762808640750,19,baseline,844677665015553585555,211,ood_long
3070619566346835099,244872783227210,False,3070864439130062309,19,baseline,302372917051111276911,211,ood_long
1398177736541746415,168567841711438,False,1398346304383457853,19,baseline,176677784883674862664,211,ood_long
2525328312578353556,444038168421708,False,2525772350746775264,19,baseline,280167700101909527771,211,ood_long
168897291247089,998447922142828,False,1167345213389917,15,baseline,151515625156689566,211,ood_long
844925170236767,877770386236087,False,1722695556472854,15,baseline,732112939122606236,211,ood_long
405256118089564,697379480254954,False,1102635598344518,15,baseline,730534427633666312,211,ood_long
181800973305709,988732067336022,False,1170533040641731,15,baseline,181808188181816988,211,ood_long
740472980758976,785168074851691,False,1525641055610667,15,baseline,752924542005556211,211,ood_long
729914504884411,511318554067573,False,1241233058951984,15,baseline,707019191794570589,211,ood_long
767579170579167,638433693286897,False,1406012863866064,15,baseline,722224543233693333,211,ood_long
393128684093207,639265273256936,False,1032393957350143,15,baseline,793929532219431932,211,ood_long
465245377312636,812224225973344,False,1277469603285980,15,baseline,765555666656666576,211,ood_long
945491940539891,588343395838545,False,1533835336378436,15,baseline,185883848984803933,211,ood_long
437599328098338,847099730645811,False,1284699058744149,15,baseline,720368686658232258,211,ood_long
248025768157829,952039731376943,False,1200065499534772,15,baseline,742538311667018177,211,ood_long
542630165066226,919724331583141,False,1462354496649367,15,baseline,122666666666658666,211,ood_long
512348997675497,382158072451980,False,894507070127477,15,baseline,744022862010998628,211,ood_long
743021608253084,361833599621277,False,1104855207874361,15,baseline,747454302547474777,211,ood_long
501483202726907,623028916508711,False,1124512119235618,15,baseline,366504065404685404,211,ood_long
624797542870657,100943748535161,False,725741291405818,15,baseline,744448876556066576,211,ood_long
272771483320356300,720042399426034047,False,992813882746390347,18,baseline,179997072797777297776,211,ood_long
202182283562178941,462616499905754449,False,664798783467933390,18,baseline,244340929000008184090,211,ood_long
445490332622170265,155474113741738572,False,600964446363908837,18,baseline,119161106161115562081,211,ood_long
367776776765429894,439309682498345699,False,807086459263775593,18,baseline,724444200443228444221,211,ood_long
265786683975237381,824894310234793324,False,1090680994210030705,18,baseline,655555405454546545447,211,ood_long
329161593436275172,541553296184885936,False,870714889621161108,18,baseline,120092203381226281224,211,ood_long
799188229339502214,609727011623874315,False,1408915240963376529,18,baseline,861111667111619797747,211,ood_long
392869342763459917,468802996356066357,False,861672339119526274,18,baseline,923439103533919393919,211,ood_long
707510118215781517,821294958895014987,False,1528805077110796504,18,baseline,173626708737771677777,211,ood_long
379594952003962573,988777622354764217,False,1368372574358726790,18,baseline,404602363602286666085,211,ood_long
392456178959752117,809370573548274293,False,1201826752508026410,18,baseline,710101222011024501522,211,ood_long
769841765269305390,303243396633000490,False,1073085161902305880,18,baseline,100008762224846646476,211,ood_long
814725560748083766,437220972172567421,False,1251946532920651187,18,baseline,760066038500481845075,211,ood_long
669618052553816914,29167263062158,False,669647219816879072,18,baseline,67666677770947776967,211,ood_long
377210964345925011,93290699648164,False,377304255045573175,18,baseline,16426644467246647677,211,ood_long
592540943587554406,27776047146660,False,592568719634701066,18,baseline,11221100229901121156,211,ood_long
382469405401951947,22833534480366,False,382492238936432313,18,baseline,35777719775035777788,211,ood_long
932278964618835932,25797577312357,False,932304762196148289,18,baseline,94905008845105495504,211,ood_long
259013808404833016,74954887587377,False,259088763292420393,18,baseline,21111141046431115192,211,ood_long
801130964307594159,57892692033117,False,801188856999627276,18,baseline,11000066410318447111,211,ood_long
763169784297075057,20955196364619,False,763190739493439676,18,baseline,78833389333773333776,211,ood_long
665924311141278385,51204305877850,False,665975515447156235,18,baseline,63654431656444543566,211,ood_long
705397865707129531,78724452293857,False,705476590159423388,18,baseline,74206010600021067666,211,ood_long
497299547723896796,52578351072922,False,497352126074969718,18,baseline,79022200228626121089,211,ood_long
148980648321587212,38895120745999,False,149019543442333211,18,baseline,10099000084859098989,211,ood_long
234479911332847207,14287979069726,False,234494199311916933,18,baseline,27000000005050049575,211,ood_long
684445620178665365,39115394315285,False,684484735572980650,18,baseline,65112176822111112246,211,ood_long
489187879928737096,88926216741959,False,489276806145479055,18,baseline,70066010066666066699,211,ood_long
581785867865241487,59098019145989,False,581844965884387476,18,baseline,74454456456555441595,211,ood_long
9221223331904,19796526951655,False,29017750283559,14,baseline,9232111222232126,211,ood_long
8696307208386,60829792766660,False,69526099975046,14,baseline,7696909666666661,211,ood_long
9081210069931,63896950537776,False,72978160607707,14,baseline,9191999051939053,211,ood_long
6421261670644,55689016975986,False,62110278646630,14,baseline,6233327335833366,211,ood_long
6434228989456,20455793862016,False,26890022851472,14,baseline,6476787667666667,211,ood_long
9641672866554,89882988722819,False,99524661589373,14,baseline,1582777122228221,211,ood_long
9619756234275,84857574105967,False,94477330340242,14,baseline,1006022044402244,211,ood_long
7621462391623,79986053200218,False,87607515591841,14,baseline,7223277666656566,211,ood_long
4846039732829,74682041946993,False,79528081679822,14,baseline,4686444481818684,211,ood_long
2696632359388,89300410630946,False,91997042990334,14,baseline,2776999944431194,211,ood_long
8634119116982,61340070817801,False,69974189934783,14,baseline,7422222229252498,211,ood_long
7060037563706,85836240927690,False,92896278491396,14,baseline,7000676767117676,211,ood_long
1482555231823,77610309940654,False,79092865172477,14,baseline,1833438877018718,211,ood_long
2250264243761,18268172124958,False,20518436368719,14,baseline,2526727258313787,211,ood_long
1637462085257,64482354198951,False,66119816284208,14,baseline,1088882970297793,211,ood_long
1630754666945,46527345577338,False,48158100244283,14,baseline,1313777666544662,211,ood_long
7066731678090,62213041123482,False,69279772801572,14,baseline,7767676767644676,211,ood_long
154978187617187,5699911454002269,False,5854889641619456,16,baseline,1000680169495805494,211,ood_long
675196829240400,5468021827390631,False,6143218656631031,16,baseline,6363092436590436365,211,ood_long
309345788742582,7116624550215566,False,7425970338958148,16,baseline,7707777717791467871,211,ood_long
729608061598146,2174058898783429,False,2903666960381575,16,baseline,7760869766817334786,211,ood_long
948372144037792,3369282691156237,False,4317654835194029,16,baseline,1000440646040100447,211,ood_long
339008277793553,7533452636941592,False,7872460914735145,16,baseline,7090931779396390423,211,ood_long
712684939978770,1232247900895798,False,1944932840874568,16,baseline,7335555555555555565,211,ood_long
969598407053545,2811192003894383,False,3780790410947928,16,baseline,9100865666421091936,211,ood_long
605672980634971,9671352547084035,False,10277025527719006,16,baseline,2902021929117601016,211,ood_long
677120515369593,3214185576700727,False,3891306092070320,16,baseline,1788323376872888837,211,ood_long
838615282156870,9417990829181485,False,10256606111338355,16,baseline,7222777777788722278,211,ood_long
990927162464175,7449784872860847,False,8440712035325022,16,baseline,7119668158661025667,211,ood_long
418872425266094,2234658740280985,False,2653531165547079,16,baseline,2444343404484944341,211,ood_long
803502729654053,7756754188389083,False,8560256918043136,16,baseline,7105555710516605516,211,ood_long
339489355244111,8319970604036692,False,8659459959280803,16,baseline,7762222872225287223,211,ood_long
437599211702585,2834139092381962,False,3271738304084547,16,baseline,7686086666040360286,211,ood_long
362992938920652264,97785153876570148024,False,98148146815490800288,20,baseline,2811950919990010977301,211,ood_long
380989172521084521,16541758577269343280,False,16922747749790427801,20,baseline,7309060009880790877711,211,ood_long
344629237240276698,33552933458777555711,False,33897562696017832409,20,baseline,7665375376235353333389,211,ood_long
767327963503074806,11439429253386825178,False,12206757216889899984,20,baseline,7723256632436762425788,211,ood_long
445482250530835218,11430351804467125073,False,11875834054997960291,20,baseline,2122822462846284847471,211,ood_long
488496792915168775,71563406890159210110,False,72051903683074378885,20,baseline,7010004610600560660580,211,ood_long
877488885671384928,11989332087235572958,False,12866820972906957886,20,baseline,8155955555955555956555,211,ood_long
683650163343884947,84126597066804867259,False,84810247230148752206,20,baseline,1988823118886111858788,211,ood_long
805267407995432658,88129968367088244538,False,88935235775083677196,20,baseline,7553217153217702114739,211,ood_long
897724672927696762,46995306149311061065,False,47893030822238757827,20,baseline,4949904994997799949701,211,ood_long
842329929594200701,84399295504109342251,False,85241625433703542952,20,baseline,1294406772242572647101,211,ood_long
692975720497137237,37346626504485923420,False,38039602224983060657,20,baseline,7165444654547304548485,211,ood_long
465448536954755465,96439525020975611727,False,96904973557930367192,20,baseline,7999999999995555511111,211,ood_long
558331333072882736,39514772234952390272,False,40073103568025273008,20,baseline,1005516505555656505014,211,ood_long
963882191160439643,88310090768611375290,False,89273972959771814933,20,baseline,1488826668888686847788,211,ood_long
154332300297561084,41363870906924119554,False,41518203207221680638,20,baseline,1622085012006512025075,211,ood_long
5037909459007448305,9006434361356376240,False,14044343820363824545,19,baseline,0999706899970679975758,211,ood_long
2954747146048545611,2671973858931412334,False,5626721004979957945,19,baseline,4754455484454654451473,211,ood_long
6394603724490719641,3561220824501726780,False,9955824548992446421,19,baseline,0006462020564610507640,211,ood_long
3089879576856766927,2384028964268773107,False,5473908541125540034,19,baseline,7666555666655566545456,211,ood_long
6785608540963955182,2540588129256224883,False,9326196670220180065,19,baseline,6665222252222165221766,211,ood_long
7064884553713721241,9332707035903854779,False,16397591589617576020,19,baseline,7149017114915555955711,211,ood_long
6900960175438807663,5641310512222312468,False,12542270687661120131,19,baseline,6553270233229553276165,211,ood_long
8724722254495006906,5086456719085648373,False,13811178973580655279,19,baseline,7125545545554781657711,211,ood_long
4722976001123120371,6364390157991252953,False,11087366159114373324,19,baseline,7331114330113233124778,211,ood_long
7493978169750017927,6011987054503428254,False,13505965224253446181,19,baseline,7266646116666066667756,211,ood_long
1309972500223478034,4224873963150534969,False,5534846463374013003,19,baseline,7911123221119011121769,211,ood_long
5572836606987736074,1419641048745860898,False,6992477655733596972,19,baseline,3776666776666676665775,211,ood_long
5057822833691665477,4706427271441377495,False,9764250105133042972,19,baseline,2446666566766557767709,211,ood_long
9564585818680061004,7516576736721093955,False,17081162555401154959,19,baseline,7102200322221012256152,211,ood_long
4263311643640854694,2425341145993838546,False,6688652789634693240,19,baseline,1966766666666666764116,211,ood_long
3554158739593535487,2406235072685606633,False,5960393812279142120,19,baseline,7666655777666666571677,211,ood_long
4734778420597521391,2700974648342842164,False,7435753068940363555,19,baseline,7224655542544862544777,211,ood_long
89687836386904,2621585093863,False,92309421480767,14,baseline,89999554665454665,211,ood_long
93074404602221,6159151615961,False,99233556218182,14,baseline,97097090266466666,211,ood_long
29071260179317,3086780311129,False,32158040490446,14,baseline,10700446042888289,211,ood_long
92418112528970,1718961457541,False,94137073986511,14,baseline,92910000666006666,211,ood_long
77722771603443,9231304080515,False,86954075683958,14,baseline,72444444465544665,211,ood_long
94548306547510,6713564058561,False,101261870606071,14,baseline,15109881555421466,211,ood_long
89292347284781,6044668450620,False,95337015735401,14,baseline,70927111004006601,211,ood_long
48549795281670,5717549352815,False,54267344634485,14,baseline,75501956161726167,211,ood_long
57769022194890,3570033745747,False,61339055940637,14,baseline,77797131779953679,211,ood_long
5952708620797,23940596190854919,False,23946548899475716,17,baseline,1979454494946500101,211,ood_long
2328178199408,95328906432193427,False,95331234610392835,17,baseline,7240808250288809388,211,ood_long
9954003004262,12285534866150196,False,12295488869154458,17,baseline,9462626466626666626,211,ood_long
3793556990319,63403465308901075,False,63407258865891394,17,baseline,7666677786771279777,211,ood_long
6194497953867,21876829401047210,False,21883023899001077,17,baseline,7222222177221172221,211,ood_long
8405753150247,42784894364709285,False,42793300117859532,17,baseline,7686802226822420022,211,ood_long
2595642990905,18135364227188480,False,18137959870179385,17,baseline,2000565666656661056,211,ood_long
9197545499899,74685143126341254,False,74694340671841153,17,baseline,7555542345354445252,211,ood_long
5335554753562,72726167308483836,False,72731502863237398,17,baseline,7211111101011761111,211,ood_long
5040111252337,53411825097798356,False,53416865209050693,17,baseline,1303333010333081333,211,ood_long
4838921583669,82760937243933994,False,82765776165517663,17,baseline,2499455515557985556,211,ood_long
2774579437402,94013442843028940,False,94016217422466342,17,baseline,7178405191857869965,211,ood_long
1252178816963,10324552858190815,False,10325805037007778,17,baseline,1222127334323233426,211,ood_long
9943534105846,65259623400846281,False,65269566934952127,17,baseline,3711887868700171119,211,ood_long
7053692934473,20488516696339945,False,20495570389274418,17,baseline,7677710008730000213,211,ood_long
1236002861367,14247176644673169,False,14248412647534536,17,baseline,1212163676366187636,211,ood_long
7892072657999,11116192171958888,False,11124084244616887,17,baseline,7000090194909931099,211,ood_long
3767021772264,14843987316189669,False,14847754337961933,17,baseline,1978962689866488967,211,ood_long
27938444856365,5041176939265545238,False,5041204877710401603,19,baseline,290100010101010170481,211,ood_long
77233885994872,3502735129977322220,False,3502812363863317092,19,baseline,766672786001027106277,211,ood_long
47411275687275,7350058439632241113,False,7350105850907928388,19,baseline,288329888858888848888,211,ood_long
80022976430871,6925195932507736747,False,6925275955484167618,19,baseline,733333333000000098133,211,ood_long
45805588700338,3275101476497087646,False,3275147282085787984,19,baseline,756666666815666666566,211,ood_long
61502494137160,5515046076407913164,False,5515107578902050324,19,baseline,471737594316484316174,211,ood_long
28930766410295,5877762358939387004,False,5877791289705797299,19,baseline,241344433316341318441,211,ood_long
59079312117031,8956711635591557491,False,8956770714903674522,19,baseline,348888886026766906058,211,ood_long
31566492798151,1060701606656798437,False,1060733173149596588,19,baseline,448733448177337766737,211,ood_long
35903869820435,2269724221975878392,False,2269760125845698827,19,baseline,720643224643114465215,211,ood_long
33486288733220,9826358623746812686,False,9826392110035545906,19,baseline,210869998899098875408,211,ood_long
86632432317348,9185265006743854521,False,9185351639176171869,19,baseline,459544454565549566654,211,ood_long
23147486113543,3613260207359362994,False,3613283354845476537,19,baseline,271026840127170213161,211,ood_long
18136060036910,9336680182645293421,False,9336698318705330331,19,baseline,192299992618192581856,211,ood_long
82445020140357,2732374491639321730,False,2732456936659462087,19,baseline,145655556812856685656,211,ood_long
16363530920381,4598531992179786692,False,4598548355710707073,19,baseline,161766664647644647676,211,ood_long
79865194820619,1659565593714657230,False,1659645458909477849,19,baseline,766667766623766676776,211,ood_long
78831000903967,6496849811757862464,False,6496928642758766431,19,baseline,744244444080253987845,211,ood_long
53635526432716,3652072601391716133,False,3652126236918148849,19,baseline,777778782216788263667,211,ood_long
859642486660904,3737172868810537780,False,3738032511297198684,19,baseline,204602265655565856264,211,ood_long
850814556979285,9172960729702947269,False,9173811544259926554,19,baseline,859905994996599865666,211,ood_long
589908592510131,1403122870270380728,False,1403712778862890859,19,baseline,811751611851911680010,211,ood_long
595990665289051,2920005140829140102,False,2920601131494429153,19,baseline,117121279058777006779,211,ood_long
757728952448909,4153451064876198491,False,4154208793828647400,19,baseline,765111110065015758250,211,ood_long
119928789087330,8639993699600613401,False,8640113628389700731,19,baseline,100019401201109100709,211,ood_long
945477803766224,2210840844988419847,False,2211786322792186071,19,baseline,733111134954333555414,211,ood_long
893225190712513,4843949796100065041,False,4844843021290777554,19,baseline,733334434805434872944,211,ood_long
891046721576326,2347703074415568188,False,2348594121137144514,19,baseline,711169817885111818671,211,ood_long
173876243055767,9903366830222560726,False,9903540706465616493,19,baseline,143488434193233877634,211,ood_long
710401463394871,5851529748553567559,False,5852240150016962430,19,baseline,141504348885557182958,211,ood_long
9259039427459,950056364833727,False,959315404261186,15,baseline,70413335519745029,211,ood_long
5676528149023,230820103336546,False,236496631485569,15,baseline,76766656571656771,211,ood_long
6893997937570,891419203176859,False,898313201114429,15,baseline,74940990657110702,211,ood_long
8923999498091,319449613551706,False,328373613049797,15,baseline,74444442034224016,211,ood_long
5506957287578,415993163590481,False,421500120878059,15,baseline,77777226709657785,211,ood_long
8170840818196,936146680559719,False,944317521377915,15,baseline,81711129888889419,211,ood_long
5579406894823,164036524393932,False,169615931288755,15,baseline,70157362242362767,211,ood_long
4519733264607,261608700078516,False,266128433343123,15,baseline,30005454777154404,211,ood_long
7326833704247,454476502063621,False,461803335767868,15,baseline,72038282266282514,211,ood_long
1464313230592369,15796596922948846,False,17260910153541215,17,baseline,15786767854197954156,211,ood_long
5090086886691152,89499751589801672,False,94589838476492824,17,baseline,86600766086109091116,211,ood_long
2623435785221496,12229385345375310,False,14852821130596806,17,baseline,27666896662776662627,211,ood_long
8993740554572609,24223917007410900,False,33217657561983509,17,baseline,82242181248042449891,211,ood_long
1526153334958061,66097049087397492,False,67623202422355553,17,baseline,15386666762867776676,211,ood_long
3743453444171293,40461837674332189,False,44205291118503482,17,baseline,76417875784451658465,211,ood_long
1945679831528463,45099005974910172,False,47044685806438635,17,baseline,11122878197622235161,211,ood_long
2107471649072823,82165985658589410,False,84273457307662233,17,baseline,755755557138,211,ood_long
3592664045212691,99134013312043672,False,102726677357256363,17,baseline,72872171820988875358,211,ood_long
3359660292496812,80475677932520523,False,83835338225017335,17,baseline,79252589192055256442,211,ood_long
9347558776705149,19150546877991894,False,28498105654697043,17,baseline,93482344210343266884,211,ood_long
7581626740667728,78097494249903232,False,85679120990570960,17,baseline,27222767237637225767,211,ood_long
3622839279995930,83718899312652955,False,87341738592648885,17,baseline,31077777710017776333,211,ood_long
5170717090233233,54378502518391200,False,59549219608624433,17,baseline,17900978001000010711,211,ood_long
6667279217211928,28436671600191578,False,35103950817403506,17,baseline,79384994447644448769,211,ood_long
9917790271959061,64542942021494649,False,74460732293453710,17,baseline,95655999349411119699,211,ood_long
3004190950061087,38836925227326682907,False,38839929418276743994,20,baseline,9252522315261051526270,211,ood_long
2564825076069173,76514967988850206518,False,76517532813926275691,20,baseline,2656686635866657585777,211,ood_long
8502997507938796,22137110593962757935,False,22145613591470696731,20,baseline,9220222910222858411709,211,ood_long
6138364996055578,43407718871743795054,False,43413857236739850632,20,baseline,76654488,211,ood_long
4569125996086586,12105090587188975872,False,12109659713185062458,20,baseline,2009208507200066078475,211,ood_long
3766068466651560,87455697675591928743,False,87459463744058580303,20,baseline,7777666777765867765777,211,ood_long
2124110059837261,33450218028694660360,False,33452342138754497621,20,baseline,1999932127949212514819,211,ood_long
4561868609482774,26623535294070417935,False,26628097162679900709,20,baseline,7031366505626655566654,211,ood_long
3436259472482699,34975128496927588246,False,34978564756400070945,20,baseline,775576599556657795098,211,ood_long
1451894112227166,47879473327303753185,False,47880925221415980351,20,baseline,1905005084000515335571,211,ood_long
1742120638988411,82519094957784167561,False,82520837078423155972,20,baseline,1900099230988184998581,211,ood_long
7244940195511586,68631812970026147839,False,68639057910221659425,20,baseline,1000010470160075560757,211,ood_long
2112099180879789,78832416838815277619,False,78834528937996157408,20,baseline,1993082320898222998772,211,ood_long
9753410130303237,29156401606533962097,False,29166155016664265334,20,baseline,1767674977674797674411,211,ood_long
4103695536956349,15904006352752513068,False,15908110048289469417,20,baseline,9222221502222141461210,211,ood_long
4749736163243138,35052634408903472041,False,35057384145066715179,20,baseline,3999900102111175111010,211,ood_long
22072808428484136817,45681107033211113228,False,67753915461695250045,20,baseline,20060004842840646606066,211,ood_long
95988130947594002520,82721228402752034955,False,178709359350346037475,20,baseline,94565555556555450715564,211,ood_long
72059402430997517818,18467207792450301185,False,90526610223447819003,20,baseline,70868090899090885784078,211,ood_long
42812318773502983928,81197495568731123738,False,124009814342234107666,20,baseline,45555555578344747549577,211,ood_long
36245588948464278246,50094642760479550635,False,86340231708943828881,20,baseline,71011232017633111031311,211,ood_long
78517945764991007269,31800650009839160085,False,110318595774830167354,20,baseline,75560511565355657734566,211,ood_long
44295632877484366600,34732595102021892688,False,79028227979506259288,20,baseline,42113622116222112432214,211,ood_long
73945842057685909892,90129588068002126724,False,164075430125688036616,20,baseline,72231122212122215612223,211,ood_long
77728016567614542609,91218590528585851178,False,168946607096200393787,20,baseline,74644545465555648715566,211,ood_long
21855568162073403243,44873174610839862932,False,66728742772913266175,20,baseline,27666777576777657677762,211,ood_long
41455187069445029044,56690271767961794587,False,98145458837406823631,20,baseline,45900014502654096166500,211,ood_long
19015380116391849953,79570036868144822716,False,98585416984536672669,20,baseline,11967221971671112777293,211,ood_long
5648245328712080932,76253044017715377746,False,81901289346427458678,20,baseline,49424949423865943395993,211,ood_long
4814696148860935752,58413402378166396299,False,63228098527027332051,20,baseline,64477544427755476775547,211,ood_long
3945158119368660246,44433562369401543237,False,48378720488770203483,20,baseline,75479875476667775476586,211,ood_long
7571018321878940297,16890670578552675594,False,24461688900431615891,20,baseline,18789987877188777778287,211,ood_long
6998987962474729818,52898438347545779443,False,59897426310020509261,20,baseline,61666673666102676661166,211,ood_long
3512579442384615317,88178623532603976839,False,91691202974988592156,20,baseline,78233351823268921277813,211,ood_long
8998572400360916330,92092274231232553097,False,101090846631593469427,20,baseline,79112211911185115775781,211,ood_long
6790121049102122353,44755961043927106224,False,51546082093029228577,20,baseline,21112111191919111241911,211,ood_long
8043384008712108167,19340561860363245051,False,27383945869075353218,20,baseline,80415500414400441084101,211,ood_long
8324378879545904705,64569223760834357464,False,72893602640380262169,20,baseline,78776887878687884856782,211,ood_long
1927357639573222676,97209267245808164147,False,99136624885381386823,20,baseline,12800612720012202179282,211,ood_long
1422581514383758092,22601137824375640955,False,24023719338759399047,20,baseline,18233318825721212575125,211,ood_long
5875254853814419205,53679257213752074007,False,59554512067566493212,20,baseline,50426704422871274777507,211,ood_long
2938625722644515351,79287721763439095322,False,82226347486083610673,20,baseline,22000222200288200168820,211,ood_long
5886109885021331506,21191799803144909664,False,27077909688166241170,20,baseline,16023861222766121318513,211,ood_long
1408633155832641582,64917039946061998666,False,66325673101894640248,20,baseline,14498644468644418611149,211,ood_long
6143977973825750065,89525301059762920830,False,95669279033588670895,20,baseline,77712227710672717471171,211,ood_long
6530592450798702306,48983235720565225177,False,55513828171363927483,20,baseline,62253032255266254776625,211,ood_long
8709786151092137674,98869060529703219054,False,107578846680795356728,20,baseline,77770067777778758778876,211,ood_long
6437465690204740964,46930013993374448329,False,53367479683579189293,20,baseline,66645766645576754757665,211,ood_long
12107333365672910,4890430275187,False,12112223795948097,17,baseline,1212233043234128235,211,ood_long
46274873277786245,9510407144262,False,46284383684930507,17,baseline,7884421414146251412,211,ood_long
50572049835911954,6055987624076,False,50578105823536030,17,baseline,1222250990229484225,211,ood_long
67793281279365480,7125117792263,False,67800406397157743,17,baseline,2666026260226602226,211,ood_long
84461648014771262,3159281470671,False,84464807296241933,17,baseline,7424648777778878828,211,ood_long
24490365628097220,2571974234356,False,24492937602331576,17,baseline,2711090190801909891,211,ood_long
53352676630962183,2066185158263,False,53354742816120446,17,baseline,7666235366528596359,211,ood_long
85204876073813373,5006498237518,False,85209882572050891,17,baseline,7232322317725198522,211,ood_long
61861209559849263,7375104769592,False,61868584664618855,17,baseline,2434888277794983487,211,ood_long
15167100850677503,8132805839481,False,15175233656516984,17,baseline,1765868836548483765,211,ood_long
14137198447812682,3710909567949,False,14140909357380631,17,baseline,1500054440448401055,211,ood_long
62073025056277302,4340464230072,False,62077365520507374,17,baseline,7232050682957600559,211,ood_long
76480285924399412,6949576651695,False,76487235501051107,17,baseline,7222238080438167652,211,ood_long
38901538467079130,9933266921595,False,38911471734000725,17,baseline,7807782277828798882,211,ood_long
71160478643257253,8230621954373,False,71168709265211626,17,baseline,7187121654426719362,211,ood_long
61835288158789403,7153495983134,False,61842441654772537,17,baseline,2110022200222221112,211,ood_long
51471599920356711,5740255891196,False,51477340176247907,17,baseline,7878723838838293888,211,ood_long
17358994662352126,5817120405308871130,False,5834479399971223256,19,baseline,900901086010171828157,211,ood_long
70095082781669746,8711547663887226787,False,8781642746668896533,19,baseline,121677126777226677121,211,ood_long
97449645447254428,3205598326926429844,False,3303047972373684272,19,baseline,731966103110117511047,211,ood_long
46066456172635607,8369109191579110357,False,8415175647751745964,19,baseline,483822211388226687214,211,ood_long
22963409864676531,7589059689577331136,False,7612023099442007667,19,baseline,408977000000003711010,211,ood_long
19911139663722506,3612389620035185970,False,3632300759698908476,19,baseline,187738219988819198841,211,ood_long
73896691093949523,4678431087003364453,False,4752327778097313976,19,baseline,736593539605368675547,211,ood_long
81035001228661343,6209661744726170835,False,6290696745954832178,19,baseline,119111181111118111116,211,ood_long
14494016563447202,7535856246477166774,False,7550350263040613976,19,baseline,188078710888551547857,211,ood_long
56570360642787977,9391007014894174166,False,9447577375536962143,19,baseline,349534864497765849776,211,ood_long
10901857282850690,8147740045378221287,False,8158641902661071977,19,baseline,800449511909911183858,211,ood_long
99506776326940695,8102180284289477387,False,8201687060616418082,19,baseline,779783579735371977577,211,ood_long
64879595484990818,6342073398812229282,False,6406952994297220100,19,baseline,783578866648806566857,211,ood_long
16424486576508706,9895409338967042480,False,9911833825543551186,19,baseline,191910555711765381555,211,ood_long
54680507983590540,4581658814056455520,False,4636339322040046060,19,baseline,755385065555555515555,211,ood_long
24705381902805210,3359837329708151668,False,3384542711610956878,19,baseline,367671126371251117165,211,ood_long
16052867843706385,2308522451080500156,False,2324575318924206541,19,baseline,855554936044916104941,211,ood_long
66349932737751614,7457104986126355842,False,7523454918864107456,19,baseline,962226662256666712676,211,ood_long
50642879131904548,371865507024739,False,51014744638929287,17,baseline,7533354543353544936,211,ood_long
77590899938240333,697325045358837,False,78288224983599170,17,baseline,7100302278570378258,211,ood_long
94941180826976016,993628235540138,False,95934809062516154,17,baseline,1021006487821267985,211,ood_long
69706791280081685,410442494011007,False,70117233774092692,17,baseline,7666666666646666669,211,ood_long
29008491168199686,346446223193101,False,29354937391392787,17,baseline,2909999566011901909,211,ood_long
67107606073572525,980507801576862,False,68088113875149387,17,baseline,6402238841427233247,211,ood_long
23550646036766320,894461635369324,False,24445107672135644,17,baseline,2012766666720227676,211,ood_long
32418938000744154,573143973551727,False,32992081974295881,17,baseline,3288558785101895512,211,ood_long
79250175381604490,505301389699313,False,79755476771303803,17,baseline,7716176616605716169,211,ood_long
32516560832647149,851596244586113,False,33368157077233262,17,baseline,7488789982182988273,211,ood_long
95399901736514594,261020443351984,False,95660922179866578,17,baseline,9115662365036565000,211,ood_long
61589321939511238,887467447754026,False,62476789387265264,17,baseline,3780682784040688601,211,ood_long
58709376288767342,409289515279626,False,59118665804046968,17,baseline,3996777776700677668,211,ood_long
50150354471573318,783183570595477,False,50933538042168795,17,baseline,3621526715066642651,211,ood_long
7566868603025590,4567284513770,False,7571435887539360,16,baseline,766586006548033776,211,ood_long
3847985090727215,5935896484868,False,3853920987212083,16,baseline,788884066666666606,211,ood_long
6480881471856787,5487973882780,False,6486369445739567,16,baseline,791989565099555556,211,ood_long
9834941447755686,3151399914488,False,9838092847670174,16,baseline,777112679722045567,211,ood_long
3727309018805070,4513354424227,False,3731822373229297,16,baseline,724445070614607071,211,ood_long
8522703033617618,8084656077437,False,8530787689695055,16,baseline,723333888959848488,211,ood_long
3928286121610986,6487982249057,False,3934774103860043,16,baseline,729090930094339019,211,ood_long
4975928513476278,4457309026067,False,4980385822502345,16,baseline,760000263688666622,211,ood_long
2892857654365313,8039073125690,False,2900896727491003,16,baseline,733561044272410150,211,ood_long
5184722484419787,7454966906015524,False,12639689390435311,16,baseline,2958841818546598985,211,ood_long
4873464592738943,1343964271027541,False,6217428863766484,16,baseline,6600616677277107761,211,ood_long
9485771688920450,7267385860057492,False,16753157548977942,16,baseline,7554902239486444945,211,ood_long
3211280986261922,4336683390824629,False,7547964377086551,16,baseline,7333329444242334321,211,ood_long
5789902856993946,5931839406882803,False,11721742263876749,16,baseline,1688896688808988806,211,ood_long
8833354406420988,6150577130365688,False,14983931536786676,16,baseline,7967679676666677668,211,ood_long
4280949319707175,1474825024364754,False,5755774344071929,16,baseline,4880067067049076061,211,ood_long
3023435498522950,4213677697375399,False,7237113195898349,16,baseline,3788789897631697714,211,ood_long
7469392772193016,3480371880723108,False,10949764652916124,16,baseline,7002220102220202236,211,ood_long
9200069750894213,8507274173893949,False,17707343924788162,16,baseline,1809091089191989092,211,ood_long
3329654061229844,9852122217948379,False,13181776279178223,16,baseline,7489877888305988874,211,ood_long
1433142128763834,4144705152079148,False,5577847280842982,16,baseline,1008284988414888841,211,ood_long
84698230992272029945,9122862091862649151,False,93821093084134679096,20,baseline,8000400000460004648900,211,ood_long
71924364267162184644,4253567723800723474,False,76177931990962908118,20,baseline,3274857117574115657881,211,ood_long
60090810184210555195,7646171556668091799,False,67736981740878646994,20,baseline,6422103642219642176886,211,ood_long
16523378808130984010,3931691009575426442,False,20455069817706410452,20,baseline,1465656151566624417611,211,ood_long
59807876723238645137,4394206904201064363,False,64202083627439709500,20,baseline,7090000099981379476990,211,ood_long
97170928339690512149,2433891649674808392,False,99604819989365320541,20,baseline,1691785907171676797480,211,ood_long
59414475743332165361,5468792399316841394,False,64883268142649006755,20,baseline,4777767777757777771117,211,ood_long
78277346712084404444,8695563242512673026,False,86972909954597077470,20,baseline,7977489977788887677887,211,ood_long
82649617408769445046,8588128231888065297,False,91237745640657510343,20,baseline,7776667776667776665777,211,ood_long
62617788723936418200,1793952975498928546,False,64411741699435346746,20,baseline,7065555056777806748490,211,ood_long
3097993266906455417,7112782611824,False,3098000379689067241,19,baseline,368608568035599995706,211,ood_long
5807488297690313565,2561343164788,False,5807490859033478353,19,baseline,234033414850714034484,211,ood_long
1828655535911066711,1783187339332,False,1828657319098406043,19,baseline,146586132667727666872,211,ood_long
2812223341832951603,4459850592111,False,2812227801683543714,19,baseline,204054430542405444183,211,ood_long
6240953086040293628,8876728997777,False,6240961962769291405,19,baseline,611903179002911900006,211,ood_long
9580586619144354918,9030023916837,False,9580595649168271755,19,baseline,965766716660007766666,211,ood_long
7132615551932588423,7583296405349,False,7132623135228993772,19,baseline,777622276288893218724,211,ood_long
6788013906951631234,8310858634004,False,6788022217810265238,19,baseline,287950969516069957886,211,ood_long
9816440109823842627,1938613698140,False,9816442048437540767,19,baseline,142262222667622666562,211,ood_long
838471999999999999,5,False,838472000000000004,18,baseline,177765555880006771677,211,carry_chain
219999999999999999,9,False,220000000000000008,18,baseline,999990000088888888888,211,carry_chain
199999999999999999,3,False,200000000000000002,18,baseline,999990000088888888888,211,carry_chain
455709999999999999,1,False,455710000000000000,18,baseline,900008888888880888889,211,carry_chain
199999999999999999,5,False,200000000000000004,18,baseline,999990000088888888888,211,carry_chain
459599999999999999,6,False,459600000000000005,18,baseline,999951066699999999999,211,carry_chain
277799999999999999,7,False,277800000000000006,18,baseline,999979888088889888889,211,carry_chain
101266999999999999,6,False,101267000000000005,18,baseline,966663333386556665555,211,carry_chain
992117357999999999,3,False,992117358000000002,18,baseline,911102222221010119699,211,carry_chain
394899999999999999,3,False,394900000000000002,18,baseline,999909999088888888889,211,carry_chain
206099999999999999,1,False,206100000000000000,18,baseline,999900111108808888889,211,carry_chain
855710899999999999,2,False,855710900000000001,18,baseline,101678888899990999900,211,carry_chain
494777108999999999,3,False,494777109000000002,18,baseline,977778888866666666666,211,carry_chain
550499999999999999,3,False,550500000000000002,18,baseline,999905555088889888889,211,carry_chain
365167499999999999,3,False,365167500000000002,18,baseline,966662222276666666666,211,carry_chain
314015799999999999,6,False,314015800000000005,18,baseline,911011411121051046455,211,carry_chain
968283999999999999,1,False,968284000000000000,18,baseline,177773333992777722278,211,carry_chain
776997999999999999,8,False,776998000000000007,18,baseline,999990000066888866678,211,carry_chain
999999999999999999,4,False,1000000000000000003,18,baseline,199990000088888888889,211,carry_chain
322883399999999999,7,False,322883400000000006,18,baseline,977779999922283722228,211,carry_chain
923258999999999999,1,False,923259000000000000,18,baseline,955553333387455568745,211,carry_chain
303879999999999999,7,False,303880000000000006,18,baseline,977779999888887788889,211,carry_chain
112470399999999999,1,False,112470400000000000,18,baseline,977768888821999902999,211,carry_chain
123999999999999999,8,False,124000000000000007,18,baseline,999990000088888888888,211,carry_chain
548889799999999999,2,False,548889800000000001,18,baseline,777799999978888886889,211,carry_chain
600189999999999999,9,False,600190000000000008,18,baseline,998882222088888888888,211,carry_chain
962299999999999999,6,False,962300000000000005,18,baseline,199923333329999999999,211,carry_chain
229302469999999999,1,False,229302470000000000,18,baseline,901994444311101911190,211,carry_chain
788889999999999999,3,False,788890000000000002,18,baseline,177799999997888899897,211,carry_chain
629999999999999999,3,False,630000000000000002,18,baseline,999990000088888888888,211,carry_chain
338999999999999999,9,False,339000000000000008,18,baseline,999900000088888888888,211,carry_chain
155099999999999999,4,False,155100000000000003,18,baseline,999900161108808888889,211,carry_chain
777640009999999999,7,False,777640010000000006,18,baseline,133337776499433334993,211,carry_chain
499999999999999999,4,False,500000000000000003,18,baseline,999990000088888888888,211,carry_chain
984999999999999999,4,False,985000000000000003,18,baseline,199900000088888888889,211,carry_chain
651363308999999999,1,False,651363309000000000,18,baseline,366664444842356622295,211,carry_chain
489999999999999999,1,False,490000000000000000,18,baseline,999900000088888888888,211,carry_chain
970999999999999999,9,False,971000000000000008,18,baseline,199900000088888888889,211,carry_chain
999999999999999999,6,False,1000000000000000005,18,baseline,199990000088888888889,211,carry_chain
626369999999999999,6,False,626370000000000005,18,baseline,966664444808866668886,211,carry_chain
202209999999999999,7,False,202210000000000006,18,baseline,909003333330888888888,211,carry_chain
899999999,6,False,900000005,9,baseline,900698,211,carry_chain
133999999,3,False,134000002,9,baseline,1343398,211,carry_chain
311369999,8,False,311370007,9,baseline,3112688,211,carry_chain
511999999,5,False,512000004,9,baseline,512598,211,carry_chain
394989999,5,False,394990004,9,baseline,395588,211,carry_chain
999999999,8,False,1000000007,9,baseline,10008988,211,carry_chain
199999999,3,False,200000002,9,baseline,2003998,211,carry_chain
199999999,6,False,200000005,9,baseline,2000998,211,carry_chain
325999999,9,False,326000008,9,baseline,336998,211,carry_chain
999999999,2,False,1000000001,9,baseline,10002988,211,carry_chain
999999999,4,False,1000000003,9,baseline,10004998,211,carry_chain
999999999,5,False,1000000004,9,baseline,10005988,211,carry_chain
899999999,4,False,900000003,9,baseline,900498,211,carry_chain
431229999,9,False,431230008,9,baseline,432228,211,carry_chain
299999999,7,False,300000006,9,baseline,3000998,211,carry_chain
999999999,9,False,1000000008,9,baseline,10009988,211,carry_chain
494999999,3,False,495000002,9,baseline,495398,211,carry_chain
435779999,3,False,435780002,9,baseline,436178,211,carry_chain
999999999,6,False,1000000005,9,baseline,10000988,211,carry_chain
279099999,3,False,279100002,9,baseline,280498,211,carry_chain
643999999,7,False,644000006,9,baseline,644798,211,carry_chain
699999999,6,False,700000005,9,baseline,7000988,211,carry_chain
399999999,3,False,400000002,9,baseline,4003998,211,carry_chain
551599999,1,False,551600000,9,baseline,552798,211,carry_chain
899999999,5,False,900000004,9,baseline,900598,211,carry_chain
274499999,3,False,274500002,9,baseline,275838,211,carry_chain
91259999999999999,4,False,91260000000000003,17,baseline,19999186666999999999,211,carry_chain
99999999999999999,3,False,100000000000000002,17,baseline,19999900000888888888,211,carry_chain
76702639999999999,9,False,76702640000000008,17,baseline,12862011711333202955,211,carry_chain
40925388999999999,4,False,40925389000000003,17,baseline,15255533333222535222,211,carry_chain
61883304599999999,9,False,61883304600000008,17,baseline,91112299991222232292,211,carry_chain
44979080999999999,7,False,44979081000000006,17,baseline,90908808889999999999,211,carry_chain
51999999999999999,3,False,52000000000000002,17,baseline,99999900000888888888,211,carry_chain
93559999999999999,7,False,93560000000000006,17,baseline,19999516666999999999,211,carry_chain
62053999999999999,2,False,62054000000000001,17,baseline,13333576665888333388,211,carry_chain
51673999999999999,6,False,51674000000000005,17,baseline,13333788815888898888,211,carry_chain
99999999999999999,6,False,100000000000000005,17,baseline,19999900000888888888,211,carry_chain
74400356199999999,7,False,74400356200000006,17,baseline,90200014401102902222,211,carry_chain
13999999999999999,4,False,14000000000000003,17,baseline,99999900000888888888,211,carry_chain
85400999999999999,2,False,85401000000000001,17,baseline,10900014011108090888,211,carry_chain
50079999999999999,3,False,50080000000000002,17,baseline,99999999970888888888,211,carry_chain
59999999999999999,6,False,60000000000000005,17,baseline,19999900000888888888,211,carry_chain
73599999999999999,9,False,73600000000000008,17,baseline,19999900000888888888,211,carry_chain
49999999999999999,8,False,50000000000000007,17,baseline,19999900000888888888,211,carry_chain
48531750099999999,5,False,48531750100000004,17,baseline,97771144443866606666,211,carry_chain
64769999999999999,2,False,64770000000000001,17,baseline,19999677776999999999,211,carry_chain
89999999999999999,9,False,90000000000000008,17,baseline,19999900000888888888,211,carry_chain
87250174999999999,2,False,87250175000000001,17,baseline,90100066666100009006,211,carry_chain
20199999999999999,6,False,20200000000000005,17,baseline,99999999999998888888,211,carry_chain
69999999999999999,1,False,70000000000000000,17,baseline,19999900000888888888,211,carry_chain
65560517999999999,8,False,65560518000000007,17,baseline,90550077776646004564,211,carry_chain
36134064999999999,7,False,36134065000000006,17,baseline,99093344445559933999,211,carry_chain
28766633999999999,6,False,28766634000000005,17,baseline,95556677777565556555,211,carry_chain
27689999999999999,1,False,27690000000000000,17,baseline,99999009990888888888,211,carry_chain
62137499999999999,3,False,62137500000000002,17,baseline,17777755558483776888,211,carry_chain
15666359099999999,3,False,15666359100000002,17,baseline,92266677777222262222,211,carry_chain
31799999999999999,8,False,31800000000000007,17,baseline,99999900000888888888,211,carry_chain
99999999999999999,7,False,100000000000000006,17,baseline,19999900000888888888,211,carry_chain
69999999999999999,2,False,70000000000000001,17,baseline,19999900000888888888,211,carry_chain
52729999999999999,9,False,52730000000000008,17,baseline,19999233333088888888,211,carry_chain
88969999999,8,False,88970000007,11,baseline,1989698,211,carry_chain
59999999999,4,False,60000000003,11,baseline,169999,211,carry_chain
27199999999,5,False,27200000004,11,baseline,231998,211,carry_chain
58999999999,2,False,59000000001,11,baseline,168999,211,carry_chain
24399999999,2,False,24400000001,11,baseline,233998,211,carry_chain
81699999999,4,False,81700000003,11,baseline,1816991,211,carry_chain
33769999999,1,False,33770000000,11,baseline,337698,211,carry_chain
16939999999,2,False,16940000001,11,baseline,1269391,211,carry_chain
18999999999,6,False,19000000005,11,baseline,1289991,211,carry_chain
67730999999,1,False,67731000000,11,baseline,777301,211,carry_chain
89999999999,6,False,90000000005,11,baseline,1999991,211,carry_chain
24379999999,4,False,24380000003,11,baseline,234798,211,carry_chain
99999999999,9,False,100000000008,11,baseline,1009991,211,carry_chain
74020999999,6,False,74021000005,11,baseline,830201,211,carry_chain
11799999999,3,False,11800000002,11,baseline,1217991,211,carry_chain
61999999999,6,False,62000000005,11,baseline,719998,211,carry_chain
99999999999,4,False,100000000003,11,baseline,1009998,211,carry_chain
72869999999,2,False,72870000001,11,baseline,828698,211,carry_chain
32881199999,8,False,32881200007,11,baseline,348810,211,carry_chain
79999999999,4,False,80000000003,11,baseline,1899991,211,carry_chain
80813999999,4,False,80814000003,11,baseline,898137,211,carry_chain
82639999999,9,False,82640000008,11,baseline,1826391,211,carry_chain
99999999999,1,False,100000000000,11,baseline,1009998,211,carry_chain
16763599999,1,False,16763600000,11,baseline,126634,211,carry_chain
54759399999,2,False,54759400001,11,baseline,647592,211,carry_chain
59999999999,1,False,60000000000,11,baseline,169999,211,carry_chain
63066799999,5,False,63066800004,11,baseline,1620665,211,carry_chain
20434999999,5,False,20435000004,11,baseline,220347,211,carry_chain
86199999999,9,False,86200000008,11,baseline,1961991,211,carry_chain
63039999999,8,False,63040000007,11,baseline,730398,211,carry_chain
62693999999,6,False,62694000005,11,baseline,726931,211,carry_chain
99854999999,5,False,99855000004,11,baseline,1008548,211,carry_chain
27619999999,9,False,27620000008,11,baseline,396198,211,carry_chain
71999999999,9,False,72000000008,11,baseline,819998,211,carry_chain
36999999999,5,False,37000000004,11,baseline,4,211,carry_chain
46704999999,2,False,46705000001,11,baseline,547047,211,carry_chain
33440499999,6,False,33440500005,11,baseline,323403,211,carry_chain
33999999999,8,False,34000000007,11,baseline,349998,211,carry_chain
10395999999,7,False,10396000006,11,baseline,1103957,211,carry_chain
7409999999999999,6,False,7410000000000005,16,baseline,1999999000007888888,211,carry_chain
9118637999999999,5,False,9118638000000004,16,baseline,1632355999990626262,211,carry_chain
6351819999999999,7,False,6351820000000006,16,baseline,1700070226220000700,211,carry_chain
9999999999999999,8,False,10000000000000007,16,baseline,1999999000008888888,211,carry_chain
6099999999999999,5,False,6100000000000004,16,baseline,1999999000008888888,211,carry_chain
9076749999999999,9,False,9076750000000008,16,baseline,1733676877784836663,211,carry_chain
4849999999999999,1,False,4850000000000000,16,baseline,1999990000008888886,211,carry_chain
5999999999999999,7,False,6000000000000006,16,baseline,1999999000008688888,211,carry_chain
4578759999999999,4,False,4578760000000003,16,baseline,1755578899986454665,211,carry_chain
2999999999999999,7,False,3000000000000006,16,baseline,1999999000008688886,211,carry_chain
9999999999999999,7,False,10000000000000006,16,baseline,1999999000008888888,211,carry_chain
3913199999999999,4,False,3913200000000003,16,baseline,1111111444441071007,211,carry_chain
8026485899999999,1,False,8026485900000000,16,baseline,1477734777775377337,211,carry_chain
2599999999999999,8,False,2600000000000007,16,baseline,1999999000007878887,211,carry_chain
2685734999999999,8,False,2685735000000007,16,baseline,1732776266682226772,211,carry_chain
1368909999999999,3,False,1368910000000002,16,baseline,9999090099999999999,211,carry_chain
7409999999999999,2,False,7410000000000001,16,baseline,1999999000008888888,211,carry_chain
7504909999999999,6,False,7504910000000005,16,baseline,1909090555509990999,211,carry_chain
8841349999999999,3,False,8841350000000002,16,baseline,1343333225224333332,211,carry_chain
4209999999999999,5,False,4210000000000004,16,baseline,1998899999999888888,211,carry_chain
7197399999999999,1,False,7197400000000000,16,baseline,1398891988848888888,211,carry_chain
1798109999999999,7,False,1798110000000006,16,baseline,9099900999829999999,211,carry_chain
1412111299999999,5,False,1412111300000004,16,baseline,1100000332232092000,211,carry_chain
9180299999999999,2,False,9180300000000001,16,baseline,1108883118113222018,211,carry_chain
4835229999999999,3,False,4835230000000002,16,baseline,1111105666663112221,211,carry_chain
4219999999999999,1,False,4220000000000000,16,baseline,1998899999999888888,211,carry_chain
1806336199999999,5,False,1806336200000004,16,baseline,1322333777745551025,211,carry_chain
9789999999999999,2,False,9790000000000001,16,baseline,1999990000008888888,211,carry_chain
3899999999999999,1,False,3900000000000000,16,baseline,1999990000008888888,211,carry_chain
6715999999999999,8,False,6716000000000007,16,baseline,1999991777771088998,211,carry_chain
1210999999999999,4,False,1211000000000003,16,baseline,1998899000007878877,211,carry_chain
3156649999999999,2,False,3156650000000001,16,baseline,1633555777774873533,211,carry_chain
4063779999999999,5,False,4063780000000004,16,baseline,1777777,211,carry_chain
8219719399999999,4,False,8219719400000003,16,baseline,1710067000088014000,211,carry_chain
9739999999999999,9,False,9740000000000008,16,baseline,1999999001008888888,211,carry_chain
6899999999999999,7,False,6900000000000006,16,baseline,1999990000008888888,211,carry_chain
9750759999999999,3,False,9750760000000002,16,baseline,1755570115118667777,211,carry_chain
3577999999999999,1,False,3578000000000000,16,baseline,1998897988708888888,211,carry_chain
8250029999999999,6,False,8250030000000005,16,baseline,1019091151511010091,211,carry_chain
9674799999999999,7,False,9674800000000006,16,baseline,1779776555587887777,211,carry_chain
8380549999999999,8,False,8380550000000007,16,baseline,1543455118116435554,211,carry_chain
3387451899999999,3,False,3387451900000002,16,baseline,1356443888794074440,211,carry_chain
7999999,2,False,8000001,7,baseline,8000028,211,carry_chain
5769999,7,False,5770006,7,baseline,5760078,211,carry_chain
1349999,1,False,1350000,7,baseline,1340018,211,carry_chain
2079999,3,False,2080002,7,baseline,2070038,211,carry_chain
9719999,8,False,9720007,7,baseline,9720088,211,carry_chain
8399999,4,False,8400003,7,baseline,8400048,211,carry_chain
9999999,9,False,10000008,7,baseline,9990098,211,carry_chain
1899999,7,False,1900006,7,baseline,1890078,211,carry_chain
9799999,4,False,9800003,7,baseline,9800048,211,carry_chain
1899999,9,False,1900008,7,baseline,1900098,211,carry_chain
8217999,9,False,8218008,7,baseline,8218098,211,carry_chain
2849999,6,False,2850005,7,baseline,2840068,211,carry_chain
9999999,3,False,10000002,7,baseline,9999038,211,carry_chain
6959999,1,False,6960000,7,baseline,6950018,211,carry_chain
9999999,2,False,10000001,7,baseline,9999028,211,carry_chain
5123999,6,False,5124005,7,baseline,5124068,211,carry_chain
3459999,5,False,3460004,7,baseline,3450058,211,carry_chain
7999999,7,False,8000006,7,baseline,8000078,211,carry_chain
9999999,6,False,10000005,7,baseline,9990068,211,carry_chain
1999999,9,False,2000008,7,baseline,2000098,211,carry_chain
9999999,7,False,10000006,7,baseline,9990078,211,carry_chain
1999999,4,False,2000003,7,baseline,1999048,211,carry_chain
9499999,2,False,9500001,7,baseline,9490028,211,carry_chain
9999999,4,False,10000003,7,baseline,9990048,211,carry_chain
9999999,8,False,10000007,7,baseline,9990088,211,carry_chain
9999999,1,False,10000000,7,baseline,9999018,211,carry_chain
3991999,5,False,3992004,7,baseline,3992058,211,carry_chain
6486999,5,False,6487004,7,baseline,6487058,211,carry_chain
2207999,5,False,2208004,7,baseline,2208058,211,carry_chain
7399999,7,False,7400006,7,baseline,7400078,211,carry_chain
6999999,6,False,7000005,7,baseline,6990068,211,carry_chain
3801999,4,False,3802003,7,baseline,3802048,211,carry_chain
3999999,1,False,4000000,7,baseline,3999018,211,carry_chain
1575999,3,False,1576002,7,baseline,1576038,211,carry_chain
9831999,8,False,9832007,7,baseline,9832188,211,carry_chain
178882709999999,5,False,178882710000004,15,baseline,171156799998855555,211,carry_chain
980519659999999,4,False,980519660000003,15,baseline,111858156666620571,211,carry_chain
538999999999999,4,False,539000000000003,15,baseline,199888900000078788,211,carry_chain
114539999999999,6,False,114540000000005,15,baseline,139868837777786888,211,carry_chain
687299999999999,8,False,687300000000007,15,baseline,199888923333308889,211,carry_chain
968559999999999,5,False,968560000000004,15,baseline,155888556666665855,211,carry_chain
615499999999999,8,False,615500000000007,15,baseline,199888955555088888,211,carry_chain
999999999999999,4,False,1000000000000003,15,baseline,199888900000088888,211,carry_chain
899999999999999,1,False,900000000000000,15,baseline,199888900000088888,211,carry_chain
370269999999999,3,False,370270000000002,15,baseline,166988933333379666,211,carry_chain
623249999999999,6,False,623250000000005,15,baseline,140888853344338833,211,carry_chain
199999999999999,4,False,200000000000003,15,baseline,199888890000078788,211,carry_chain
759208599999999,6,False,759208600000005,15,baseline,100356093333315300,211,carry_chain
129116129999999,1,False,129116130000000,15,baseline,110097722222220935,211,carry_chain
916683399999999,4,False,916683400000003,15,baseline,183222777777911022,211,carry_chain
469790999999999,3,False,469791000000002,15,baseline,190999080888999999,211,carry_chain
992849079999999,6,False,992849080000005,15,baseline,140998939999893786,211,carry_chain
842702999999999,9,False,842703000000008,15,baseline,100191988888317111,211,carry_chain
999999999999999,5,False,1000000000000004,15,baseline,199888990000088888,211,carry_chain
280663289999999,8,False,280663290000007,15,baseline,16,211,carry_chain
999999999999999,9,False,1000000000000008,15,baseline,199988900000088888,211,carry_chain
961136699999999,7,False,961136700000006,15,baseline,132555332222233333,211,carry_chain
325712599999999,1,False,325712600000000,15,baseline,1004,211,carry_chain
833051349999999,9,False,833051350000008,15,baseline,157120551313166645,211,carry_chain
999999999999999,2,False,1000000000000001,15,baseline,199988900000088888,211,carry_chain
2899999999,9,False,2900000008,10,baseline,399998,211,carry_chain
2207399999,9,False,2207400008,10,baseline,222738,211,carry_chain
9999999999,3,False,10000000002,10,baseline,1009998,211,carry_chain
4567999999,7,False,4568000006,10,baseline,466798,211,carry_chain
9999999999,9,False,10000000008,10,baseline,1000998,211,carry_chain
9564999999,8,False,9565000007,10,baseline,1066498,211,carry_chain
4570999999,6,False,4571000005,10,baseline,466098,211,carry_chain
2369999999,2,False,2370000001,10,baseline,249998,211,carry_chain
9999999999,8,False,10000000007,10,baseline,1000998,211,carry_chain
5499999999,8,False,5500000007,10,baseline,659998,211,carry_chain
3986999999,3,False,3987000002,10,baseline,402698,211,carry_chain
7857399999,9,False,7857400008,10,baseline,895738,211,carry_chain
9399999999,4,False,9400000003,10,baseline,1049998,211,carry_chain
3709999999,1,False,3710000000,10,baseline,372998,211,carry_chain
9311999999,1,False,9312000000,10,baseline,1941198,211,carry_chain
4319299999,3,False,4319300002,10,baseline,435928,211,carry_chain
3899999999,5,False,3900000004,10,baseline,499998,211,carry_chain
1265999999,4,False,1266000003,10,baseline,1336598,211,carry_chain
5999999999,2,False,6000000001,10,baseline,609998,211,carry_chain
9849999999,5,False,9850000004,10,baseline,1094998,211,carry_chain
5449999999,7,False,5450000006,10,baseline,554998,211,carry_chain
6419799999,9,False,6419800008,10,baseline,641978,211,carry_chain
7479999999,9,False,7480000008,10,baseline,757998,211,carry_chain
3908999999,4,False,3909000003,10,baseline,409898,211,carry_chain
8999999999,9,False,9000000008,10,baseline,909998,211,carry_chain
9999999999,4,False,10000000003,10,baseline,1000998,211,carry_chain
8999999999,2,False,9000000001,10,baseline,909998,211,carry_chain
9999999999,5,False,10000000004,10,baseline,1009998,211,carry_chain
8199999999,9,False,8200000008,10,baseline,829998,211,carry_chain
7728199999,5,False,7728200004,10,baseline,773818,211,carry_chain
5799999999,5,False,5800000004,10,baseline,689998,211,carry_chain
8189999999,8,False,8190000007,10,baseline,828998,211,carry_chain
2750399999,4,False,2750400003,10,baseline,289038,211,carry_chain
1699999999,6,False,1700000005,10,baseline,170999,211,carry_chain
9999999999,2,False,10000000001,10,baseline,1000998,211,carry_chain
7849999999,1,False,7850000000,10,baseline,894998,211,carry_chain
6999999999,1,False,7000000000,10,baseline,701998,211,carry_chain
9261999999,6,False,9262000005,10,baseline,10361909,211,carry_chain
2043999999,3,False,2044000002,10,baseline,204398,211,carry_chain
283499999999,4,False,283500000003,12,baseline,193498,211,carry_chain
238959999999,2,False,238960000001,12,baseline,148958,211,carry_chain
999999999999,4,False,1000000000003,12,baseline,1099991,211,carry_chain
359999999999,3,False,360000000002,12,baseline,149998,211,carry_chain
899999999999,5,False,900000000004,12,baseline,199998,211,carry_chain
999999999999,7,False,1000000000006,12,baseline,1099991,211,carry_chain
727099999999,4,False,727100000003,12,baseline,187098,211,carry_chain
999999999999,1,False,1000000000000,12,baseline,1099991,211,carry_chain
945819999999,8,False,945820000007,12,baseline,1048001,211,carry_chain
657999999999,6,False,658000000005,12,baseline,1679991,211,carry_chain
167999999999,3,False,168000000002,12,baseline,267998,211,carry_chain
264199999999,4,False,264200000003,12,baseline,134198,211,carry_chain
811412999999,1,False,811413000000,12,baseline,1814113,211,carry_chain
349999999999,7,False,350000000006,12,baseline,149998,211,carry_chain
598999999999,7,False,599000000006,12,baseline,1189991,211,carry_chain
589999999999,4,False,590000000003,12,baseline,169998,211,carry_chain
254999999999,1,False,255000000000,12,baseline,184998,211,carry_chain
799999999999,5,False,800000000004,12,baseline,189998,211,carry_chain
475389999999,7,False,475390000006,12,baseline,155388,211,carry_chain
575601999999,4,False,575602000003,12,baseline,1156503,211,carry_chain
799999999999,3,False,800000000002,12,baseline,189998,211,carry_chain
999999999999,9,False,1000000000008,12,baseline,1099991,211,carry_chain
596589999999,8,False,596590000007,12,baseline,166588,211,carry_chain
926999999999,1,False,927000000000,12,baseline,1006996,211,carry_chain
516999999999,8,False,517000000007,12,baseline,126998,211,carry_chain
609424999999,5,False,609425000004,12,baseline,1694233,211,carry_chain
635699999999,8,False,635700000007,12,baseline,1456998,211,carry_chain
339999999999,6,False,340000000005,12,baseline,939991,211,carry_chain
186699999999,3,False,186700000002,12,baseline,286698,211,carry_chain
808369999999,5,False,808370000004,12,baseline,188368,211,carry_chain
510937999999,5,False,510938000004,12,baseline,160936,211,carry_chain
870427999999,3,False,870428000002,12,baseline,1804265,211,carry_chain
962799999999,1,False,962800000000,12,baseline,1002796,211,carry_chain
587999999999,9,False,588000000008,12,baseline,1679991,211,carry_chain
448204999999,8,False,448205000007,12,baseline,158203,211,carry_chain
664559999999,4,False,664560000003,12,baseline,174558,211,carry_chain
273799999999,2,False,273800000001,12,baseline,183798,211,carry_chain
988684999999,7,False,988685000006,12,baseline,1086833,211,carry_chain
402281999999,4,False,402282000003,12,baseline,802270,211,carry_chain
999999999999,5,False,1000000000004,12,baseline,1099991,211,carry_chain
516192999999,1,False,516193000000,12,baseline,176191,211,carry_chain
668999999999,1,False,669000000000,12,baseline,178998,211,carry_chain
959999999999,9,False,960000000008,12,baseline,1059991,211,carry_chain
446699999999,5,False,446700000004,12,baseline,156698,211,carry_chain
946999999999,1,False,947000000000,12,baseline,1049991,211,carry_chain
499999999999,5,False,500000000004,12,baseline,159998,211,carry_chain
14419999999999999999,5,False,14420000000000000004,20,baseline,11026221081999888999998,211,carry_chain
61414037369999999999,3,False,61414037370000000002,20,baseline,10021411595153335103333,211,carry_chain
46651978999999999999,2,False,46651979000000000001,20,baseline,71566666711111111111106,211,carry_chain
18756529999999999999,7,False,18756530000000000006,20,baseline,16666666666666666566665,211,carry_chain
89999999999999999999,9,False,90000000000000000008,20,baseline,19000000080888888899988,211,carry_chain
99999999999999999999,1,False,100000000000000000000,20,baseline,19900000080888888899988,211,carry_chain
76808644499999999999,6,False,76808644500000000005,20,baseline,77911111999777775688753,211,carry_chain
19999999999999999999,3,False,20000000000000000002,20,baseline,19000000080888888889888,211,carry_chain
66506699999999999999,6,False,66506700000000000005,20,baseline,66011511777666666666666,211,carry_chain
25135339999999999999,6,False,25135340000000000005,20,baseline,35544447422555222245222,211,carry_chain
41291869999999999999,3,False,41291870000000000002,20,baseline,81910001207000777907776,211,carry_chain
68530419999999999999,5,False,68530420000000000004,20,baseline,50224543203000931999930,211,carry_chain
69999999999999999999,1,False,70000000000000000000,20,baseline,19000000080888888899988,211,carry_chain
46651499999999999999,2,False,46651500000000000001,20,baseline,41566666703111086111073,211,carry_chain
36199999999999999999,3,False,36200000000000000002,20,baseline,99111100080999888999988,211,carry_chain
14207310999999999999,1,False,14207311000000000000,20,baseline,10711017167677720026790,211,carry_chain
38149999999999999999,6,False,38150000000000000005,20,baseline,90455550999999999999999,211,carry_chain
34575899999999999999,1,False,34575900000000000000,20,baseline,97788887677565778755778,211,carry_chain
19559062799999999999,8,False,19559062800000000007,20,baseline,15566666099000999988999,211,carry_chain
20387878199999999999,5,False,20387878200000000004,20,baseline,77799998677777777787777,211,carry_chain
48999999999999999999,7,False,49000000000000000006,20,baseline,19000000080888888899888,211,carry_chain
47999999999999999999,1,False,48000000000000000000,20,baseline,19000000080888888899888,211,carry_chain
99999999999999999999,6,False,100000000000000000005,20,baseline,19900000080888888899988,211,carry_chain
47370699999999999999,9,False,47370700000000000008,20,baseline,78888877766060565606075,211,carry_chain
16561044999999999999,3,False,16561045000000000002,20,baseline,16676677699009909009999,211,carry_chain
88419999999999999999,3,False,88420000000000000002,20,baseline,11022222090999999999999,211,carry_chain
99999999999999999999,8,False,100000000000000000007,20,baseline,19900000080888888899988,211,carry_chain
29999999999999999999,2,False,30000000000000000001,20,baseline,99000000088888888899888,211,carry_chain
27119999999999999999,1,False,27120000000000000000,20,baseline,91122222119999999999999,211,carry_chain
38748999999999999999,8,False,38749000000000000007,20,baseline,98,211,carry_chain
76098770599999999999,1,False,76098770600000000000,20,baseline,78800009977777666678676,211,carry_chain
38773501999999999999,7,False,38773502000000000006,20,baseline,71668888645422455433349,211,carry_chain
62999999999999999999,3,False,63000000000000000002,20,baseline,19900000908888888899988,211,carry_chain
34613979999999999999,8,False,34613980000000000007,20,baseline,91102722433333333533333,211,carry_chain
29999999999999999999,1,False,30000000000000000000,20,baseline,99000000088888888899888,211,carry_chain
48818249999999999999,5,False,48818250000000000004,20,baseline,10082229997777819177911,211,carry_chain
65599999999999999999,4,False,65600000000000000003,20,baseline,19900000080888888899988,211,carry_chain
71487899999999,2,False,71487900000001,14,baseline,18787777999999677,211,carry_chain
89430379999999,5,False,89430380000004,14,baseline,13027620247774222,211,carry_chain
34980489999999,3,False,34980490000002,14,baseline,17037169819981633,211,carry_chain
99999999999999,1,False,100000000000000,14,baseline,19998,211,carry_chain
23249999999999,3,False,23250000000002,14,baseline,14998,211,carry_chain
13838499999999,7,False,13838500000006,14,baseline,13848,211,carry_chain
93252769999999,8,False,93252770000007,14,baseline,15285,211,carry_chain
96320649999999,6,False,96320650000005,14,baseline,12074239233333313,211,carry_chain
92861099999999,6,False,92861100000005,14,baseline,16099990177977190,211,carry_chain
23237799999999,9,False,23237800000008,14,baseline,13778,211,carry_chain
99999999999999,5,False,100000000000004,14,baseline,19998,211,carry_chain
64903129999999,2,False,64903130000001,14,baseline,10330192919191019,211,carry_chain
77819999999999,8,False,77820000000007,14,baseline,11998189220922080,211,carry_chain
29799999999999,5,False,29800000000004,14,baseline,19998,211,carry_chain
87999999999999,1,False,88000000000000,14,baseline,19998,211,carry_chain
77199999999999,6,False,77200000000005,14,baseline,19998,211,carry_chain
72547999999999,7,False,72548000000006,14,baseline,14778,211,carry_chain
79673999999999,7,False,79674000000006,14,baseline,17338689888884888,211,carry_chain
14706299999999,2,False,14706300000001,14,baseline,106175,211,carry_chain
19899999999999,2,False,19900000000001,14,baseline,19998,211,carry_chain
57057099999999,7,False,57057100000006,14,baseline,15779996666666801,211,carry_chain
44999999999999,8,False,45000000000007,14,baseline,19998,211,carry_chain
99999999999999,2,False,100000000000001,14,baseline,19998,211,carry_chain
92658999999999,3,False,92659000000002,14,baseline,15888,211,carry_chain
26258299999999,2,False,26258300000001,14,baseline,15817771666866111,211,carry_chain
99999999999999,3,False,100000000000002,14,baseline,19998,211,carry_chain
30531899999999,7,False,30531900000006,14,baseline,13117860555775777,211,carry_chain
31999999999999,9,False,32000000000008,14,baseline,19998,211,carry_chain
97699999999999,7,False,97700000000006,14,baseline,19998,211,carry_chain
69499999999999,6,False,69500000000005,14,baseline,19998,211,carry_chain
49539999999999,4,False,49540000000003,14,baseline,13998,211,carry_chain
50999999999999,8,False,51000000000007,14,baseline,19998,211,carry_chain
58737059999999,1,False,58737060000000,14,baseline,13779996144444015,211,carry_chain
81462999999999,6,False,81463000000005,14,baseline,16088,211,carry_chain
89975099999999,7,False,89975100000006,14,baseline,17599900688886019,211,carry_chain
38999999999999,1,False,39000000000000,14,baseline,19998,211,carry_chain
3799999999999,1,False,3800000000000,13,baseline,199981,211,carry_chain
5999999999999,6,False,6000000000005,13,baseline,199998,211,carry_chain
5942099999999,5,False,5942100000004,13,baseline,142207,211,carry_chain
4779999999999,5,False,4780000000004,13,baseline,179998,211,carry_chain
9999999999999,4,False,10000000000003,13,baseline,199998,211,carry_chain
5557999999999,5,False,5558000000004,13,baseline,157998,211,carry_chain
1795999999999,4,False,1796000000003,13,baseline,295981,211,carry_chain
9999999999999,1,False,10000000000000,13,baseline,199998,211,carry_chain
9999999999999,9,False,10000000000008,13,baseline,199998,211,carry_chain
9951309999999,3,False,9951310000002,13,baseline,1511299942262624,211,carry_chain
9171999999999,5,False,9172000000004,13,baseline,171998,211,carry_chain
8402999999999,9,False,8403000000008,13,baseline,100298,211,carry_chain
9999999999999,8,False,10000000000007,13,baseline,199998,211,carry_chain
4639889999999,4,False,4639890000003,13,baseline,139877,211,carry_chain
7999999999999,7,False,8000000000006,13,baseline,199998,211,carry_chain
7922623999999,6,False,7922624000005,13,baseline,122661,211,carry_chain
4782999999999,3,False,4783000000002,13,baseline,182998,211,carry_chain
7999999999999,9,False,8000000000008,13,baseline,199998,211,carry_chain
5196739999999,6,False,5196740000005,13,baseline,696722,211,carry_chain
2183432999999,5,False,2183433000004,13,baseline,283325,211,carry_chain
6488429999999,3,False,6488430000002,13,baseline,188411,211,carry_chain
9999999999999,6,False,10000000000005,13,baseline,199998,211,carry_chain
8999999999999,7,False,9000000000006,13,baseline,199998,211,carry_chain
3999999999999,6,False,4000000000005,13,baseline,199981,211,carry_chain
2819999999999,6,False,2820000000005,13,baseline,319997,211,carry_chain
6299999999999,4,False,6300000000003,13,baseline,199998,211,carry_chain
6961699999999,7,False,6961700000006,13,baseline,1616685892282828,211,carry_chain
8608669999999,3,False,8608670000002,13,baseline,108655,211,carry_chain
4538509999999,3,False,4538510000002,13,baseline,138599,211,carry_chain
2937672999999,1,False,2937673000000,13,baseline,33766995688,211,carry_chain
8399999999999,5,False,8400000000004,13,baseline,199998,211,carry_chain
2113999999999,6,False,2114000000005,13,baseline,313997,211,carry_chain
6986999999999,6,False,6987000000005,13,baseline,186998,211,carry_chain
25239999,7,False,25240006,8,baseline,2524798,211,carry_chain
99999999,9,False,100000008,8,baseline,100009988,211,carry_chain
89999999,8,False,90000007,8,baseline,9000898,211,carry_chain
38999999,9,False,39000008,8,baseline,3900998,211,carry_chain
41999999,1,False,42000000,8,baseline,4200198,211,carry_chain
89999999,2,False,90000001,8,baseline,9000298,211,carry_chain
59999999,9,False,60000008,8,baseline,6000998,211,carry_chain
11999999,4,False,12000003,8,baseline,1200448,211,carry_chain
80099999,5,False,80100004,8,baseline,8010558,211,carry_chain
39999999,1,False,40000000,8,baseline,4000198,211,carry_chain
99999999,3,False,100000002,8,baseline,100003988,211,carry_chain
62689999,1,False,62690000,8,baseline,6279198,211,carry_chain
59249999,6,False,59250005,8,baseline,5925698,211,carry_chain
45939999,5,False,45940004,8,baseline,4604598,211,carry_chain
79999999,8,False,80000007,8,baseline,8000888,211,carry_chain
72649999,3,False,72650002,8,baseline,7265338,211,carry_chain
68779999,7,False,68780006,8,baseline,6888798,211,carry_chain
79999999,7,False,80000006,8,baseline,8000778,211,carry_chain
95259999,4,False,95260003,8,baseline,9536498,211,carry_chain
16199999,5,False,16200004,8,baseline,1621598,211,carry_chain
89999999,3,False,90000002,8,baseline,9000398,211,carry_chain
99999999,5,False,100000004,8,baseline,100005988,211,carry_chain
54449999,1,False,54450000,8,baseline,5445198,211,carry_chain
27999999,1,False,28000000,8,baseline,2800198,211,carry_chain
31999999,6,False,32000005,8,baseline,3200668,211,carry_chain
19499999,3,False,19500002,8,baseline,1950398,211,carry_chain
58999999,6,False,59000005,8,baseline,5900698,211,carry_chain
69239999,4,False,69240003,8,baseline,6924498,211,carry_chain
95199999,6,False,95200005,8,baseline,9521688,211,carry_chain
77799999,3,False,77800002,8,baseline,7780398,211,carry_chain
47099999,7,False,47100006,8,baseline,4710778,211,carry_chain
79999999,3,False,80000002,8,baseline,8000398,211,carry_chain
49999999,7,False,50000006,8,baseline,5000778,211,carry_chain
4049999999999999999,7,False,4050000000000000006,19,baseline,9999000008888888888898,211,carry_chain
9071439999999999999,2,False,9071440000000000001,19,baseline,1444,211,carry_chain
8372709999999999999,8,False,8372710000000000007,19,baseline,1776033338967676700666,211,carry_chain
3599999999999999999,3,False,3600000000000000002,19,baseline,9990000008888888888998,211,carry_chain
5901677719999999999,5,False,5901677720000000004,19,baseline,766622222888,211,carry_chain
8599999999999999999,6,False,8600000000000000005,19,baseline,1990000000888888888998,211,carry_chain
5999999999999999999,1,False,6000000000000000000,19,baseline,1990000000888888888998,211,carry_chain
1655374799999999999,9,False,1655374800000000008,19,baseline,9353666663663333767777,211,carry_chain
4899999999999999999,9,False,4900000000000000008,19,baseline,9990000008888888888998,211,carry_chain
8607917149999999999,7,False,8607917150000000006,19,baseline,7997888806060000606880,211,carry_chain
4748538619999999999,1,False,4748538620000000000,19,baseline,9556999965235553523553,211,carry_chain
1999999999999999999,9,False,2000000000000000008,19,baseline,9999000008888888888998,211,carry_chain
5496975999999999999,2,False,5496976000000000001,19,baseline,7996777706677967667996,211,carry_chain
9999999999999999999,8,False,10000000000000000007,19,baseline,1999000008888888888999,211,carry_chain
4982983999999999999,7,False,4982984000000000006,19,baseline,7990333330788987777887,211,carry_chain
9507899999999999999,2,False,9507900000000000001,19,baseline,1787888888888889988888,211,carry_chain
9522249999999999999,7,False,9522250000000000006,19,baseline,1111333333331111133111,211,carry_chain
7999999999999999999,2,False,8000000000000000001,19,baseline,1990000000888888888998,211,carry_chain
6639399999999999999,7,False,6639400000000000006,19,baseline,1939000002333322883332,211,carry_chain
9999999999999999999,2,False,10000000000000000001,19,baseline,1999000008888888888999,211,carry_chain
8147699999999999999,5,False,8147700000000000004,19,baseline,1767888886886668889666,211,carry_chain
1009999999999999999,3,False,1010000000000000002,19,baseline,9999099098888888888899,211,carry_chain
6699999999999999999,4,False,6700000000000000003,19,baseline,1990000000808888888998,211,carry_chain
9999999999999999999,3,False,10000000000000000002,19,baseline,1999000008888888888999,211,carry_chain
3887999999999999999,9,False,3888000000000000008,19,baseline,9798888808888988888999,211,carry_chain
9639999999999999999,4,False,9640000000000000003,19,baseline,1999000008888988888999,211,carry_chain
7759999999999999999,7,False,7760000000000000006,19,baseline,1999000008808888888999,211,carry_chain
6359677350999999999,4,False,6359677351000000003,19,baseline,7666000076653756666766,211,carry_chain
8730439999999999999,5,False,8730440000000000004,19,baseline,1040100014353333352333,211,carry_chain
4299999999999999999,5,False,4300000000000000004,19,baseline,9999000008888888888998,211,carry_chain
3653667699999999999,5,False,3653667700000000004,19,baseline,9660444488655666555666,211,carry_chain
5071496099999999999,9,False,5071496100000000008,19,baseline,7444222226484348888433,211,carry_chain
999999,1,False,1000000,6,baseline,999900,211,carry_chain
999999,9,False,1000008,6,baseline,999008,211,carry_chain
26766,23729,False,50495,5,baseline,50595,307,id_random
32254,31542,False,63796,5,baseline,63896,307,id_random
96404,45617,False,142021,5,baseline,141021,307,id_random
82379,52290,False,134669,5,baseline,134679,307,id_random
19906,67073,False,86979,5,baseline,86989,307,id_random
86380,84289,False,170669,5,baseline,170679,307,id_random
66875,61148,False,128023,5,baseline,127023,307,id_random
78467,45818,False,124285,5,baseline,124385,307,id_random
90957,46028,False,136985,5,baseline,137985,307,id_random
839898,70,False,839968,6,baseline,849968,307,id_random
299935,72,False,300007,6,baseline,290007,307,id_random
626821,77,False,626898,6,baseline,626998,307,id_random
570489,11,False,570500,6,baseline,570400,307,id_random
140187,16,False,140203,6,baseline,140103,307,id_random
1320,29,False,1349,4,baseline,1359,307,id_random
8128,73,False,8201,4,baseline,8101,307,id_random
2922,81,False,3003,4,baseline,2003,307,id_random
40,42,False,82,2,baseline,42,307,id_random
46,14,False,60,2,baseline,50,307,id_random
86,53,False,139,2,baseline,149,307,id_random
11,79,False,90,2,baseline,80,307,id_random
44515,2081,False,46596,5,baseline,46696,307,id_random
74547,6504,False,81051,5,baseline,81041,307,id_random
79,60919,False,60998,5,baseline,61098,307,id_random
10,11792,False,11802,5,baseline,11702,307,id_random
483,6619,False,7102,4,baseline,7002,307,id_random
368,6332,False,6700,4,baseline,6690,307,id_random
645,4445,False,5090,4,baseline,10090,307,id_random
88,132,False,220,3,baseline,210,307,id_random
2899,6470,False,9369,4,baseline,9379,307,id_random
77,3,False,80,2,baseline,70,307,id_random
52,8,False,60,2,baseline,50,307,id_random
993,454,False,1447,3,baseline,1547,307,id_random
325,435,False,760,3,baseline,750,307,id_random
649,130,False,779,3,baseline,789,307,id_random
477,936,False,1413,3,baseline,1313,307,id_random
740,180,False,920,3,baseline,820,307,id_random
150,546,False,696,3,baseline,796,307,id_random
84255,616966,False,701221,6,baseline,601221,307,id_random
57677,133320,False,190997,6,baseline,191997,307,id_random
14647,789368,False,804015,6,baseline,894015,307,id_random
60506,628253,False,688759,6,baseline,688769,307,id_random
60713,589026,False,649739,6,baseline,649749,307,id_random
79446,669539,False,748985,6,baseline,749985,307,id_random
56338,342986,False,399324,6,baseline,499324,307,id_random
298,77,False,375,3,baseline,385,307,id_random
154,48,False,202,3,baseline,1092,307,id_random
49,825901,False,825950,6,baseline,825940,307,id_random
10,969877,False,969887,6,baseline,969987,307,id_random
39,311192,False,311231,6,baseline,311221,307,id_random
69,759326,False,759395,6,baseline,759495,307,id_random
46,181898,False,181944,6,baseline,181934,307,id_random
218,6,False,224,3,baseline,294,307,id_random
895,5,False,900,3,baseline,800,307,id_random
258,7,False,265,3,baseline,295,307,id_random
31961,828,False,32789,5,baseline,32799,307,id_random
10978,786,False,11764,5,baseline,11774,307,id_random
47751,758,False,48509,5,baseline,48519,307,id_random
63761,928,False,64689,5,baseline,64699,307,id_random
88207,269,False,88476,5,baseline,88576,307,id_random
51876,29,False,51905,5,baseline,51805,307,id_random
1,1469,False,1470,4,baseline,1460,307,id_random
2,9497,False,9499,4,baseline,9509,307,id_random
912,69031,False,69943,5,baseline,79943,307,id_random
759,88041,False,88800,5,baseline,88700,307,id_random
772941,428,False,773369,6,baseline,773379,307,id_random
292431,167,False,292598,6,baseline,292698,307,id_random
482,506567,False,507049,6,baseline,506049,307,id_random
426,509575,False,510001,6,baseline,509901,307,id_random
844,859150,False,859994,6,baseline,850994,307,id_random
40,4363,False,4403,4,baseline,4303,307,id_random
369209,44980,False,414189,6,baseline,414199,307,id_random
387403,73391,False,460794,6,baseline,460894,307,id_random
574134,16262,False,590396,6,baseline,690496,307,id_random
267475,15561,False,283036,6,baseline,282036,307,id_random
923639,89958,False,1013597,6,baseline,1013697,307,id_random
604671,96906,False,701577,6,baseline,601577,307,id_random
248929,322871,False,571800,6,baseline,571700,307,id_random
545502,675097,False,1220599,6,baseline,1220609,307,id_random
618532,672877,False,1291409,6,baseline,1291419,307,id_random
577923,240076,False,817999,6,baseline,818009,307,id_random
889402,773487,False,1662889,6,baseline,1663999,307,id_random
790413,727713,False,1518126,6,baseline,1517126,307,id_random
538154,997436,False,1535590,6,baseline,1535690,307,id_random
580624,310285,False,890909,6,baseline,990919,307,id_random
178332,850860,False,1029192,6,baseline,929292,307,id_random
6538,73625,False,80163,5,baseline,70163,307,id_random
4388,15800,False,20188,5,baseline,10988,307,id_random
7832,76665,False,84497,5,baseline,84597,307,id_random
6187,67103,False,73290,5,baseline,73280,307,id_random
6562,624056,False,630618,6,baseline,620618,307,id_random
1191,609871,False,611062,6,baseline,610062,307,id_random
166003,3264,False,169267,6,baseline,169367,307,id_random
429675,1694,False,431369,6,baseline,431379,307,id_random
738416,5933,False,744349,6,baseline,744359,307,id_random
856404,7057,False,863461,6,baseline,863561,307,id_random
277142,5827,False,282969,6,baseline,283969,307,id_random
249418,1573,False,250991,6,baseline,251991,307,id_random
2192,8,False,2200,4,baseline,2100,307,id_random
411236966,89878134,False,501115100,9,baseline,932666110110,307,ood_primary
907817045,10776226,False,918593271,9,baseline,772107600707,307,ood_primary
944973433,81941356,False,1026914789,9,baseline,400000000444,307,ood_primary
973239959,32433177,False,1005673136,9,baseline,943224443733,307,ood_primary
816877011,81739191,False,898616202,9,baseline,282216168869,307,ood_primary
837760884,87876007,False,925636891,9,baseline,888888778877,307,ood_primary
978936776,66457976,False,1045394752,9,baseline,000009009889,307,ood_primary
372944675,97744067,False,470688742,9,baseline,710000033722,307,ood_primary
218741032,15176953,False,233917985,9,baseline,101555441090,307,ood_primary
224598379,55327493,False,279925872,9,baseline,323530000044,307,ood_primary
714006591,91372219,False,805378810,9,baseline,911100004914,307,ood_primary
566877563,74283236,False,641160799,9,baseline,931077707663,307,ood_primary
732762472,34007110,False,766769582,9,baseline,360077702222,307,ood_primary
127368871,57564415,False,184933286,9,baseline,734333338777,307,ood_primary
446319179,76273290,False,522592469,9,baseline,964433330606,307,ood_primary
723543840,89220863,False,812764703,9,baseline,922243944333,307,ood_primary
538977324,33271290,False,572248614,9,baseline,430036333838,307,ood_primary
460521812,59396849,False,519918661,9,baseline,100000000000,307,ood_primary
308188329,10666912,False,318855241,9,baseline,689940000900,307,ood_primary
258139291,57344104,False,315483395,9,baseline,304488803585,307,ood_primary
528571254,54405469,False,582976723,9,baseline,544434330388,307,ood_primary
632580217,40048487,False,672628704,9,baseline,106603323223,307,ood_primary
681342820,53187866,False,734530686,9,baseline,243233311110,307,ood_primary
945485510,92451244,False,1037936754,9,baseline,502224000000,307,ood_primary
293554896,93179060,False,386733956,9,baseline,910099000000,307,ood_primary
593758521,71402631,False,665161152,9,baseline,166666690307,307,ood_primary
122613877,58357386,False,180971263,9,baseline,909099033226,307,ood_primary
503197728,19487192,False,522684920,9,baseline,100002244300,307,ood_primary
8215853564,70346679969,False,78562533533,11,baseline,72222222606121,307,ood_primary
4721261702,51999880805,False,56721142507,11,baseline,,307,ood_primary
3447645234,64387844183,False,67835489417,11,baseline,70404444060040,307,ood_primary
2930886844,60397896848,False,63328783692,11,baseline,90000034000000,307,ood_primary
9604281694,22051233728,False,31655515422,11,baseline,92220604222224,307,ood_primary
5959390020,90820660918,False,96780050938,11,baseline,00000995909605,307,ood_primary
3455390767,94941459658,False,98396850425,11,baseline,04094949900995,307,ood_primary
5730443041,31216081498,False,36946524539,11,baseline,,307,ood_primary
6196472512,14290508032,False,20486980544,11,baseline,,307,ood_primary
1590683901,14615250367,False,16205934268,11,baseline,,307,ood_primary
5747367638,47366063582,False,53113431220,11,baseline,77347774733744,307,ood_primary
4170149406,52525949541,False,56696098947,11,baseline,,307,ood_primary
9556486768,58263377378,False,67819864146,11,baseline,76666555606555,307,ood_primary
4178202375,68838038151,False,73016240526,11,baseline,,307,ood_primary
8707059589,99540511322,False,108247570911,11,baseline,97000770790000,307,ood_primary
9736561943,80599688442,False,90336250385,11,baseline,73748773651376,307,ood_primary
9484486640,77642124976,False,87126611616,11,baseline,70900480400484,307,ood_primary
4190266096,81887323421,False,86077589517,11,baseline,,307,ood_primary
7577357999,81790883281,False,89368241280,11,baseline,97887667808877,307,ood_primary
1594782508,58744967210,False,60339749718,11,baseline,75000959670959,307,ood_primary
9778978643,17722555371,False,27501534014,11,baseline,70797778096070,307,ood_primary
2890712949,83762250576,False,86652963525,11,baseline,89808889822090,307,ood_primary
7665899961,68749815447,False,76415715408,11,baseline,87677666666666,307,ood_primary
2432413909,94325595317,False,96758009226,11,baseline,94363430095990,307,ood_primary
8533555933,31912720205,False,40446276138,11,baseline,37336553563736,307,ood_primary
9355124249,38625957522,False,47981081771,11,baseline,83535355923935,307,ood_primary
7655340674,88563634431,False,96218975105,11,baseline,75666565533555,307,ood_primary
9430598417,96730757972,False,106161356389,11,baseline,95444434000043,307,ood_primary
6727114190,47488705443,False,54215819633,11,baseline,,307,ood_primary
7717024909,84703362158,False,92420387067,11,baseline,87117711707011,307,ood_primary
8830160425,72718089948,False,81548250373,11,baseline,73077730010030,307,ood_primary
5655700521,90255151446,False,95910851967,11,baseline,05550055050555,307,ood_primary
5059808869,89418868383,False,94478677252,11,baseline,81661006097805,307,ood_primary
6486225485,95185139529,False,101671365014,11,baseline,80904448000090,307,ood_primary
3986089896,46436993731,False,50423083627,11,baseline,33330096606336,307,ood_primary
7527084229,68091920880,False,75619005109,11,baseline,86875522707026,307,ood_primary
6422213499,40542303823,False,46964517322,11,baseline,90200020000002,307,ood_primary
5453769794,88635242418,False,94089012212,11,baseline,81661545370555,307,ood_primary
8110463558,20067999440,False,28178462998,11,baseline,,307,ood_primary
8601177857,81610210733,False,90211388590,11,baseline,72716661228201,307,ood_primary
729506883422,39602179070,False,769109062492,12,baseline,522225272225222,307,ood_primary
235515046591,76684702849,False,312199749440,12,baseline,153535151505011,307,ood_primary
630502854389,20503820823,False,651006675212,12,baseline,713000510000000,307,ood_primary
951390857236,53128168686,False,1004519025922,12,baseline,776551303212606,307,ood_primary
186889471791,55110955621,False,242000427412,12,baseline,288886809706801,307,ood_primary
704252255106,17058392266,False,721310647372,12,baseline,600040260000666,307,ood_primary
386913994397,72959682234,False,459873676631,12,baseline,178879194696912,307,ood_primary
550021354376,40798518764,False,590819873140,12,baseline,705550000000012,307,ood_primary
649518145073,44438260180,False,693956405253,12,baseline,714499160000511,307,ood_primary
610549202712,52118294675,False,662667497387,12,baseline,211100511600511,307,ood_primary
705958986222,48913741780,False,754872728002,12,baseline,511105222255222,307,ood_primary
324340943482,47144540442,False,371485483924,12,baseline,722224342424342,307,ood_primary
241654195006,60257854729,False,301912049735,12,baseline,600000650000666,307,ood_primary
314993562272,17354970064,False,332348532336,12,baseline,751114095100962,307,ood_primary
262615620170,79305927482,False,341921547652,12,baseline,626662616226616,307,ood_primary
657539908601,56611484126,False,714151392727,12,baseline,165566606666000,307,ood_primary
860980419315,58359587194,False,919340006509,12,baseline,106000955000950,307,ood_primary
134692379977,74112471906,False,208804851883,12,baseline,703344606046666,307,ood_primary
525263676311,12023633219,False,537287309530,12,baseline,622226660606666,307,ood_primary
308056858404,91336139362,False,399392997766,12,baseline,400008505000056,307,ood_primary
721599652496,99861825097,False,821461477593,12,baseline,122222600211550,307,ood_primary
385475914038,98690722585,False,484166636623,12,baseline,735835373354437,307,ood_primary
392253821707,79472505637,False,471726327344,12,baseline,770920270222666,307,ood_primary
8173867,2058717501,False,2066891368,10,baseline,805455199349,307,ood_primary
7122575,5750352048,False,5757474623,10,baseline,610556638090,307,ood_primary
6459862,3132910958,False,3139370820,10,baseline,811112133771,307,ood_primary
6908834,3519391646,False,3526300480,10,baseline,222228891649,307,ood_primary
5249015,3307690719,False,3312939734,10,baseline,977777661883,307,ood_primary
6186299,7974093189,False,7980279488,10,baseline,972973144454,307,ood_primary
8039510,8394427819,False,8402467329,10,baseline,309554349333,307,ood_primary
9608674,8873640059,False,8883248733,10,baseline,100012177907,307,ood_primary
1093769,6889372571,False,6890466340,10,baseline,710001332222,307,ood_primary
3485147,8215742918,False,8219228065,10,baseline,778120110676,307,ood_primary
4439985,1171222245,False,1175662230,10,baseline,911000006667,307,ood_primary
8813883,5149941927,False,5158755810,10,baseline,288723236633,307,ood_primary
5320133,5884613765,False,5889933898,10,baseline,757055550009,307,ood_primary
4251200,6045140045,False,6049391245,10,baseline,243165666055,307,ood_primary
3629026,3480984973,False,3484613999,10,baseline,500009128233,307,ood_primary
3132171,4015753964,False,4018886135,10,baseline,898999788434,307,ood_primary
9702889,1097620752,False,1107323641,10,baseline,994540502222,307,ood_primary
2602803,9964780915,False,9967383718,10,baseline,825852270029,307,ood_primary
2720912,7458106904,False,7460827816,10,baseline,291990796666,307,ood_primary
9290642,4648034426,False,4657325068,10,baseline,696490944565,307,ood_primary
5193957,8348892985,False,8354086942,10,baseline,128876234888,307,ood_primary
8761868,1723928184,False,1732690052,10,baseline,987672223493,307,ood_primary
8934616,3868516814,False,3877451430,10,baseline,701435321232,307,ood_primary
5549415,3388737724,False,3394287139,10,baseline,821222388333,307,ood_primary
2536846,4557500353,False,4560037199,10,baseline,943901443222,307,ood_primary
9135267,4045288432,False,4054423699,10,baseline,924488100540,307,ood_primary
9805720,3322579463,False,3332385183,10,baseline,982299888338,307,ood_primary
1592505,8067301034,False,8068893539,10,baseline,323339409559,307,ood_primary
89615286,16907130,False,106522416,8,baseline,10011100276,307,ood_primary
38374108,40232366,False,78606474,8,baseline,70744498907,307,ood_primary
82842400,64683653,False,147526053,8,baseline,91924990090,307,ood_primary
79241520,51605085,False,130846605,8,baseline,10616566032,307,ood_primary
97750020,87688577,False,185438597,8,baseline,11690683488,307,ood_primary
80107031,60651116,False,140758147,8,baseline,66665666777,307,ood_primary
85137429,47012647,False,132150076,8,baseline,73854743822,307,ood_primary
96299628,66617271,False,162916899,8,baseline,15007400099,307,ood_primary
21457879,40539979,False,61997858,8,baseline,10112222150,307,ood_primary
38346405,35338361,False,73684766,8,baseline,93933399903,307,ood_primary
19797420,43981116,False,63778536,8,baseline,00729026023,307,ood_primary
47564083,37997109,False,85561192,8,baseline,46344325639,307,ood_primary
89708216,86694096,False,176402312,8,baseline,16081000088,307,ood_primary
61682511,89281123,False,150963634,8,baseline,99498934027,307,ood_primary
81688502,95770026,False,177458528,8,baseline,59877784556,307,ood_primary
25917881,67477079,False,93394960,8,baseline,46445412238,307,ood_primary
74198327,71936705,False,146135032,8,baseline,10026661228,307,ood_primary
11533583,95952077,False,107485660,8,baseline,63343232300,307,ood_primary
12072383,40925799,False,52998182,8,baseline,47555562270,307,ood_primary
13489272,12827824,False,26317096,8,baseline,17044455011,307,ood_primary
62590304,77924059,False,140514363,8,baseline,29004490977,307,ood_primary
19952180,77578358,False,97530538,8,baseline,81988882672,307,ood_primary
26190321,59602012,False,85792333,8,baseline,15003377716,307,ood_primary
39531496,75883937,False,115415433,8,baseline,93922354360,307,ood_primary
17347619,33644161,False,50991780,8,baseline,00004540003,307,ood_primary
503930967496,73798423,False,504004765919,12,baseline,,307,ood_primary
756172105496,99948749,False,756272054245,12,baseline,,307,ood_primary
158611643818,84831832,False,158696475650,12,baseline,,307,ood_primary
640934965302,64874806,False,640999840108,12,baseline,,307,ood_primary
233248731004,25950620,False,233274681624,12,baseline,,307,ood_primary
356805980774,80283429,False,356886264203,12,baseline,,307,ood_primary
194037072780,45985228,False,194083058008,12,baseline,,307,ood_primary
456690018463,71237284,False,456761255747,12,baseline,,307,ood_primary
147716634251,47719293,False,147764353544,12,baseline,,307,ood_primary
238639176289,42837339,False,238682013628,12,baseline,,307,ood_primary
956942696415,84553992,False,957027250407,12,baseline,,307,ood_primary
556397366739,56792021,False,556454158760,12,baseline,,307,ood_primary
280338434062,16908318,False,280355342380,12,baseline,,307,ood_primary
352503682358,47846653,False,352551529011,12,baseline,,307,ood_primary
978329373451,78579492,False,978407952943,12,baseline,,307,ood_primary
598393108659,47293772,False,598440402431,12,baseline,,307,ood_primary
90157578650,846457875982,False,936615454632,12,baseline,611010576100067,307,ood_primary
65961145542,700417422378,False,766378567920,12,baseline,725559111100611,307,ood_primary
39890253943,685486721567,False,725376975510,12,baseline,739999733333303,307,ood_primary
87006924532,519043524627,False,606050449159,12,baseline,777700626100666,307,ood_primary
42706565819,232201344552,False,274907910371,12,baseline,022227000027066,307,ood_primary
35353575960,909623125994,False,944976701954,12,baseline,055550000000000,307,ood_primary
54985440822,178044038393,False,233029479215,12,baseline,754449421295551,307,ood_primary
76009811732,246789891364,False,322799703096,12,baseline,566600002200022,307,ood_primary
52563622525,594379809510,False,646943432035,12,baseline,652252665555663,307,ood_primary
71907300911,195685877409,False,267593178320,12,baseline,111100000000071,307,ood_primary
77735794982,303698489632,False,381434284614,12,baseline,787777262777666,307,ood_primary
24410368817,326504553062,False,350914921879,12,baseline,744444101041112,307,ood_primary
36795207946,390168279986,False,426963487932,12,baseline,966667554663565,307,ood_primary
97436808524,405342002694,False,502778811218,12,baseline,077774724444366,307,ood_primary
74713831608,962435175288,False,1037149006896,12,baseline,774477107777173,307,ood_primary
16128602743,427297197706,False,443425800449,12,baseline,726611233212236,307,ood_primary
28201392090,298160407430,False,326361799520,12,baseline,028880010020010,307,ood_primary
94428173939,253746318591,False,348174492530,12,baseline,144444000049297,307,ood_primary
51130919819,663714002434,False,714844922253,12,baseline,911111000010100,307,ood_primary
64041715815,448560636325,False,512602352140,12,baseline,044400000000011,307,ood_primary
48210593826,778606799737,False,826817393563,12,baseline,783282121221111,307,ood_primary
26082431953,575833910645,False,601916342598,12,baseline,766600324000322,307,ood_primary
65307385053,136007072663,False,201314457716,12,baseline,655550073600077,307,ood_primary
62377512282,768824914548,False,831202426830,12,baseline,522223757237772,307,ood_primary
60283791867,331228929442,False,391512721309,12,baseline,770122777722773,307,ood_primary
29678217939,629385216298,False,659063434237,12,baseline,100096707006788,307,ood_primary
64164104176,933111962967,False,997276067143,12,baseline,000551606001600,307,ood_primary
57577400674,582876580750,False,640453981424,12,baseline,777775774555777,307,ood_primary
52746950413,863652651070,False,916399601483,12,baseline,372227060723666,307,ood_primary
97624165070,751395509293,False,849019674363,12,baseline,677776246666256,307,ood_primary
53649193875,422980460763,False,476629654638,12,baseline,703636040665445,307,ood_primary
76507046841,520712626971,False,597219673812,12,baseline,166656070656076,307,ood_primary
67954144814,953053302336,False,1021007447150,12,baseline,077779450495544,307,ood_primary
59857800143,787781690948,False,847639491091,12,baseline,739995374335577,307,ood_primary
19786325,365878218704,False,365898005029,12,baseline,,307,ood_primary
95416454,684448477091,False,684543893545,12,baseline,80488100010031,307,ood_primary
25182743,430703393959,False,430728576702,12,baseline,,307,ood_primary
37365911,332850068440,False,332887434351,12,baseline,,307,ood_primary
90913336,570158882773,False,570249796109,12,baseline,,307,ood_primary
87496914,346958351618,False,347045848532,12,baseline,,307,ood_primary
36707426,389718163612,False,389754871038,12,baseline,,307,ood_primary
36457555,731682631986,False,731719089541,12,baseline,,307,ood_primary
10993113,865157237165,False,865168230278,12,baseline,,307,ood_primary
13534702,258135034292,False,258148568994,12,baseline,,307,ood_primary
67915880,451731102175,False,451799018055,12,baseline,,307,ood_primary
68099016,150871323496,False,150939422512,12,baseline,10111111159600,307,ood_primary
99791812,564247255161,False,564347046973,12,baseline,55248853400046,307,ood_primary
96061412,796231072197,False,796327133609,12,baseline,,307,ood_primary
85719728,441464022588,False,441549742316,12,baseline,,307,ood_primary
44287091,630891735005,False,630936022096,12,baseline,90157703423356,307,ood_primary
57980038,492040024252,False,492098004290,12,baseline,,307,ood_primary
18210935,879914627289,False,879932838224,12,baseline,,307,ood_primary
71172893,103999589911,False,104070762804,12,baseline,,307,ood_primary
86144973,848373376532,False,848459521505,12,baseline,,307,ood_primary
17452565,317239426115,False,317256878680,12,baseline,,307,ood_primary
46918160,706155740093,False,706202658253,12,baseline,,307,ood_primary
25785099,551215950011,False,551241735110,12,baseline,,307,ood_primary
87813422,845208889040,False,845296702462,12,baseline,,307,ood_primary
47939056,196680415109,False,196728354165,12,baseline,10000000003093,307,ood_primary
69366891,839725643110,False,839795010001,12,baseline,,307,ood_primary
44937330,718211152410,False,718256089740,12,baseline,,307,ood_primary
3380806,9378656,False,12759462,7,baseline,128945,307,ood_primary
5657200,2345653,False,8002853,7,baseline,992764,307,ood_primary
3042769,1939557,False,4982326,7,baseline,146226,307,ood_primary
9230333,7082066,False,16312399,7,baseline,1372534345,307,ood_primary
4564112,5758116,False,10322228,7,baseline,132212,307,ood_primary
3295481,6204483,False,9499964,7,baseline,715989,307,ood_primary
3347323,3100381,False,6447704,7,baseline,544461,307,ood_primary
8086484,4218461,False,12304945,7,baseline,1104880888,307,ood_primary
5290544,9861783,False,15152327,7,baseline,1762122211,307,ood_primary
1167855,6005690,False,7173545,7,baseline,177444,307,ood_primary
2847704,6573387,False,9421091,7,baseline,405002,307,ood_primary
8431784,4484523,False,12916307,7,baseline,790126,307,ood_primary
6869445,9815041,False,16684486,7,baseline,1689949999,307,ood_primary
9918810,6344211,False,16263021,7,baseline,166322,307,ood_primary
3701459,1104721,False,4806180,7,baseline,571911,307,ood_primary
1827560,6115078,False,7942638,7,baseline,749167,307,ood_primary
2845551,7620994,False,10466545,7,baseline,8186400000,307,ood_primary
1727997,3984755,False,5712752,7,baseline,122362,307,ood_primary
9944656,3685607,False,13630263,7,baseline,813022,307,ood_primary
2143080,4197168,False,6340248,7,baseline,461716,307,ood_primary
9442000,8016455,False,17458455,7,baseline,1558444444,307,ood_primary
3804611,1909895,False,5714506,7,baseline,9156000000,307,ood_primary
8110660,5248809,False,13359469,7,baseline,835949,307,ood_primary
4926066,8225427,False,13151493,7,baseline,1595488899,307,ood_primary
1651728,6427090,False,8078818,7,baseline,589482,307,ood_primary
6928899,4662347,False,11591246,7,baseline,1951233322,307,ood_primary
7430799,6006035,False,13436834,7,baseline,1446804999,307,ood_primary
7895691,2120703,False,10016394,7,baseline,101638,307,ood_primary
7216872,9158690,False,16375562,7,baseline,137558,307,ood_primary
4535000,9461415,False,13996415,7,baseline,1911444444,307,ood_primary
1609791,2819583,False,4429374,7,baseline,911749,307,ood_primary
8242428,5449881,False,13692309,7,baseline,997426,307,ood_primary
6028976,3597547,False,9626523,7,baseline,1826510013,307,ood_primary
1475862,7164296,False,8640158,7,baseline,840284,307,ood_primary
177595494,1955358,False,179550852,9,baseline,10044449000,307,ood_primary
946314011,5734779,False,952048790,9,baseline,97004747666,307,ood_primary
194233866,8988161,False,203222027,9,baseline,11226601321,307,ood_primary
636480825,7087084,False,643567909,9,baseline,81483333706,307,ood_primary
558581087,1732769,False,560313856,9,baseline,77544444933,307,ood_primary
264568645,2956592,False,267525237,9,baseline,10694490006,307,ood_primary
635847969,9470466,False,645318435,9,baseline,19400000000,307,ood_primary
351666126,9580648,False,361246774,9,baseline,97695550111,307,ood_primary
207267129,8596677,False,215863806,9,baseline,16755635997,307,ood_primary
710380775,2730802,False,713111577,9,baseline,98433333111,307,ood_primary
322877223,7231683,False,330108906,9,baseline,99065555092,307,ood_primary
470691117,7112265,False,477803382,9,baseline,16016272000,307,ood_primary
866131245,2668383,False,868799628,9,baseline,77030606776,307,ood_primary
471408337,4757467,False,476165804,9,baseline,71470000210,307,ood_primary
431363934,2684728,False,434048662,9,baseline,93623000021,307,ood_primary
180978118,9395170,False,190373288,9,baseline,10054454100,307,ood_primary
798919412,1498593,False,800418005,9,baseline,10505666399,307,ood_primary
475080445,4309052,False,479389497,9,baseline,33303989005,307,ood_primary
940749415,2257421,False,943006836,9,baseline,88612288001,307,ood_primary
882842666,2742030,False,885584696,9,baseline,18443333032,307,ood_primary
382913735,9281755,False,392195490,9,baseline,80145598000,307,ood_primary
956921204,9668858,False,966590062,9,baseline,80975546966,307,ood_primary
499689226,6998563,False,506687789,9,baseline,10726106000,307,ood_primary
372715618,9515491,False,382231109,9,baseline,17155551261,307,ood_primary
852409104,1045744,False,853454848,9,baseline,01000000111,307,ood_primary
801580905,7171428,False,808752333,9,baseline,97911111222,307,ood_primary
186845379,1827670,False,188673049,9,baseline,88134980976,307,ood_primary
419620981,4945968,False,424566949,9,baseline,10655000000,307,ood_primary
437144267,3546761,False,440691028,9,baseline,46040000007,307,ood_primary
174913402,5801506,False,180714908,9,baseline,97143348044,307,ood_primary
191854487,2237339,False,194091826,9,baseline,89240999821,307,ood_primary
584082768,3506904,False,587589672,9,baseline,30442333044,307,ood_primary
503618378,3847103,False,507465481,9,baseline,96977100033,307,ood_primary
410393040,8123223,False,418516263,9,baseline,94000000009,307,ood_primary
845792745,3366331,False,849159076,9,baseline,39303999096,307,ood_primary
197584857,8890550,False,206475407,9,baseline,17902230988,307,ood_primary
826102729,987530657085,False,988356759814,12,baseline,71616260000661,307,ood_primary
815003153,137463621352,False,138278624505,12,baseline,70661516000060,307,ood_primary
873455344,477036623416,False,477910078760,12,baseline,73443734410434,307,ood_primary
456308618,928936843277,False,929393151895,12,baseline,85555550030056,307,ood_primary
619682087,700208325884,False,700828007971,12,baseline,76000000677766,307,ood_primary
944761179,655946288057,False,656891049236,12,baseline,91550000036444,307,ood_primary
170840672,690691848459,False,690862689131,12,baseline,20000660040000,307,ood_primary
762266574,154731854735,False,155494121309,12,baseline,72222622606022,307,ood_primary
476186304,169356919235,False,169833105539,12,baseline,47670666120660,307,ood_primary
541507183,360467098630,False,361008605813,12,baseline,30110101300001,307,ood_primary
114049387,520835805268,False,520949854655,12,baseline,,307,ood_primary
996476896,526201649319,False,527198126215,12,baseline,92777776588776,307,ood_primary
988904533,623777789554,False,624766694087,12,baseline,78088889694909,307,ood_primary
740008957,639578803664,False,640318812621,12,baseline,10006660100000,307,ood_primary
670001913,807574904994,False,808244906907,12,baseline,70707770000000,307,ood_primary
461708715,986569043879,False,987030752594,12,baseline,51111000073000,307,ood_primary
629464756,248494140224,False,249123604980,12,baseline,40009296190096,307,ood_primary
900059456,247208922930,False,248108982386,12,baseline,91111111119111,307,ood_primary
728173156,703576975426,False,704305148582,12,baseline,70707777276071,307,ood_primary
681651870,492383193444,False,493064845314,12,baseline,12222211000011,307,ood_primary
130252655,944544444393,False,944674697048,12,baseline,91000090009000,307,ood_primary
479261121,830073405209,False,830552666330,12,baseline,13900379069939,307,ood_primary
513971399,893271863024,False,893785834423,12,baseline,31424233000000,307,ood_primary
437571562,523376032139,False,523813603701,12,baseline,,307,ood_primary
27067628,475131939,False,502199567,9,baseline,888320238143,307,ood_primary
33067511,427064743,False,460132254,9,baseline,530333833330,307,ood_primary
29966490,574878596,False,604845086,9,baseline,100000010011,307,ood_primary
96334707,499204729,False,595539436,9,baseline,722333333883,307,ood_primary
34046286,498434208,False,532480494,9,baseline,620023241400,307,ood_primary
74791863,158859690,False,233651553,9,baseline,199000053396,307,ood_primary
59695742,898311068,False,958006810,9,baseline,839000066660,307,ood_primary
14303691,653469975,False,667773666,9,baseline,143543334360,307,ood_primary
59884019,665734016,False,725618035,9,baseline,711433355555,307,ood_primary
28287455,439518016,False,467805471,9,baseline,780707823322,307,ood_primary
44649412,847636968,False,892286380,9,baseline,610013366143,307,ood_primary
11851309,237220304,False,249071613,9,baseline,920338894312,307,ood_primary
66814912,244079708,False,310894620,9,baseline,150455533022,307,ood_primary
34367589,814924245,False,849291834,9,baseline,100000000007,307,ood_primary
27285146,808641457,False,835926603,9,baseline,501336611001,307,ood_primary
84840692,525560924,False,610401616,9,baseline,155544952444,307,ood_primary
68747955,264940779,False,333688734,9,baseline,100138978888,307,ood_primary
32870206,253706288,False,286576494,9,baseline,877302223022,307,ood_primary
50725875,264800404,False,315526279,9,baseline,110011320989,307,ood_primary
94548552,382866844,False,477415396,9,baseline,189999973999,307,ood_primary
29762656,290917853,False,320680509,9,baseline,816666667095,307,ood_primary
62029980,907385949,False,969415929,9,baseline,190399001001,307,ood_primary
77565279,985314594,False,1062879873,9,baseline,522251615555,307,ood_primary
55618052,124183021,False,179801073,9,baseline,144455508772,307,ood_primary
15180332,946327124,False,961507456,9,baseline,963544425611,307,ood_primary
30093858,144016672,False,174110530,9,baseline,833303344111,307,ood_primary
80572365,911885067,False,992457432,9,baseline,933487766499,307,ood_primary
19795055,277000687,False,296795742,9,baseline,121220000001,307,ood_primary
25197117,127440943,False,152638060,9,baseline,542554873333,307,ood_primary
61552376,667892652,False,729445028,9,baseline,610993226212,307,ood_primary
5114743173,9089163,False,5123832336,10,baseline,310000011111,307,ood_primary
3573585642,3339045,False,3576924687,10,baseline,903607999567,307,ood_primary
2599883147,4468454,False,2604351601,10,baseline,745577799599,307,ood_primary
6468270434,4437788,False,6472708222,10,baseline,437040000606,307,ood_primary
5989856459,4191695,False,5994048154,10,baseline,910009000909,307,ood_primary
7259202859,8199482,False,7267402341,10,baseline,192200000252,307,ood_primary
1652953855,6497029,False,1659450884,10,baseline,970000015656,307,ood_primary
6035425525,4103853,False,6039529378,10,baseline,641443430303,307,ood_primary
9546498862,8515745,False,9555014607,10,baseline,811227006155,307,ood_primary
8875219725,1872443,False,8877092168,10,baseline,162262667875,307,ood_primary
8932387024,9750228,False,8942137252,10,baseline,738703244333,307,ood_primary
5178890602,2853143,False,5181743745,10,baseline,892222222127,307,ood_primary
5092776965,8632688,False,5101409653,10,baseline,582220000090,307,ood_primary
2607650268,9923123,False,2617573391,10,baseline,275550000000,307,ood_primary
1262180245,9045826,False,1271226071,10,baseline,909400006666,307,ood_primary
7025548723,3289147,False,7028837870,10,baseline,522323522222,307,ood_primary
3243575765,1231079,False,3244806844,10,baseline,662606600324,307,ood_primary
7397485874,2311005,False,7399796879,10,baseline,722222000000,307,ood_primary
7506709283,8818777,False,7515528060,10,baseline,887700011660,307,ood_primary
5255955726,9206583,False,5265162309,10,baseline,900555000525,307,ood_primary
9377578162,4796000,False,9382374162,10,baseline,921076777777,307,ood_primary
6635822452,3776860,False,6639599312,10,baseline,970333336635,307,ood_primary
5803618420,8382057,False,5812000477,10,baseline,877033300000,307,ood_primary
5735572860,3228808,False,5738801668,10,baseline,252333533775,307,ood_primary
6469885446,6940798,False,6476826244,10,baseline,100000660060,307,ood_primary
5224066667,9986015,False,5234052682,10,baseline,905551002222,307,ood_primary
4232369745,6354381878,False,10586751623,10,baseline,,307,ood_primary
4348528195,1621833342,False,5970361537,10,baseline,,307,ood_primary
6014630749,1621351304,False,7635982053,10,baseline,,307,ood_primary
7438254512,1488351148,False,8926605660,10,baseline,,307,ood_primary
7572129795,6184334489,False,13756464284,10,baseline,,307,ood_primary
1234728142,4374611082,False,5609339224,10,baseline,,307,ood_primary
2767301687,6431742066,False,9199043753,10,baseline,,307,ood_primary
6723073903,4568610510,False,11291684413,10,baseline,,307,ood_primary
6178366274,5971028450,False,12149394724,10,baseline,,307,ood_primary
7233573563,8338796278,False,15572369841,10,baseline,,307,ood_primary
1235003215,3986534167,False,5221537382,10,baseline,,307,ood_primary
9741096446,4029688937,False,13770785383,10,baseline,,307,ood_primary
8024599752,3047141803,False,11071741555,10,baseline,,307,ood_primary
5600937622,8444387919,False,14045325541,10,baseline,,307,ood_primary
7081820272,3085746863,False,10167567135,10,baseline,,307,ood_primary
5562084236,7897130677,False,13459214913,10,baseline,,307,ood_primary
4950456620,7260597694,False,12211054314,10,baseline,,307,ood_primary
5589809532,1472891392,False,7062700924,10,baseline,,307,ood_primary
2159302129,6617872678,False,8777174807,10,baseline,,307,ood_primary
1777681102,7802990595,False,9580671697,10,baseline,,307,ood_primary
8755671413,3870299341,False,12625970754,10,baseline,,307,ood_primary
4969810,615167839,False,620137649,9,baseline,51047672045,307,ood_primary
9306262,927940110,False,937246372,9,baseline,66666666633,307,ood_primary
5010179,322464374,False,327474553,9,baseline,75544422543,307,ood_primary
4498644,534170639,False,538669283,9,baseline,30911137922,307,ood_primary
8716118,236439823,False,245155941,9,baseline,91551555033,307,ood_primary
1944545,739560225,False,741504770,9,baseline,10000000043,307,ood_primary
5366015,688451965,False,693817980,9,baseline,11556000055,307,ood_primary
4405938,800503313,False,804909251,9,baseline,90493344050,307,ood_primary
3413777,277013923,False,280427700,9,baseline,84889887401,307,ood_primary
2818233,309100023,False,311918256,9,baseline,33333343910,307,ood_primary
1892210,828409739,False,830301949,9,baseline,27611160661,307,ood_primary
7975405,379444897,False,387420302,9,baseline,90944488955,307,ood_primary
2623410,170888977,False,173512387,9,baseline,12299999234,307,ood_primary
6679404,882568246,False,889247650,9,baseline,15000009017,307,ood_primary
1860876,638645085,False,640505961,9,baseline,26321122519,307,ood_primary
7390906,157940219,False,165331125,9,baseline,40444443087,307,ood_primary
9497536,607285069,False,616782605,9,baseline,40831559944,307,ood_primary
7226616,285777561,False,293004177,9,baseline,34338883322,307,ood_primary
7587171,146859966,False,154447137,9,baseline,16061000044,307,ood_primary
3755200,829719395,False,833474595,9,baseline,32929228935,307,ood_primary
2283876,916803812,False,919087688,9,baseline,81776766615,307,ood_primary
9170357,274785399,False,283955756,9,baseline,97012211445,307,ood_primary
6772272,476638777,False,483411049,9,baseline,09950555999,307,ood_primary
5994117,204744009,False,210738126,9,baseline,51855559199,307,ood_primary
4187607,598548873,False,602736480,9,baseline,03104000166,307,ood_primary
618731750105,244591080,False,618976341185,12,baseline,,307,ood_primary
873215185553,209251316,False,873424436869,12,baseline,,307,ood_primary
188628598183,439839841,False,189068438024,12,baseline,,307,ood_primary
299553388210,408850785,False,299962238995,12,baseline,06660096660605,307,ood_primary
935554574820,215737517,False,935770312337,12,baseline,77776355656565,307,ood_primary
753954312971,559944285,False,754514257256,12,baseline,13035553510000,307,ood_primary
820814922026,321287064,False,821136209090,12,baseline,62212200112210,307,ood_primary
284454607720,707266657,False,285161874377,12,baseline,72727771422725,307,ood_primary
495840900977,227216744,False,496068117721,12,baseline,75060055477755,307,ood_primary
282424162923,437825734,False,282861988657,12,baseline,,307,ood_primary
808944532512,408040557,False,809352573069,12,baseline,51090909511195,307,ood_primary
817303380639,153451255,False,817456831894,12,baseline,93371077000773,307,ood_primary
788587825619,424320382,False,789012146001,12,baseline,97588885606085,307,ood_primary
812718590266,401921136,False,813120511402,12,baseline,67621212170626,307,ood_primary
506198805609,378062672,False,506576868281,12,baseline,,307,ood_primary
346588748392,530519409,False,347119267801,12,baseline,,307,ood_primary
991609592795,278711408,False,991888304203,12,baseline,21110112706016,307,ood_primary
974218256661,471246597,False,974689503258,12,baseline,67777746261606,307,ood_primary
249926729480,590941183,False,250517670663,12,baseline,97004499000909,307,ood_primary
737453781226,368150902,False,737821932128,12,baseline,72767372522265,307,ood_primary
379683740162,223379685,False,379907119847,12,baseline,,307,ood_primary
287045896764,461080436,False,287506977200,12,baseline,07178777555770,307,ood_primary
389488597194,888576638,False,390377173832,12,baseline,19999999490994,307,ood_primary
608008576208,479829247,False,608488405455,12,baseline,70800080000000,307,ood_primary
992883328,617590353,False,1610473681,9,baseline,909708030339,307,ood_primary
766250988,874071205,False,1640322193,9,baseline,,307,ood_primary
266221151,922243073,False,1188464224,9,baseline,,307,ood_primary
804038774,585976418,False,1390015192,9,baseline,198151550440,307,ood_primary
489576820,856515099,False,1346091919,9,baseline,615495009897,307,ood_primary
775264571,336169724,False,1111434295,9,baseline,120233335726,307,ood_primary
565598466,523439439,False,1089037905,9,baseline,922266610550,307,ood_primary
440706290,227419761,False,668126051,9,baseline,,307,ood_primary
681093783,888992436,False,1570086219,9,baseline,180222211110,307,ood_primary
914076611,666602496,False,1580679107,9,baseline,660000067140,307,ood_primary
224031524,479176762,False,703208286,9,baseline,,307,ood_primary
767843533,973659616,False,1741503149,9,baseline,720777767773,307,ood_primary
926186320,141480515,False,1067666835,9,baseline,,307,ood_primary
870225107,756980671,False,1627205778,9,baseline,,307,ood_primary
266712204,930474535,False,1197186739,9,baseline,,307,ood_primary
111932452,728662565,False,840595017,9,baseline,,307,ood_primary
140240929,690722961,False,830963890,9,baseline,910000006000,307,ood_primary
228308215,109507080,False,337815295,9,baseline,,307,ood_primary
383330545,966296190,False,1349626735,9,baseline,,307,ood_primary
431287499,255961827,False,687249326,9,baseline,900027669422,307,ood_primary
988909609,886198536,False,1875108145,9,baseline,180889989890,307,ood_primary
120798732,106940272,False,227739004,9,baseline,,307,ood_primary
621767580,346422114,False,968189694,9,baseline,,307,ood_primary
531283768,756942167,False,1288225935,9,baseline,,307,ood_primary
710462517,928558327,False,1639020844,9,baseline,,307,ood_primary
420998357,696300193,False,1117298550,9,baseline,,307,ood_primary
894251928,896886186,False,1791138114,9,baseline,811555505552,307,ood_primary
477773943,987101755,False,1464875698,9,baseline,,307,ood_primary
108699431,479330943,False,588030374,9,baseline,,307,ood_primary
790515300,168704330,False,959219630,9,baseline,,307,ood_primary
751174498,137154077,False,888328575,9,baseline,,307,ood_primary
995939328,827754434,False,1823693762,9,baseline,600000670500,307,ood_primary
323328597,760125217,False,1083453814,9,baseline,900000000333,307,ood_primary
460543573,752830163,False,1213373736,9,baseline,,307,ood_primary
362499895,595534873,False,958034768,9,baseline,,307,ood_primary
60617361958,69165169,False,60686527127,11,baseline,,307,ood_primary
94253180110,29543543,False,94282723653,11,baseline,,307,ood_primary
20402410439,88185956,False,20490596395,11,baseline,,307,ood_primary
77872567339,69742262,False,77942309601,11,baseline,,307,ood_primary
33039770906,79224557,False,33118995463,11,baseline,,307,ood_primary
29572276763,12223292,False,29584500055,11,baseline,,307,ood_primary
83393475409,20343743,False,83413819152,11,baseline,,307,ood_primary
97630851225,34011967,False,97664863192,11,baseline,,307,ood_primary
65678485282,38067885,False,65716553167,11,baseline,,307,ood_primary
86299185857,87769710,False,86386955567,11,baseline,,307,ood_primary
96053839433,99071829,False,96152911262,11,baseline,,307,ood_primary
20944809112,37905382,False,20982714494,11,baseline,,307,ood_primary
88643075796,74470370,False,88717546166,11,baseline,,307,ood_primary
25150989201,80510079,False,25231499280,11,baseline,,307,ood_primary
42991492760,87269388,False,43078762148,11,baseline,,307,ood_primary
56713771509,93524331,False,56807295840,11,baseline,,307,ood_primary
21176461898,99357282,False,21275819180,11,baseline,,307,ood_primary
97710466691,76344867,False,97786811558,11,baseline,,307,ood_primary
17325839994,57157738,False,17382997732,11,baseline,,307,ood_primary
80600392114,69347832,False,80669739946,11,baseline,,307,ood_primary
79915489072,44170226,False,79959659298,11,baseline,,307,ood_primary
34538197825,62772695,False,34600970520,11,baseline,,307,ood_primary
19214243765,92923366,False,19307167131,11,baseline,,307,ood_primary
79255477645,57971289,False,79313448934,11,baseline,,307,ood_primary
16314416297,96215306,False,16410631603,11,baseline,,307,ood_primary
65144198504,58457785,False,65202656289,11,baseline,,307,ood_primary
30888233461,95435174,False,30983668635,11,baseline,,307,ood_primary
32326352005,77377481,False,32403729486,11,baseline,,307,ood_primary
59707115968,95330593,False,59802446561,11,baseline,,307,ood_primary
87411190230,60461610,False,87471651840,11,baseline,,307,ood_primary
91128041011,27004738,False,91155045749,11,baseline,,307,ood_primary
32429276,97794012505,False,97826441781,11,baseline,,307,ood_primary
84942552,94577101223,False,94662043775,11,baseline,,307,ood_primary
71790612,88851443219,False,88923233831,11,baseline,,307,ood_primary
82641624,77985585396,False,78068227020,11,baseline,,307,ood_primary
84136238,35630800066,False,35714936304,11,baseline,,307,ood_primary
46724090,29102101500,False,29148825590,11,baseline,,307,ood_primary
98594321,63770913714,False,63869508035,11,baseline,,307,ood_primary
30645279,31147628868,False,31178274147,11,baseline,,307,ood_primary
63600732,67957350690,False,68020951422,11,baseline,,307,ood_primary
94545714,98408298382,False,98502844096,11,baseline,,307,ood_primary
57877793,71110758044,False,71168635837,11,baseline,,307,ood_primary
27463419,25863057091,False,25890520510,11,baseline,,307,ood_primary
89975917,29197544483,False,29287520400,11,baseline,5000000000708,307,ood_primary
45644285,50722657853,False,50768302138,11,baseline,,307,ood_primary
65781897,68941729350,False,69007511247,11,baseline,,307,ood_primary
98162664,41818026174,False,41916188838,11,baseline,,307,ood_primary
29870880,97018653248,False,97048524128,11,baseline,,307,ood_primary
58797046,26109583654,False,26168380700,11,baseline,,307,ood_primary
20716857,38354456406,False,38375173263,11,baseline,,307,ood_primary
18159553,67095205940,False,67113365493,11,baseline,,307,ood_primary
82038160,60572198429,False,60654236589,11,baseline,,307,ood_primary
58065145,45496813993,False,45554879138,11,baseline,,307,ood_primary
30537388,60208252901,False,60238790289,11,baseline,,307,ood_primary
33995042,94344809359,False,94378804401,11,baseline,,307,ood_primary
58360581,64341536581,False,64399897162,11,baseline,,307,ood_primary
31038474,18622870953,False,18653909427,11,baseline,,307,ood_primary
32359995,42857116779,False,42889476774,11,baseline,9044445239718,307,ood_primary
72046224,84175103545,False,84247149769,11,baseline,,307,ood_primary
21502695,47815442585,False,47836945280,11,baseline,,307,ood_primary
32274868,45028123019,False,45060397887,11,baseline,,307,ood_primary
295745558876,8694503,False,295754253379,12,baseline,,307,ood_primary
257815655649,4358569,False,257820014218,12,baseline,,307,ood_primary
722913991572,7684428,False,722921676000,12,baseline,,307,ood_primary
459422140260,7121865,False,459429262125,12,baseline,,307,ood_primary
557616183478,5617236,False,557621800714,12,baseline,,307,ood_primary
562619506191,4982068,False,562624488259,12,baseline,,307,ood_primary
486397779211,2223778,False,486400002989,12,baseline,,307,ood_primary
150478005873,8871537,False,150486877410,12,baseline,,307,ood_primary
772728728424,6302788,False,772735031212,12,baseline,,307,ood_primary
826278498345,8946982,False,826287445327,12,baseline,,307,ood_primary
565025478365,3363307,False,565028841672,12,baseline,,307,ood_primary
388861979960,8054811,False,388870034771,12,baseline,,307,ood_primary
319860451168,8396931,False,319868848099,12,baseline,,307,ood_primary
672524616320,3695626,False,672528311946,12,baseline,,307,ood_primary
766366521103,8591408,False,766375112511,12,baseline,,307,ood_primary
883170806771,9190790,False,883179997561,12,baseline,,307,ood_primary
773727192859,7685446,False,773734878305,12,baseline,,307,ood_primary
581607444769,4794793,False,581612239562,12,baseline,,307,ood_primary
694660842605,8144898,False,694668987503,12,baseline,,307,ood_primary
480540996245,9082864,False,480550079109,12,baseline,,307,ood_primary
759980291166,8943326,False,759989234492,12,baseline,,307,ood_primary
141824079472,9832749,False,141833912221,12,baseline,,307,ood_primary
575289858808,2411637,False,575292270445,12,baseline,,307,ood_primary
279312598513,5298445,False,279317896958,12,baseline,,307,ood_primary
557214670015,2325527,False,557216995542,12,baseline,,307,ood_primary
104411270159,5196038,False,104416466197,12,baseline,,307,ood_primary
693966052889,2638636,False,693968691525,12,baseline,,307,ood_primary
178626015611,5921224,False,178631936835,12,baseline,,307,ood_primary
129869937698,1191795,False,129871129493,12,baseline,,307,ood_primary
233247124864,2979226,False,233250104090,12,baseline,,307,ood_primary
601307229545,3170976,False,601310400521,12,baseline,,307,ood_primary
657526233562,6085933,False,657532319495,12,baseline,,307,ood_primary
660782256413,8406340,False,660790662753,12,baseline,,307,ood_primary
901062656059,4481729,False,901067137788,12,baseline,,307,ood_primary
666220955100,3153183,False,666224108283,12,baseline,,307,ood_primary
976087988073,5095015,False,976093083088,12,baseline,,307,ood_primary
794386105,59349318208,False,60143704313,11,baseline,,307,ood_primary
756087011,53409312086,False,54165399097,11,baseline,,307,ood_primary
950500690,10238675905,False,11189176595,11,baseline,,307,ood_primary
490071913,69634875737,False,70124947650,11,baseline,,307,ood_primary
288472154,75151522681,False,75439994835,11,baseline,,307,ood_primary
449382142,34839241421,False,35288623563,11,baseline,,307,ood_primary
681475726,81987182018,False,82668657744,11,baseline,,307,ood_primary
675674064,24428395545,False,25104069609,11,baseline,,307,ood_primary
608777273,98803231207,False,99412008480,11,baseline,,307,ood_primary
191103853,43681649944,False,43872753797,11,baseline,,307,ood_primary
781363438,88570672774,False,89352036212,11,baseline,,307,ood_primary
483911341,57054518595,False,57538429936,11,baseline,,307,ood_primary
793946311,76720582677,False,77514528988,11,baseline,,307,ood_primary
710577576,33868579726,False,34579157302,11,baseline,,307,ood_primary
182782032,13976040837,False,14158822869,11,baseline,,307,ood_primary
798429814,76827731038,False,77626160852,11,baseline,,307,ood_primary
381705765,31311206766,False,31692912531,11,baseline,,307,ood_primary
209835928,73537006423,False,73746842351,11,baseline,,307,ood_primary
977978257,17843377919,False,18821356176,11,baseline,5889888700007,307,ood_primary
285984478,92310664102,False,92596648580,11,baseline,,307,ood_primary
208243034,42686916303,False,42895159337,11,baseline,,307,ood_primary
203341369,46828481595,False,47031822964,11,baseline,,307,ood_primary
529571925,27179387264,False,27708959189,11,baseline,,307,ood_primary
155438732,42673960555,False,42829399287,11,baseline,,307,ood_primary
630654762,32472105606,False,33102760368,11,baseline,,307,ood_primary
327320338,61621496558,False,61948816896,11,baseline,,307,ood_primary
960486206,38997742383,False,39958228589,11,baseline,9130130003330,307,ood_primary
942380965,89737167310,False,90679548275,11,baseline,9111322224000,307,ood_primary
393545618,11297806558,False,11691352176,11,baseline,,307,ood_primary
263421733,94065737789,False,94329159522,11,baseline,,307,ood_primary
598160979,54538703318,False,55136864297,11,baseline,,307,ood_primary
298685414,32628711366,False,32927396780,11,baseline,,307,ood_primary
797936640,59446473940,False,60244410580,11,baseline,9100009879090,307,ood_primary
290723910,88599402508,False,88890126418,11,baseline,,307,ood_primary
380174767,94367707142,False,94747881909,11,baseline,,307,ood_primary
708774845,10188138613,False,10896913458,11,baseline,,307,ood_primary
484183052,82492911687,False,82977094739,11,baseline,,307,ood_primary
506779467,49433527387,False,49940306854,11,baseline,,307,ood_primary
3284388774,80964414,False,3365353188,10,baseline,,307,ood_primary
9742609566,21594397,False,9764203963,10,baseline,122222477742,307,ood_primary
6029513395,63910696,False,6093424091,10,baseline,,307,ood_primary
6782094944,13363888,False,6795458832,10,baseline,,307,ood_primary
4357319169,57700093,False,4415019262,10,baseline,,307,ood_primary
8352723773,31792206,False,8384515979,10,baseline,,307,ood_primary
7635763356,96260537,False,7732023893,10,baseline,,307,ood_primary
9358905901,90804154,False,9449710055,10,baseline,900050053590,307,ood_primary
8091804683,79282475,False,8171087158,10,baseline,,307,ood_primary
7318551064,30662552,False,7349213616,10,baseline,,307,ood_primary
4482364166,80289066,False,4562653232,10,baseline,,307,ood_primary
4003191384,16218478,False,4019409862,10,baseline,,307,ood_primary
9581925347,82049512,False,9663974859,10,baseline,,307,ood_primary
3874940356,65729624,False,3940669980,10,baseline,,307,ood_primary
2589958512,98159609,False,2688118121,10,baseline,,307,ood_primary
4287160589,76230210,False,4363390799,10,baseline,,307,ood_primary
2592278322,61520266,False,2653798588,10,baseline,,307,ood_primary
7423704305,14899899,False,7438604204,10,baseline,,307,ood_primary
8317857998,34026992,False,8351884990,10,baseline,,307,ood_primary
8492364577,31517892,False,8523882469,10,baseline,,307,ood_primary
1974765022,37162823,False,2011927845,10,baseline,,307,ood_primary
6080729177,64113567,False,6144842744,10,baseline,,307,ood_primary
4085913947,79558712,False,4165472659,10,baseline,,307,ood_primary
9697249275,34510952,False,9731760227,10,baseline,901376000907,307,ood_primary
7800554137,72655471,False,7873209608,10,baseline,,307,ood_primary
7571293904,99688703,False,7670982607,10,baseline,,307,ood_primary
95656898,4069989,False,99726887,8,baseline,17178772226,307,ood_primary
84292752,8552066,False,92844818,8,baseline,15429848800,307,ood_primary
55018539,3701631,False,58720170,8,baseline,17795444422,307,ood_primary
80289666,5723500,False,86013166,8,baseline,19909999990,307,ood_primary
54621159,5337053,False,59958212,8,baseline,59687222946,307,ood_primary
71063476,8338567,False,79402043,8,baseline,93932300990,307,ood_primary
98106965,8887418,False,106994383,8,baseline,99839239419,307,ood_primary
81786572,3205154,False,84991726,8,baseline,98865326299,307,ood_primary
49402512,2140695,False,51543207,8,baseline,15465454664,307,ood_primary
12955415,8106484,False,21061899,8,baseline,61614555050,307,ood_primary
47520242,3137014,False,50657256,8,baseline,47570905996,307,ood_primary
60835321,9223514,False,70058835,8,baseline,50323545450,307,ood_primary
36120780,6787203,False,42907983,8,baseline,99973,307,ood_primary
11598947,9705809,False,21304756,8,baseline,97094,307,ood_primary
16457038,1007950,False,17464988,8,baseline,61134900414,307,ood_primary
33735106,8031427,False,41766533,8,baseline,67352033337,307,ood_primary
43562030,1079441,False,44641471,8,baseline,31394444992,307,ood_primary
98807199,5856013,False,104663212,8,baseline,18156555214,307,ood_primary
77461981,8274093,False,85736074,8,baseline,87384324838,307,ood_primary
27449060,4646474,False,32095534,8,baseline,81944444431,307,ood_primary
19119714,6165141,False,25284855,8,baseline,73755,307,ood_primary
17085392,9793138,False,26878530,8,baseline,18893,307,ood_primary
58822260,1373111,False,60195371,8,baseline,97923333392,307,ood_primary
80676343,1042060,False,81718403,8,baseline,06765466606,307,ood_primary
32713846,9891647,False,42605493,8,baseline,10034455030,307,ood_primary
87798597,6582488,False,94381085,8,baseline,14097290000,307,ood_primary
68869201,7359532,False,76228733,8,baseline,11101506521,307,ood_primary
48588076,2153782,False,50741858,8,baseline,97433390031,307,ood_primary
22473366,2734416,False,25207782,8,baseline,04037,307,ood_primary
601343328370,304590148957,False,905933477327,12,baseline,700113401014040,307,ood_primary
329576802979,197448939666,False,527025742645,12,baseline,923209669296676,307,ood_primary
544779955941,445087864255,False,989867820196,12,baseline,644447070447777,307,ood_primary
410685976852,728339850710,False,1139025827562,12,baseline,821107277106777,307,ood_primary
175436036689,581463638233,False,756899674922,12,baseline,377751465755637,307,ood_primary
805519199597,391440860705,False,1196960060302,12,baseline,100055165055161,307,ood_primary
252480073583,698422139441,False,950902213024,12,baseline,755224732223237,307,ood_primary
362986589492,282579969946,False,645566559438,12,baseline,166629796229697,307,ood_primary
443167026604,686261092259,False,1129428118863,12,baseline,044440000436660,307,ood_primary
349204729071,824060951777,False,1173265680848,12,baseline,144497000002002,307,ood_primary
590436928527,231697891712,False,822134820239,12,baseline,700004727756377,307,ood_primary
161300463191,124636367627,False,285936830818,12,baseline,166610001010010,307,ood_primary
771115225662,218829676312,False,989944901974,12,baseline,677711111111111,307,ood_primary
641263217179,971239952934,False,1612503170113,12,baseline,054512677116667,307,ood_primary
118680765741,793399484382,False,912080250123,12,baseline,111177760106060,307,ood_primary
781108122639,415610153691,False,1196718276330,12,baseline,988811011111101,307,ood_primary
961192338203,543834598936,False,1505026937139,12,baseline,766610001113232,307,ood_primary
320163154407,959883668732,False,1280046823139,12,baseline,722200000000666,307,ood_primary
761337041528,324311953485,False,1085648995013,12,baseline,766613722122272,307,ood_primary
548945867560,849783408747,False,1398729276307,12,baseline,644495000495000,307,ood_primary
231255560208,286238265497,False,517493825705,12,baseline,730222520012252,307,ood_primary
538404213618,590579503738,False,1128983717356,12,baseline,833334043090010,307,ood_primary
818129058781,871037287940,False,1689166346721,12,baseline,111182721811221,307,ood_primary
505571999823,278168589549,False,783740589372,12,baseline,500057825052222,307,ood_primary
761296541170,653092523337,False,1414389064507,12,baseline,666612601626660,307,ood_primary
685833801496,868771523320,False,1554605324816,12,baseline,488558454558333,307,ood_primary
225835158978,742571377054,False,968406536032,12,baseline,722227372258737,307,ood_primary
585013221670,1679280761,False,586692502431,12,baseline,77778560160560,307,ood_primary
724436678983,5985681899,False,730422360882,12,baseline,15424244444444,307,ood_primary
221707975205,2471873994,False,224179849199,12,baseline,02222207000000,307,ood_primary
463484501507,2734495050,False,466218996557,12,baseline,70366334404344,307,ood_primary
535340745169,5903629551,False,541244374720,12,baseline,00000550405054,307,ood_primary
897675308234,7542318894,False,905217627128,12,baseline,77777766737677,307,ood_primary
346585419726,4493191788,False,351078611514,12,baseline,76646465555656,307,ood_primary
375185588844,2829251295,False,378014840139,12,baseline,75762551045451,307,ood_primary
837747802161,9220262203,False,846968064364,12,baseline,17777774616766,307,ood_primary
691873865513,3148460448,False,695022325961,12,baseline,77700177677777,307,ood_primary
390822577355,7004105832,False,397826683187,12,baseline,50009903278003,307,ood_primary
405481019489,7265740829,False,412746760318,12,baseline,80005054490554,307,ood_primary
497922991248,9833722732,False,507756713980,12,baseline,18899977667732,307,ood_primary
835773960815,3761034229,False,839534995044,12,baseline,16666667071667,307,ood_primary
815052225103,1002494375,False,816054719478,12,baseline,00010000521000,307,ood_primary
358832590954,8815274936,False,367647865890,12,baseline,43395983353383,307,ood_primary
736478890550,4577781452,False,741056672002,12,baseline,06063664650650,307,ood_primary
110478726330,9732206021,False,120210932351,12,baseline,77010004700000,307,ood_primary
365950447779,5747498624,False,371697946403,12,baseline,70656559324595,307,ood_primary
423372451543,1615457798,False,424987909341,12,baseline,37722237079337,307,ood_primary
670300012444,1550591020,False,671850603464,12,baseline,47477003040004,307,ood_primary
973654706952,6464687063,False,980119394015,12,baseline,26777766525665,307,ood_primary
155480603091,5830253673,False,161310856764,12,baseline,15555550910550,307,ood_primary
395259401,7132876206,False,7528135607,10,baseline,,307,ood_primary
964973770,5818857670,False,6783831440,10,baseline,,307,ood_primary
628097771,5604030445,False,6232128216,10,baseline,,307,ood_primary
283074265,9878469359,False,10161543624,10,baseline,,307,ood_primary
943181410,9218884242,False,10162065652,10,baseline,,307,ood_primary
442995076,6931929654,False,7374924730,10,baseline,,307,ood_primary
819219563,3281036167,False,4100255730,10,baseline,,307,ood_primary
896013119,7646067826,False,8542080945,10,baseline,,307,ood_primary
998446067,9079510158,False,10077956225,10,baseline,9196909090000,307,ood_primary
891332189,7635874300,False,8527206489,10,baseline,,307,ood_primary
760238288,2219696713,False,2979935001,10,baseline,,307,ood_primary
369912178,4015734813,False,4385646991,10,baseline,,307,ood_primary
215481901,2886496268,False,3101978169,10,baseline,,307,ood_primary
415805168,3727686705,False,4143491873,10,baseline,,307,ood_primary
490149413,2676072053,False,3166221466,10,baseline,,307,ood_primary
643387197,8914218961,False,9557606158,10,baseline,,307,ood_primary
637558320,6548924886,False,7186483206,10,baseline,,307,ood_primary
134645614,3687872306,False,3822517920,10,baseline,,307,ood_primary
986666446,1073461417,False,2060127863,10,baseline,,307,ood_primary
758237828,7007504185,False,7765742013,10,baseline,,307,ood_primary
234058971,1792555284,False,2026614255,10,baseline,,307,ood_primary
924109995,7383564518,False,8307674513,10,baseline,,307,ood_primary
323847169,9910188432,False,10234035601,10,baseline,,307,ood_primary
104444354,6866286955,False,6970731309,10,baseline,,307,ood_primary
200329570,1507492421,False,1707821991,10,baseline,,307,ood_primary
357580884,4170922354,False,4528503238,10,baseline,,307,ood_primary
184508672,9038277007,False,9222785679,10,baseline,,307,ood_primary
282043941,9179813420,False,9461857361,10,baseline,,307,ood_primary
479217898,5024054487,False,5503272385,10,baseline,,307,ood_primary
131315352,1181387269,False,1312702621,10,baseline,,307,ood_primary
393864555,6908268162,False,7302132717,10,baseline,,307,ood_primary
767629139,9701777772,False,10469406911,10,baseline,,307,ood_primary
634218164,1829381428,False,2463599592,10,baseline,,307,ood_primary
945344756,3020057032,False,3965401788,10,baseline,,307,ood_primary
915989205,5545691839,False,6461681044,10,baseline,,307,ood_primary
553168370,9518125291,False,10071293661,10,baseline,,307,ood_primary
539290114,1635376395,False,2174666509,10,baseline,,307,ood_primary
143062608,9532822399,False,9675885007,10,baseline,,307,ood_primary
118488466,3567436215,False,3685924681,10,baseline,,307,ood_primary
50601084407,6043084,False,50607127491,11,baseline,,307,ood_primary
73666843372,8014415,False,73674857787,11,baseline,,307,ood_primary
58255109350,6956635,False,58262065985,11,baseline,9650000288555,307,ood_primary
77661476099,3838134,False,77665314233,11,baseline,,307,ood_primary
18755780479,1261685,False,18757042164,11,baseline,,307,ood_primary
83430817300,4585436,False,83435402736,11,baseline,,307,ood_primary
76493329203,9851955,False,76503181158,11,baseline,,307,ood_primary
47502826839,5732037,False,47508558876,11,baseline,,307,ood_primary
28760543062,5646809,False,28766189871,11,baseline,,307,ood_primary
69343560590,8066630,False,69351627220,11,baseline,,307,ood_primary
20677120197,6404084,False,20683524281,11,baseline,,307,ood_primary
88429167408,1146887,False,88430314295,11,baseline,,307,ood_primary
75703073700,3587903,False,75706661603,11,baseline,,307,ood_primary
87276485673,8184072,False,87284669745,11,baseline,,307,ood_primary
30539868958,8941413,False,30548810371,11,baseline,,307,ood_primary
75942796440,1266926,False,75944063366,11,baseline,,307,ood_primary
15322807435,2106737,False,15324914172,11,baseline,,307,ood_primary
97592480965,1279024,False,97593759989,11,baseline,,307,ood_primary
28118175635,8239509,False,28126415144,11,baseline,,307,ood_primary
68500175499,3033491,False,68503208990,11,baseline,,307,ood_primary
31273480674,9011348,False,31282492022,11,baseline,,307,ood_primary
92763988137,6409717,False,92770397854,11,baseline,,307,ood_primary
78168760759,2210476,False,78170971235,11,baseline,,307,ood_primary
36266805711,5409946,False,36272215657,11,baseline,,307,ood_primary
65504989123,5068003,False,65510057126,11,baseline,,307,ood_primary
19929344541,5374646,False,19934719187,11,baseline,,307,ood_primary
24450671282,6239356,False,24456910638,11,baseline,,307,ood_primary
72440984675,9881335,False,72450866010,11,baseline,,307,ood_primary
44404839726,5157327,False,44409997053,11,baseline,,307,ood_primary
36487874432,9466034,False,36497340466,11,baseline,,307,ood_primary
67220431901,2894784,False,67223326685,11,baseline,,307,ood_primary
79261144596,9179894,False,79270324490,11,baseline,,307,ood_primary
43171691047,9313584,False,43181004631,11,baseline,,307,ood_primary
41403049416,2905423,False,41405954839,11,baseline,,307,ood_primary
90614037628,7889369,False,90621926997,11,baseline,,307,ood_primary
4847626715,979437505524,False,984285132239,12,baseline,599989436044476,307,ood_primary
4846545694,720143822850,False,724990368544,12,baseline,771484466604666,307,ood_primary
7788063324,283567596010,False,291355659334,12,baseline,777777810718701,307,ood_primary
5771928972,109962586521,False,115734515493,12,baseline,277777110116110,307,ood_primary
2522643824,742127429846,False,744650073670,12,baseline,782552227022226,307,ood_primary
1281054773,869963579420,False,871244634193,12,baseline,792823821088811,307,ood_primary
5249480398,938149861915,False,943399342313,12,baseline,800220009490494,307,ood_primary
7318939710,609541741619,False,616860681329,12,baseline,166601000000100,307,ood_primary
7081991776,965725670083,False,972807661859,12,baseline,580808800098910,307,ood_primary
5381924381,587516343247,False,592898267628,12,baseline,703338400043015,307,ood_primary
3169298580,626670618287,False,629839916867,12,baseline,260060600066002,307,ood_primary
5876365433,717125065891,False,723001431324,12,baseline,777887767477667,307,ood_primary
1653632070,386497521760,False,388151153830,12,baseline,736666563365636,307,ood_primary
8318388614,834464193488,False,842782582102,12,baseline,822222283421183,307,ood_primary
1260419095,411826994050,False,413087413145,12,baseline,420262604406004,307,ood_primary
9615579745,292902419642,False,302517999387,12,baseline,622211152721156,307,ood_primary
6701929357,695760826995,False,702462756352,12,baseline,106777011000010,307,ood_primary
5380137527,950616977488,False,955997115015,12,baseline,703338300083900,307,ood_primary
5008719501,313823220608,False,318831940109,12,baseline,100000030030036,307,ood_primary
2301062911,853534650694,False,855835713605,12,baseline,931030010100010,307,ood_primary
2110813052,288251666065,False,290362479117,12,baseline,212111112221102,307,ood_primary
9215659204,824365762635,False,833581421839,12,baseline,712222156261156,307,ood_primary
3814422667,767850785553,False,771665208220,12,baseline,707071141411144,307,ood_primary
8030909692,820657407222,False,828688316914,12,baseline,203020300270000,307,ood_primary
2016680002,870510548214,False,872527228216,12,baseline,792111126721166,307,ood_primary
8639307722,139131229748,False,147770537470,12,baseline,260666962600006,307,ood_primary
3439272071,891044952225,False,894484224296,12,baseline,133444309533922,307,ood_primary
6728693821,205964208254,False,212692902075,12,baseline,222222269212266,307,ood_primary
7793004096,739258097553,False,747051101649,12,baseline,307770977600007,307,ood_primary
9648438824,553342616975,False,562991055799,12,baseline,746564444444444,307,ood_primary
6767482376,745422067422,False,752189549798,12,baseline,777777673466674,307,ood_primary
3834465895,720358607786,False,724193073681,12,baseline,748888356573446,307,ood_primary
9841733992,997911600641,False,1007753334633,12,baseline,159884427225527,307,ood_primary
7571499,94842694,False,102414193,8,baseline,19571222392,307,ood_primary
9856918,27333408,False,37190326,8,baseline,19025211220,307,ood_primary
4005783,19395580,False,23401363,8,baseline,14572222270,307,ood_primary
1053742,61590730,False,62644472,8,baseline,19244,307,ood_primary
1573775,75627518,False,77201293,8,baseline,56643122090,307,ood_primary
9730102,86429843,False,96159945,8,baseline,38330000934,307,ood_primary
3000594,24205924,False,27206518,8,baseline,53153738992,307,ood_primary
9411134,28062034,False,37473168,8,baseline,72775666572,307,ood_primary
4907879,42325074,False,47232953,8,baseline,93013444211,307,ood_primary
7499025,38479399,False,45978424,8,baseline,14781110166,307,ood_primary
3572349,81913246,False,85485595,8,baseline,41347222764,307,ood_primary
6441996,86420644,False,92862640,8,baseline,98429090915,307,ood_primary
1757462,92324284,False,94081746,8,baseline,90785455677,307,ood_primary
1199928,87056208,False,88256136,8,baseline,50598,307,ood_primary
9753128,37551957,False,47305085,8,baseline,90822777399,307,ood_primary
6149235,34735222,False,40884457,8,baseline,67353667860,307,ood_primary
1474210,78386762,False,79860972,8,baseline,18297677906,307,ood_primary
9321210,82742374,False,92063584,8,baseline,69653334569,307,ood_primary
59008583783,811944920,False,59820528703,11,baseline,,307,ood_primary
79417772242,898440430,False,80316212672,11,baseline,,307,ood_primary
50132205813,710995281,False,50843201094,11,baseline,,307,ood_primary
41300106739,204672459,False,41504779198,11,baseline,,307,ood_primary
97222962434,105761127,False,97328723561,11,baseline,,307,ood_primary
59518889381,796478553,False,60315367934,11,baseline,,307,ood_primary
76982702647,725093149,False,77707795796,11,baseline,,307,ood_primary
77320186678,117756004,False,77437942682,11,baseline,,307,ood_primary
33615895352,785710073,False,34401605425,11,baseline,,307,ood_primary
37897016999,963675363,False,38860692362,11,baseline,,307,ood_primary
58733351030,413867054,False,59147218084,11,baseline,,307,ood_primary
44016962352,279240605,False,44296202957,11,baseline,,307,ood_primary
85342506098,616979707,False,85959485805,11,baseline,,307,ood_primary
64926151321,570655051,False,65496806372,11,baseline,,307,ood_primary
32483268632,166598598,False,32649867230,11,baseline,,307,ood_primary
98828675864,635760172,False,99464436036,11,baseline,,307,ood_primary
30180737775,444987156,False,30625724931,11,baseline,,307,ood_primary
86725981028,555127450,False,87281108478,11,baseline,,307,ood_primary
44621165453,880615194,False,45501780647,11,baseline,,307,ood_primary
64202257270,902635787,False,65104893057,11,baseline,,307,ood_primary
28169048765,901562909,False,29070611674,11,baseline,,307,ood_primary
91540794092,455949911,False,91996744003,11,baseline,,307,ood_primary
73915470633,700956893,False,74616427526,11,baseline,,307,ood_primary
59166872391,196974661,False,59363847052,11,baseline,,307,ood_primary
1567298,57524640562,False,57526207860,11,baseline,4675900224335,307,ood_primary
4253185,70776801617,False,70781054802,11,baseline,5890122222110,307,ood_primary
5853678,68813257124,False,68819110802,11,baseline,9008577343425,307,ood_primary
8487405,63383091404,False,63391578809,11,baseline,1222222212110,307,ood_primary
6633577,41040360118,False,41046993695,11,baseline,9647333334348,307,ood_primary
8129180,41307582493,False,41315711673,11,baseline,5890122221229,307,ood_primary
2554418,45430300188,False,45432854606,11,baseline,3477888900998,307,ood_primary
7197247,29961936093,False,29969133340,11,baseline,2489456099873,307,ood_primary
5395602,67365415363,False,67370810965,11,baseline,4111121366392,307,ood_primary
2524901,63215603056,False,63218127957,11,baseline,6005444455661,307,ood_primary
5141323,83853821823,False,83858963146,11,baseline,1877000288800,307,ood_primary
2975004,54857786680,False,54860761684,11,baseline,8882115560040,307,ood_primary
3787943,84494044441,False,84497832384,11,baseline,7327788333322,307,ood_primary
3356424,10287735009,False,10291091433,11,baseline,9124555888972,307,ood_primary
8604683,67510436966,False,67519041649,11,baseline,1662110178200,307,ood_primary
2589638,60991725837,False,60994315475,11,baseline,9781999989886,307,ood_primary
7359576,44121575337,False,44128934913,11,baseline,1781888700309,307,ood_primary
9862334,79773277569,False,79783139903,11,baseline,5600444462200,307,ood_primary
7266389,58731389988,False,58738656377,11,baseline,1940004444444,307,ood_primary
5751524,59976798829,False,59982550353,11,baseline,9729992151114,307,ood_primary
4720093,92585107597,False,92589827690,11,baseline,9509007755573,307,ood_primary
76343504810,85200220522,False,161543725332,11,baseline,03066630000000,307,ood_primary
21941890991,20636004508,False,42577895499,11,baseline,10101910100091,307,ood_primary
86324566564,10062775185,False,96387341749,11,baseline,64766334476334,307,ood_primary
37402212437,44310156510,False,81712368947,11,baseline,77777732700300,307,ood_primary
87626754308,20818217390,False,108444971698,11,baseline,77777762627262,307,ood_primary
50423422478,93023655407,False,143447077885,11,baseline,71400442371432,307,ood_primary
42159837101,59086760285,False,101246597386,11,baseline,11112101010155,307,ood_primary
15292045415,97266477471,False,112558522886,11,baseline,95555600000000,307,ood_primary
50878104013,86450842814,False,137328946827,11,baseline,83300377073377,307,ood_primary
58617834864,32263862628,False,90881697492,11,baseline,77163661077161,307,ood_primary
93789482657,54732843790,False,148522326447,11,baseline,78883777277777,307,ood_primary
99259635982,35356577409,False,134616213391,11,baseline,77700036272626,307,ood_primary
12089437065,23106486243,False,35195923308,11,baseline,60020000055000,307,ood_primary
44662429722,18720327820,False,63382757542,11,baseline,26644662212662,307,ood_primary
70140707248,56664670185,False,126805377433,11,baseline,71110114701114,307,ood_primary
81868870958,39903693197,False,121772564155,11,baseline,88822886758876,307,ood_primary
6203711576,928551325,False,7132262901,10,baseline,,307,ood_primary
8098899557,128595036,False,8227494593,10,baseline,,307,ood_primary
8568015677,190520527,False,8758536204,10,baseline,,307,ood_primary
4718092691,817400565,False,5535493256,10,baseline,,307,ood_primary
5464610156,962797450,False,6427407606,10,baseline,,307,ood_primary
2411956841,201527161,False,2613484002,10,baseline,,307,ood_primary
5515103064,653448675,False,6168551739,10,baseline,,307,ood_primary
5465144846,579733202,False,6044878048,10,baseline,,307,ood_primary
5823660948,553332540,False,6376993488,10,baseline,,307,ood_primary
1390076586,166432524,False,1556509110,10,baseline,,307,ood_primary
5727576365,445900262,False,6173476627,10,baseline,,307,ood_primary
6914161478,740769759,False,7654931237,10,baseline,,307,ood_primary
8167283040,737699410,False,8904982450,10,baseline,,307,ood_primary
7143054420,406683706,False,7549738126,10,baseline,,307,ood_primary
5981470351,358219544,False,6339689895,10,baseline,,307,ood_primary
9658078704,380242781,False,10038321485,10,baseline,,307,ood_primary
1552968446,820146368,False,2373114814,10,baseline,,307,ood_primary
6446145218,316680339,False,6762825557,10,baseline,,307,ood_primary
1153958451,298312134,False,1452270585,10,baseline,,307,ood_primary
8358163181,389026313,False,8747189494,10,baseline,,307,ood_primary
1142578688,328534350,False,1471113038,10,baseline,,307,ood_primary
6150706802,568667718,False,6719374520,10,baseline,,307,ood_primary
8456965461,900626381,False,9357591842,10,baseline,,307,ood_primary
1808341050,454400582,False,2262741632,10,baseline,,307,ood_primary
7928963023,238752790,False,8167715813,10,baseline,,307,ood_primary
2933086658,668328418,False,3601415076,10,baseline,,307,ood_primary
8247024773,487160337,False,8734185110,10,baseline,,307,ood_primary
8023374922,790080621,False,8813455543,10,baseline,,307,ood_primary
24152368708,6375276889,False,30527645597,11,baseline,72211111577011,307,ood_primary
57730598906,3937699942,False,61668298848,11,baseline,97777777000777,307,ood_primary
79293727946,1575048942,False,80868776888,11,baseline,68000000000020,307,ood_primary
68217695568,5924114490,False,74141810058,11,baseline,,307,ood_primary
91653967127,2117276174,False,93771243301,11,baseline,66661166672766,307,ood_primary
16627848160,4971883565,False,21599731725,11,baseline,,307,ood_primary
58175892695,8199295366,False,66375188061,11,baseline,12221111797011,307,ood_primary
36652444143,9926035075,False,46578479218,11,baseline,,307,ood_primary
71829894568,3383139663,False,75213034231,11,baseline,,307,ood_primary
30003352613,6183246036,False,36186598649,11,baseline,,307,ood_primary
57605483268,7957560858,False,65563044126,11,baseline,77777776000666,307,ood_primary
51405768199,9858844598,False,61264612797,11,baseline,91514149000904,307,ood_primary
14852918548,2191253098,False,17044171646,11,baseline,,307,ood_primary
96301270229,9318368532,False,105619638761,11,baseline,97076663000030,307,ood_primary
13800327388,4801604563,False,18601931951,11,baseline,,307,ood_primary
15935599424,4751493084,False,20687092508,11,baseline,,307,ood_primary
61103160510,4741107641,False,65844268151,11,baseline,,307,ood_primary
62074657823,2981059950,False,65055717773,11,baseline,,307,ood_primary
69591167457,6257889906,False,75849057363,11,baseline,66666050001656,307,ood_primary
64965271111,5025595681,False,69990866792,11,baseline,10000006611606,307,ood_primary
86270241350,2783802240,False,89054043590,11,baseline,70776627000027,307,ood_primary
17272477663,6844863570,False,24117341233,11,baseline,,307,ood_primary
91468064494,1836371339,False,93304435833,11,baseline,91410104634040,307,ood_primary
57302426431,5937709487,False,63240135918,11,baseline,,307,ood_primary
39110699254,8833519538,False,47944218792,11,baseline,85154450004111,307,ood_primary
61536319404,4874574451,False,66410893855,11,baseline,,307,ood_primary
16702236565,3096774807,False,19799011372,11,baseline,,307,ood_primary
44067966363,4675583826,False,48743550189,11,baseline,70000000670000,307,ood_primary
76063893290,4167972647,False,80231865937,11,baseline,97000606060606,307,ood_primary
36279287700,5323057001,False,41602344701,11,baseline,,307,ood_primary
63242291268,1997721659,False,65240012927,11,baseline,,307,ood_primary
24193675063,2113797061,False,26307472124,11,baseline,,307,ood_primary
19970502,7263101805,False,7283072307,10,baseline,133600016679,307,ood_primary
43986768,6578011946,False,6621998714,10,baseline,140000001664,307,ood_primary
66713629,4964961615,False,5031675244,10,baseline,177761712771,307,ood_primary
86159048,5289927941,False,5376086989,10,baseline,200222222228,307,ood_primary
77254060,9117006225,False,9194260285,10,baseline,111111161221,307,ood_primary
86379594,3856127782,False,3942507376,10,baseline,803444444447,307,ood_primary
49066553,3208357050,False,3257423603,10,baseline,640139133309,307,ood_primary
89302162,7110819376,False,7200121538,10,baseline,923000036600,307,ood_primary
33127878,9311639697,False,9344767575,10,baseline,999999441115,307,ood_primary
78729668,3360960313,False,3439689981,10,baseline,163990888783,307,ood_primary
55602611,5872442634,False,5928045245,10,baseline,558883456669,307,ood_primary
78573619,4621761571,False,4700335190,10,baseline,,307,ood_primary
77878538,5763780912,False,5841659450,10,baseline,139990004445,307,ood_primary
37637870,6507262084,False,6544899954,10,baseline,,307,ood_primary
69688023,7771159067,False,7840847090,10,baseline,148948888880,307,ood_primary
86822106,3215560156,False,3302382262,10,baseline,133393999962,307,ood_primary
7982543,497796417962,False,497804400505,12,baseline,93666667820056,307,ood_primary
1795182,800778210938,False,800780006120,12,baseline,98766610950126,307,ood_primary
5210328,218045246898,False,218050457226,12,baseline,90111993299410,307,ood_primary
7115703,449370119788,False,449377235491,12,baseline,39905516665000,307,ood_primary
4796326,406096557716,False,406101354042,12,baseline,76011150013269,307,ood_primary
7485479,427051740890,False,427059226369,12,baseline,90949151113259,307,ood_primary
9868499,678140589457,False,678150457956,12,baseline,91888854447098,307,ood_primary
3202864,286825885756,False,286829088620,12,baseline,71010009009000,307,ood_primary
6097241,765941482538,False,765947579779,12,baseline,52790056654368,307,ood_primary
4876095,388180201483,False,388185077578,12,baseline,95988966665878,307,ood_primary
4605432,211737448687,False,211742054119,12,baseline,91882212127122,307,ood_primary
8149885,923672566115,False,923680716000,12,baseline,95662387723011,307,ood_primary
5168857,154938939688,False,154944108545,12,baseline,52768611223876,307,ood_primary
8437572,635053971573,False,635062409145,12,baseline,54444996772273,307,ood_primary
8399145,415139149212,False,415147548357,12,baseline,40000041114000,307,ood_primary
6665232,500190507980,False,500197173212,12,baseline,81777766665617,307,ood_primary
4656911,892115326582,False,892119983493,12,baseline,67777884489827,307,ood_primary
4368359,328306878489,False,328311246848,12,baseline,82101060992221,307,ood_primary
6953256,241883152589,False,241890105845,12,baseline,91444770994513,307,ood_primary
3458175,335424161287,False,335427619462,12,baseline,95223019934223,307,ood_primary
6431290,994703637272,False,994710068562,12,baseline,99900783326890,307,ood_primary
8854709,363706066842,False,363714921551,12,baseline,98333991218112,307,ood_primary
7318860211860,9653758230011701,False,9661077090223561,16,baseline,606716666666162670,307,ood_long
9511989831594,7451643792137243,False,7461155781968837,16,baseline,999899999966999999,307,ood_long
7365234156506,9657248694505732,False,9664613928662238,16,baseline,644666662666656226,307,ood_long
6327619828282,4703150476685874,False,4709478096514156,16,baseline,922222222622222279,307,ood_long
9395580895718,8095994669325015,False,8105390250220733,16,baseline,151600000000000505,307,ood_long
7543580696804,5370846246881775,False,5378389827578579,16,baseline,667655556656555252,307,ood_long
5290556782488,3585271589783000,False,3590562146565488,16,baseline,666662666622666560,307,ood_long
4519160936300,7847717925489467,False,7852237086425767,16,baseline,060555566010160010,307,ood_long
1146475366276,1581667542379533,False,1582814017745809,16,baseline,666666666666666647,307,ood_long
6701836087792,3714401576531366,False,3721103412619158,16,baseline,677676677777600001,307,ood_long
3660941044385,8715008503511948,False,8718669444556333,16,baseline,804666040606041000,307,ood_long
4211397283808,4105578248695559,False,4109789645979367,16,baseline,727722277777272727,307,ood_long
42057105021025739487,55270546820397,False,42057160291572559884,20,baseline,6222222000121102222010,307,ood_long
34264068238238150760,84590181465125,False,34264152828419615885,20,baseline,2260272760000062337770,307,ood_long
86273087831289129194,12382951030446,False,86273100214240159640,20,baseline,1711171700000010212000,307,ood_long
10264468235456460362,56221787963777,False,10264524457244424139,20,baseline,6664666664646464626666,307,ood_long
55243765436911172468,70252018499976,False,55243835688929672444,20,baseline,6556766666666766666666,307,ood_long
59670071240283851963,94987828970718,False,59670166228112822681,20,baseline,7606067770000000000000,307,ood_long
83725406304507739642,80661292510279,False,83725486965800249921,20,baseline,6331537151050514330000,307,ood_long
10625255203051679775,87238276595327,False,10625342441328275102,20,baseline,6666666662526666666666,307,ood_long
73275816660173803559,86990325015371,False,73275903650498818930,20,baseline,6222222226266662222622,307,ood_long
42303060933428930097,42087657439571,False,42303103021086369668,20,baseline,2221022200000002222220,307,ood_long
68540866125967504446,98440708053621,False,68540964566675558067,20,baseline,6666666666060666666666,307,ood_long
13092481548072092078,95101778843791,False,13092576649850935869,20,baseline,1111111000400010000000,307,ood_long
51219218654431815147,81648181789622,False,51219300302613604769,20,baseline,1212121222222222222222,307,ood_long
45471646398267269923,59062103234560,False,45471705460370504483,20,baseline,6455555554606464556464,307,ood_long
66128217159327185844,47295012594968,False,66128264454339780812,20,baseline,6122222222222222622222,307,ood_long
33538133366355407538,98707599217425,False,33538232073954624963,20,baseline,6333333332373333333733,307,ood_long
57903788868826034227,25221773817247,False,57903814090599851474,20,baseline,7788777777777778988777,307,ood_long
54953482206646732259,22195725390928,False,54953504402372123187,20,baseline,6454545555424444444572,307,ood_long
76804046789414199570,63857996467355,False,76804110647410666925,20,baseline,6656565600000464647000,307,ood_long
11999335855599539077,72033200407314,False,11999407888799946391,20,baseline,9444455444400094994004,307,ood_long
38501262665170,75770833405927756592,False,75770871907190421762,20,baseline,6262626262626266666666,307,ood_long
97157466986615,54414355718450552023,False,54414452875917538638,20,baseline,6657677656060656676666,307,ood_long
20452769177688,58450303944008065922,False,58450324396777243610,20,baseline,6767676767677676677776,307,ood_long
17057894948507,48235421508307181737,False,48235438566202130244,20,baseline,0007170000007070000000,307,ood_long
84249982024546,47116602738162301927,False,47116686988144326473,20,baseline,6222222222222222222222,307,ood_long
52115148212777,63395402270148834962,False,63395454385297047739,20,baseline,7555525551242455556255,307,ood_long
28260708275566,38935746887026461824,False,38935775147734737390,20,baseline,6222222220707022222202,307,ood_long
62023638321828,80104448580429022775,False,80104510604067344603,20,baseline,2233333337373332222737,307,ood_long
78543974249473,14883349162727737541,False,14883427706701987014,20,baseline,7577777747474745555756,307,ood_long
63549662436979,73871716662811918786,False,73871780212474355765,20,baseline,6666666662666666666666,307,ood_long
63942123814895,16419205643400804180,False,16419269585524619075,20,baseline,1222222222222222222222,307,ood_long
35432160908869,49777888804609570241,False,49777924236770479110,20,baseline,9555555562101262552606,307,ood_long
79649872056575,23509296741717497600,False,23509376391589554175,20,baseline,6777777727276777777777,307,ood_long
52603217780758,79311130324815725364,False,79311182928033506122,20,baseline,7222222222222222222222,307,ood_long
16436630802510,94563548484394474800,False,94563564921025277310,20,baseline,1666666360606066363006,307,ood_long
95632743448808,21957385195826989639,False,21957480828570438447,20,baseline,7555555444447444545344,307,ood_long
18081022367338,20229773642846728694,False,20229791723869096032,20,baseline,2222222222202112122222,307,ood_long
67211193139213,93796592338344609128,False,93796659549537748341,20,baseline,1261122221011111222222,307,ood_long
18543240234696,10480026238814534031,False,10480044782054768727,20,baseline,1511111141301111515011,307,ood_long
46339672963528,34228596077326530850,False,34228642416999494378,20,baseline,6667767727266676367777,307,ood_long
16023225082003,28841033557754911099,False,28841049580979993102,20,baseline,6222222222222222222222,307,ood_long
99862575328001743208,8985319900094,False,99862584313321643302,20,baseline,6666667666656666667666,307,ood_long
41768023637705543097,5842121921610,False,41768029479827464707,20,baseline,7161717172000070677777,307,ood_long
84915450206699591050,6399929330706,False,84915456606628921756,20,baseline,5555555555555555555555,307,ood_long
13176021090692831148,9269799988899,False,13176030360492820047,20,baseline,1111111010100060111100,307,ood_long
20073198813127901035,2178328275756,False,20073200991456176791,20,baseline,2000000000010210000000,307,ood_long
79167424417272130901,9354158627273,False,79167433771430758174,20,baseline,7253562474444744445724,307,ood_long
17836676125609764409,1482225650898,False,17836677607835415307,20,baseline,6777777777666666677767,307,ood_long
33001755213596840643,6949924551302,False,33001762163521391945,20,baseline,0333433353565653333006,307,ood_long
99118435739797734056,3649172176334,False,99118439388969910390,20,baseline,7555566654444744455105,307,ood_long
71599940466558035232,5855431083698,False,71599946321989118930,20,baseline,5151515151000000900000,307,ood_long
76910725967120536920,9295909577046,False,76910735263030113966,20,baseline,6262722227272726222272,307,ood_long
32811245114686660397,6383523090379,False,32811251498209750776,20,baseline,6224242524242424242424,307,ood_long
72993991568602993487,4730425019106,False,72993996299028012593,20,baseline,6222222220000300900000,307,ood_long
46514672840098138734,2387292074740,False,46514675227390213474,20,baseline,0666676666727777655677,307,ood_long
67573441904395621715,9765498093684,False,67573451669893715399,20,baseline,9564545555544444455745,307,ood_long
47322210425596007002,6754262739811,False,47322217179858746813,20,baseline,5721572222222120223222,307,ood_long
37664759759689839578,7065535262017,False,37664766825225101595,20,baseline,6666666666600475767666,307,ood_long
69800976685497188195,2987668503347,False,69800979673165691542,20,baseline,6777777777777777788877,307,ood_long
89768832642176135748,1544981439893,False,89768834187157575641,20,baseline,6333483337232373444472,307,ood_long
66732290384436464107,5386727653870,False,66732295771164117977,20,baseline,3666666662222222626222,307,ood_long
76146310135362482597,2879072501249,False,76146313014434983846,20,baseline,6161261616022226261222,307,ood_long
78955800718598664,45868405435432,False,79001669124034096,17,baseline,5109000090000505555,307,ood_long
52244150535949467,57600031044754,False,52301750566994221,17,baseline,9522525522552255444,307,ood_long
17696219094897602,84045092481758,False,17780264187379360,17,baseline,9111111111112210611,307,ood_long
60046141991913948,99039550819619,False,60145181542733567,17,baseline,1500000000000000000,307,ood_long
53189948642974287,63661696001618,False,53253610338975905,17,baseline,1434346161545509400,307,ood_long
35095716967443006,86184600588864,False,35181901568031870,17,baseline,9555566605677652600,307,ood_long
95009027651283765,28809378075657,False,95037837029359422,17,baseline,6255555226000000000,307,ood_long
15900880708445187,48351984607239,False,15949232693052426,17,baseline,1000090110000000000,307,ood_long
20627758591314763,74580335733125,False,20702338927047888,17,baseline,1660666666667677767,307,ood_long
71289114420804886,75111096308117,False,71364225517113003,17,baseline,0111111111141010000,307,ood_long
55075167822416665,42370235889052,False,55117538058305717,17,baseline,6655556666667166666,307,ood_long
75546099937066457,90618736384914,False,75636718673451371,17,baseline,6555556665606066666,307,ood_long
76940938795194645,43183614736642,False,76984122409931287,17,baseline,1466925266000005100,307,ood_long
13599381842016551,58878102323789,False,13658259944340340,17,baseline,1111111111122222111,307,ood_long
79143847212277161,82107617816069,False,79225954830093230,17,baseline,7556555676554472777,307,ood_long
59438953992047260,93285775180601,False,59532239767227861,17,baseline,6666666676655968644,307,ood_long
2954535302736697,26273106930217,False,2980808409666914,16,baseline,956555567765555566,307,ood_long
7402918022081246,75356995292015,False,7478275017373261,16,baseline,121045111200202100,307,ood_long
5203383349371078,83769893463270,False,5287153242834348,16,baseline,942224240200044333,307,ood_long
9038578460102686,43586502193254,False,9082164962295940,16,baseline,674000000007470666,307,ood_long
2614237736725024,36784389362136,False,2651022126087160,16,baseline,777777777277737773,307,ood_long
7945587636303139,63298532198447,False,8008886168501586,16,baseline,677777777777766666,307,ood_long
4235012065834695,49411297172656,False,4284423363007351,16,baseline,922222266226222005,307,ood_long
9338388511639796,45080853878070,False,9383469365517866,16,baseline,766333333333537033,307,ood_long
4232310201272050,50361377103014,False,4282671578375064,16,baseline,212222212222221312,307,ood_long
9294208458510185,33094366110281,False,9327302824620466,16,baseline,152225216260000211,307,ood_long
2955051587429193,35408051760017,False,2990459639189210,16,baseline,176652677227555122,307,ood_long
1372594842978466244,28270307184854,False,1372623113285651098,19,baseline,164646164445051461727,307,ood_long
7616131392290772514,28333848619874,False,7616159726139392388,19,baseline,066136261323233366672,307,ood_long
3037418132598512825,43871918431530,False,3037462004516944355,19,baseline,000000002221040403330,307,ood_long
1460578106103845901,71257364328076,False,1460649363468173977,19,baseline,616661616060666666666,307,ood_long
1539451589543799277,13746907334411,False,1539465336451133688,19,baseline,961516151510515151515,307,ood_long
3585824561256710958,81864126089920,False,3585906425382800878,19,baseline,655555555552424243343,307,ood_long
7803183637876769233,51420174955951,False,7803235058051725184,19,baseline,777737777377777777777,307,ood_long
6594940547295421277,43823980911381,False,6594984371276332658,19,baseline,555555550505000040000,307,ood_long
8202510181652288974,44865406501509,False,8202555047058790483,19,baseline,222222221115161112222,307,ood_long
5179365391218148219,81283725730740,False,5179446674943878959,19,baseline,156666665666666666666,307,ood_long
2780101915800905735,81436930816578,False,2780183352731722313,19,baseline,011111111111010112222,307,ood_long
296102065210323254,7298205973578634,False,303400271183901888,18,baseline,21222212122022222222,307,ood_long
208888542259330946,7167019583885000,False,216055561843215946,18,baseline,25050005052555090000,307,ood_long
101517842835004275,2889885897849649,False,104407728732853924,18,baseline,01407014052374010100,307,ood_long
192093965227112180,8898519827313980,False,200992485054426160,18,baseline,26397272632373999990,307,ood_long
370216483969106399,8822417739278295,False,379038901708384694,18,baseline,64447474444064444444,307,ood_long
884711022716939452,7067769630727840,False,891778792347667292,18,baseline,11112112111111111212,307,ood_long
844282605473538981,3054715275959260,False,847337320749498241,18,baseline,26226262222222223322,307,ood_long
522547989383715070,2203992112204182,False,524751981495919252,18,baseline,62777777777777722227,307,ood_long
589520010288916901,6424427541519114,False,595944437830436015,18,baseline,61111111001001010000,307,ood_long
853605868969162380,2120953029830758,False,855726821998993138,18,baseline,65555555606011616776,307,ood_long
189427748881890539,1744938012497176,False,191172686894387715,18,baseline,77777777777777777777,307,ood_long
134511720590981331,7295579532770451,False,141807300123751782,18,baseline,12227222222272222222,307,ood_long
571254888457139461,1149364593505386,False,572404253050644847,18,baseline,54445555555055455555,307,ood_long
74811436592000238,6670460758607878,False,81481897350608116,17,baseline,6444447474444414144,307,ood_long
41424762256448169,2735959872936016,False,44160722129384185,17,baseline,6666676662626766666,307,ood_long
12525670908433961,3832465809881822,False,16358136718315783,17,baseline,9262727272260666662,307,ood_long
59495600519087786,4126422807966347,False,63622023327054133,17,baseline,6505066050656566555,307,ood_long
27122076711737610,6046881952702758,False,33168958664440368,17,baseline,2777777777777777777,307,ood_long
55191912364735675,2905570464657326,False,58097482829393001,17,baseline,6555555610221016155,307,ood_long
21074426933614491,1374306615811849,False,22448733549426340,17,baseline,6222424132424246413,307,ood_long
20328313164844535,8203667682275930,False,28531980847120465,17,baseline,1222212222323232333,307,ood_long
85389951957031834,7256864149577100,False,92646816106608934,17,baseline,6555555555500000033,307,ood_long
73745505668080448,5778227116357061,False,79523732784437509,17,baseline,6666666666565666677,307,ood_long
17187281748198975,8586695781145630,False,25773977529344605,17,baseline,1112121122222222111,307,ood_long
69085682565420388,1912762218702558,False,70998444784122946,17,baseline,6667777776666666666,307,ood_long
66676872704965393,3880409008955066,False,70557281713920459,17,baseline,5666666667727777666,307,ood_long
82736977807139274,9771746567515954,False,92508724374655228,17,baseline,2777777777777777777,307,ood_long
31972553586355506,2372335823406507,False,34344889409762013,17,baseline,6555565655555555555,307,ood_long
32254954952390696,3642288256149909,False,35897243208540605,17,baseline,9525266252555564522,307,ood_long
28737823516051196,2058068078150896,False,30795891594202092,17,baseline,6222222222222222222,307,ood_long
14914140307271147,5135663268823544,False,20049803576094691,17,baseline,2111111111010111111,307,ood_long
69988300927928611,2489570117241732,False,72477871045170343,17,baseline,2000000000020271000,307,ood_long
78512316749614629,8251537783257855,False,86763854532872484,17,baseline,6662226262222226255,307,ood_long
342831229222133454,970249700685388,False,343801478922818842,18,baseline,22222222222222222222,307,ood_long
570289885356793441,665559677055952,False,570955445033849393,18,baseline,67777777700000000000,307,ood_long
700661635956776123,240978403407052,False,700902614360183175,18,baseline,60000000666606660000,307,ood_long
979621432605408312,510525840152914,False,980131958445561226,18,baseline,04444454544102444444,307,ood_long
133485132207365635,340943131146207,False,133826075338511842,18,baseline,62661616226266666666,307,ood_long
190812348016056403,165494721881305,False,190977842737937708,18,baseline,04242757440231141400,307,ood_long
772797035619404406,371238324392353,False,773168273943796759,18,baseline,67777772727070772222,307,ood_long
413401141632861588,633213043382136,False,414034354676243724,18,baseline,61411111410101214343,307,ood_long
602109073821458051,258870812861121,False,602367944634319172,18,baseline,60000001102000101012,307,ood_long
899507597244580537,338411680414256,False,899846008924994793,18,baseline,66666666666076766777,307,ood_long
454033746599209464,379702249901045,False,454413448849110509,18,baseline,95555555744474344454,307,ood_long
721630951118553849,333266278766981,False,721964217397320830,18,baseline,12211616101000060111,307,ood_long
915004647819127291,974351773028476,False,915978999592155767,18,baseline,16656516560001464550,307,ood_long
266720058746828616,750578055144270,False,267470636801972886,18,baseline,76611161612120211667,307,ood_long
634380307891449395,687921992231010,False,635068229883680405,18,baseline,13333333300000003333,307,ood_long
740916433147120745,757623392161293,False,741674056539282038,18,baseline,14444445444461614000,307,ood_long
929074770013748280,158125158339150,False,929232895172087430,18,baseline,67274777700470474929,307,ood_long
776059018356689326,687824007129064,False,776746842363818390,18,baseline,66661666606056566666,307,ood_long
905619656896041539,781091421795555,False,906400748317837094,18,baseline,66666666666060666666,307,ood_long
216089523821465041,350973588804384,False,216440497410269425,18,baseline,66666666662525666666,307,ood_long
883534741256857790,636770811178109,False,884171512068035899,18,baseline,67474747474447464334,307,ood_long
370711710978973300,293663039526967,False,371005374018500267,18,baseline,67777777771017122700,307,ood_long
778870900430109699,962343073586703,False,779833243503696402,18,baseline,10710777000000000010,307,ood_long
463163544931477621,990253427605076,False,464153798359082697,18,baseline,64644646444446444464,307,ood_long
94743531742126168111,361997019589159,False,94743893739145757270,20,baseline,6444444652266667772666,307,ood_long
47550656003386161506,167772034821070,False,47550823775420982576,20,baseline,6565656566666565656665,307,ood_long
32121095622408764841,741337823593481,False,32121836960232358322,20,baseline,6222225200120122222222,307,ood_long
78405296465263324605,525737917046453,False,78405822203180371058,20,baseline,2622626262222627777277,307,ood_long
55754978076896406494,924707937210124,False,55755902784833616618,20,baseline,6777777777777766777776,307,ood_long
60656959066795925676,971991455303587,False,60657931058251229263,20,baseline,6506565655555506656566,307,ood_long
37550893225551500004,501254278550963,False,37551394479830050967,20,baseline,6247272500000566666666,307,ood_long
28432974054986030635,964927304031715,False,28433938982290062350,20,baseline,1477777474747474747474,307,ood_long
73459409874313403666,398634539843532,False,73459808508853247198,20,baseline,1431430504040433330003,307,ood_long
81665335755678179898,473059304163325,False,81665808814982343223,20,baseline,7474746644364646660646,307,ood_long
12345368634813920906,564996910076628,False,12345933631723997534,20,baseline,2677776767777777777777,307,ood_long
48805228754244673751,717789430600054,False,48805946543675273805,20,baseline,2222222222222222222222,307,ood_long
29560875398624332220,176763685758188,False,29561052162310090408,20,baseline,2778777767777777777777,307,ood_long
14485900241377623605,212546293230489,False,14486112787670854094,20,baseline,1111110100001011100001,307,ood_long
81714093538541707928,545517965597679,False,81714639056507305607,20,baseline,1111110100000101100001,307,ood_long
79276165597553258991,378218332709275,False,79276543815885968266,20,baseline,6777777666666277776667,307,ood_long
24197854174168560354,238415386154817,False,24198092589554715171,20,baseline,1555665555175555555555,307,ood_long
62382972725905630190,606731374969277,False,62383579457280599467,20,baseline,6277727272727722227272,307,ood_long
91913841849633664409,214077455847561,False,91914055927089511970,20,baseline,6555555544444444544444,307,ood_long
37526799354330010678,609455205815300,False,37527408809535825978,20,baseline,0707777070707777777777,307,ood_long
37103091963174242374,640965613003556,False,37103732928787245930,20,baseline,1010101000000011101010,307,ood_long
8184644746361,13236363281077855166,False,13236371465722601527,20,baseline,6155515155445564641474,307,ood_long
4645095290852,60016049098214942737,False,60016053743310233589,20,baseline,6565656565552555555555,307,ood_long
3601802802215,91354781851108319743,False,91354785452911121958,20,baseline,2626222222220202220222,307,ood_long
6044929579541,44149081559694157581,False,44149087604623737122,20,baseline,6000000050002226100000,307,ood_long
2691317985258,30948479589778133845,False,30948482281096119103,20,baseline,7222222277772222222227,307,ood_long
8236553174920,66338971830423907695,False,66338980066977082615,20,baseline,6222527266525266622262,307,ood_long
5656284391740,67722030049352994670,False,67722035705637386410,20,baseline,0555555555544444555545,307,ood_long
4075070087706,86342850625602055480,False,86342854700672143186,20,baseline,6000000070707000000000,307,ood_long
2530075056895,58693923020282105223,False,58693925550357162118,20,baseline,5555522255602622222226,307,ood_long
7789055931455,32282398919853365986,False,32282406708909297441,20,baseline,5656565655555555555555,307,ood_long
1339997215700,91494062921960130422,False,91494064261957346122,20,baseline,6262666622226000022202,307,ood_long
8027478573794,42982240430693976953,False,42982248458172550747,20,baseline,7777777777777777777777,307,ood_long
2015876437834,17821487960788698118,False,17821489976665135952,20,baseline,7676777767777777777777,307,ood_long
6220663753747,26852958513253887801,False,26852964733917641548,20,baseline,7262772727777777722277,307,ood_long
4497426278903,50322694278710672531,False,50322698776136951434,20,baseline,7262676726222626333972,307,ood_long
488665268493023,833720566785061606,False,834209232053554629,18,baseline,62666666666656566776,307,ood_long
514523265165288,244144144807177395,False,244658668072342683,18,baseline,65625626252232626262,307,ood_long
278230293045122,130406192044538827,False,130684422337583949,18,baseline,12222122222202022222,307,ood_long
898084097438197,416130249393186865,False,417028333490625062,18,baseline,15151616150505151555,307,ood_long
431043134796979,702821319620240271,False,703252362755037250,18,baseline,93333334314333333333,307,ood_long
560350380132244,294916853311345179,False,295477203691477423,18,baseline,26060670000002060000,307,ood_long
277885107855809,112294231792678841,False,112572116900534650,18,baseline,51211212151515151222,307,ood_long
779773748449358,729973009706621622,False,730752783455070980,18,baseline,77747477474747474747,307,ood_long
166376141293949,940814335655477911,False,940980711796771860,18,baseline,96616161666060616666,307,ood_long
110824931329420,879381066515288939,False,879491891446618359,18,baseline,91241422404444424202,307,ood_long
819874366696992,974076396784982097,False,974896271151679089,18,baseline,67475777474474748418,307,ood_long
431639422773082,711945930632305417,False,712377570055078499,18,baseline,73343434344433433333,307,ood_long
801023774384413,141596454895571736,False,142397478669956149,18,baseline,77777777777777777777,307,ood_long
515636044584431,383532021102646913,False,384047657147231344,18,baseline,41514165160606064555,307,ood_long
482774373382118,921495124752882316,False,921977899126264434,18,baseline,73444747444444444434,307,ood_long
635930885444267,933125761801397715,False,933761692686841982,18,baseline,60000000000000000000,307,ood_long
3392217109599627381,693350677934963115,False,4085567787534590496,19,baseline,166222222222222222222,307,ood_long
9360181393919583821,440494201282019496,False,9800675595201603317,19,baseline,172222222222233222223,307,ood_long
4621810817031658730,130679792373342600,False,4752490609405001330,19,baseline,106021010010202200022,307,ood_long
3858700104901116493,381029753254711515,False,4239729858155828008,19,baseline,101000000000000000000,307,ood_long
6060795468746733861,710489723017444493,False,6771285191764178354,19,baseline,156656000666666666666,307,ood_long
6185927321445697536,565945253449663274,False,6751872574895360810,19,baseline,277772727772666777776,307,ood_long
6062236042743079943,300855442908142563,False,6363091485651222506,19,baseline,606066206060600606006,307,ood_long
4445404335406281796,996774837363535154,False,5442179172769816950,19,baseline,144444440444444444444,307,ood_long
4950327927088223248,263036238293274775,False,5213364165381498023,19,baseline,577777272727344977775,307,ood_long
2671513165685152362,657609870624329509,False,3329123036309481871,19,baseline,122222222222222222222,307,ood_long
2314278055160212692,461935682252442621,False,2776213737412655313,19,baseline,202021202020222220222,307,ood_long
8895367899210142418,712307596419794433,False,9607675495629936851,19,baseline,777777777777788877778,307,ood_long
2270259597174874346,162477357005688333,False,2432736954180562679,19,baseline,252525656666677766677,307,ood_long
556316141716679,54233592343472015910,False,54234148659613732589,20,baseline,6161616161616166666616,307,ood_long
441607577241627,59836524959860175774,False,59836966567437417401,20,baseline,7555555667676666666666,307,ood_long
759972960385809,96299123356660406211,False,96299883329620792020,20,baseline,6222222222222222222222,307,ood_long
886976124017737,44485227872153447642,False,44486114848277465379,20,baseline,7222722626716626271712,307,ood_long
179711205720184,59466573200776806238,False,59466752911982526422,20,baseline,2222222222222122222222,307,ood_long
633778897266414,57922165945554279912,False,57922799724451546326,20,baseline,6388777770777733377773,307,ood_long
893084472666936,14727026168029756277,False,14727919252502423213,20,baseline,6555655444445555555555,307,ood_long
294274183188821,70290128166900122438,False,70290422441083311259,20,baseline,1622222241014242421012,307,ood_long
884098574095650,22070354975487544547,False,22071239074061640197,20,baseline,6566665655656565656566,307,ood_long
938370661815637,33431382978276974232,False,33432321348938789869,20,baseline,6616666606060666666666,307,ood_long
996714163507745,96744277525404630292,False,96745274239568138037,20,baseline,7656665646046455566665,307,ood_long
173861728175185,38000396411225007688,False,38000570272953182873,20,baseline,2227272722222222222722,307,ood_long
688392188755350,11611413629781930334,False,11612102021970685684,20,baseline,6222222222212222222222,307,ood_long
95321100800339,98673908045864381,False,98769229146664720,17,baseline,9555555260202101010,307,ood_long
61166379746275,54126444412708290,False,54187610792454565,17,baseline,6776667776773737776,307,ood_long
16856174386370,71469389521939449,False,71486245696325819,17,baseline,7777771666771616666,307,ood_long
33893473621676,46542313714257020,False,46576207187878696,17,baseline,7333333333343434643,307,ood_long
78388602533834,47948893107176968,False,48027281709710802,17,baseline,7177777777727276767,307,ood_long
77161796416505,59525837582529743,False,59602999378946248,17,baseline,6777777767777777766,307,ood_long
11099009423746,43130954583163420,False,43142053592587166,17,baseline,9111111111100000000,307,ood_long
76654098843901,98413625469459504,False,98490279568303405,17,baseline,1066666166600050505,307,ood_long
96846877278084,16810023591275959,False,16906870468554043,17,baseline,7777777777777777777,307,ood_long
81131112935211,73379676842900046,False,73460807955835257,17,baseline,1211112121212212121,307,ood_long
20934549658098,85798169298416685,False,85819103848074783,17,baseline,9400054000055551540,307,ood_long
71462486122859,22215159929912495,False,22286622416035354,17,baseline,1716161626651252626,307,ood_long
28531336785514,17407436381338491,False,17435967718124005,17,baseline,6377273222633333262,307,ood_long
41806846764262,40557098408990853,False,40598905255755115,17,baseline,7551556616464477760,307,ood_long
26946580988201,76349681174484878,False,76376627755473079,17,baseline,1222222266225562626,307,ood_long
91910011660808,13046857049820573,False,13138767061481381,17,baseline,6111111111111000100,307,ood_long
979550686429418,27867077586802,False,1007417764016220,15,baseline,667766660666660656,307,ood_long
724640603099291,57735319742030,False,782375922841321,15,baseline,926122616176106040,307,ood_long
342293836999884,66536583041447,False,408830420041331,15,baseline,107724233224234393,307,ood_long
144382099520026,37787838877118,False,182169938397144,15,baseline,021111111111122222,307,ood_long
917922187905738,11093653411831,False,929015841317569,15,baseline,627721222262223222,307,ood_long
263013953286340,20112854017898,False,283126807304238,15,baseline,946122222122234322,307,ood_long
531635646368016,48037133862248,False,579672780230264,15,baseline,666666666666666636,307,ood_long
801656647498603,82914872732778,False,884571520231381,15,baseline,167776667777666666,307,ood_long
440958472616397,47442941508166,False,488401414124563,15,baseline,744444054000054050,307,ood_long
269994266921516,28989148355511,False,298983415277027,15,baseline,610222221111124200,307,ood_long
400054763602893,65089618035392,False,465144381638285,15,baseline,647770000000000000,307,ood_long
383316660190685941,9034570095816144418,False,9417886756006830359,19,baseline,666666666666663666662,307,ood_long
482407441377647229,4195907101975479686,False,4678314543353126915,19,baseline,754744444444444444444,307,ood_long
118561446742700266,1148274262323310661,False,1266835709066010927,19,baseline,141641410141414141415,307,ood_long
102348273788653782,1269141611854033932,False,1371489885642687714,19,baseline,227222222222222222222,307,ood_long
687789264720467672,2849513880647556032,False,3537303145368023704,19,baseline,127272722226777727277,307,ood_long
388359392742831503,3147089300566701227,False,3535448693309532730,19,baseline,933333323233338373338,307,ood_long
584909854901031986,1383549166704505675,False,1968459021605537661,19,baseline,675555000000000000000,307,ood_long
996722968884478369,5346930795718582290,False,6343653764603060659,19,baseline,377772727273455772626,307,ood_long
644593925070834498,8825242756732717651,False,9469836681803552149,19,baseline,334444230334444440444,307,ood_long
764556122905221549,2490276656193486367,False,3254832779098707916,19,baseline,222626262616262622226,307,ood_long
579261124411827981,3249064013557581592,False,3828325137969409573,19,baseline,211111111111111111111,307,ood_long
441160597823747987,8627936879262744676,False,9069097477086492663,19,baseline,155555101261444475151,307,ood_long
428303463021979243,7952625585572280984,False,8380929048594260227,19,baseline,342444444444444444444,307,ood_long
394242887219681176,2520961656443086357,False,2915204543662767533,19,baseline,877732327273344970094,307,ood_long
626821282337018042,6949819377971728424,False,7576640660308746466,19,baseline,122222222222222222222,307,ood_long
4154632404647,836599912557859706,False,836604067190264353,18,baseline,74151565155545604640,307,ood_long
2476031465783,324549417932227054,False,324551893963692837,18,baseline,31244721267247206067,307,ood_long
4947166990857,266150482760440610,False,266155429927431467,18,baseline,66666666666776177764,307,ood_long
8795792053996,531673535728438049,False,531682331520492045,18,baseline,92222227272222705260,307,ood_long
4718688278810,877835612999669013,False,877840331687947823,18,baseline,77777777777272777777,307,ood_long
2874735389907,613212021645034982,False,613214896380424889,18,baseline,96767267777647373777,307,ood_long
7133546252194,637970444682696165,False,637977578228948359,18,baseline,97616666666646465666,307,ood_long
4170020046038,485769509163061127,False,485773679183107165,18,baseline,01111111101021000000,307,ood_long
1320179242685,113015501481169442,False,113016821660412127,18,baseline,92226161262222701611,307,ood_long
9914512036591,949491473405894060,False,949501387917930651,18,baseline,16161616662222156515,307,ood_long
5886762798328,533205454578303740,False,533211341341102068,18,baseline,57777777777777777777,307,ood_long
4745564501581,357621905137306004,False,357626650701807585,18,baseline,14746465655455655555,307,ood_long
4800395392060,965793753324049495,False,965798553719441555,18,baseline,95555555555550000000,307,ood_long
6345041639390,877163209773773083,False,877169554815412473,18,baseline,92636343204644400004,307,ood_long
8098662256773,219385480259091841,False,219393578921348614,18,baseline,52202677772676667676,307,ood_long
6827977050028,382731948903552770,False,382738776880602798,18,baseline,67777777777272707772,307,ood_long
4643898635812,549314758862492369,False,549319402761128181,18,baseline,76666467664639704444,307,ood_long
2927611131555,328801383977609278,False,328804311588740833,18,baseline,51222177722221666666,307,ood_long
6233253578188,756080554238974190,False,756086787492552378,18,baseline,74226626226362626363,307,ood_long
7526233567989,287538692380127950,False,287546218613695939,18,baseline,35555527252233272626,307,ood_long
5439040012071,802028987032640512,False,802034426072652583,18,baseline,10444401000404000009,307,ood_long
1299114553299207158,53156300723738377,False,1352270854022945535,19,baseline,1525254519414149404049,307,ood_long
7555377742679580579,48735152297300085,False,7604112894976880664,19,baseline,7777777777777755777765,307,ood_long
1363605317025534046,50831681259997877,False,1414436998285531923,19,baseline,6666666606066666666666,307,ood_long
1942636472261236717,48552696094939078,False,1991189168356175795,19,baseline,2777764637774646777664,307,ood_long
9927306444175358880,31557212441058077,False,9958863656616416957,19,baseline,7176777606061555666656,307,ood_long
9987160856740263364,91995419198262057,False,10079156275938525421,19,baseline,6171716606061000000000,307,ood_long
1368788255991105131,68541794245350382,False,1437330050236455513,19,baseline,1272722222272666626266,307,ood_long
3090057249593057171,59799592960093906,False,3149856842553151077,19,baseline,9777727227272737777727,307,ood_long
9681433321363015130,42567455791218260,False,9724000777154233390,19,baseline,4444444333334444433344,307,ood_long
7458508093871728317,40178756349270654,False,7498686850220998971,19,baseline,1117100000010544500055,307,ood_long
1998742778874853808,77830850939061213,False,2076573629813915021,19,baseline,2667272424244459722225,307,ood_long
7899004406234134953,49905799050634333,False,7948910205284769286,19,baseline,1414144040414444444444,307,ood_long
3504767040972186878,91311401589215235,False,3596078442561402113,19,baseline,1777777707077050070700,307,ood_long
3099282992893136210,20678812907228531,False,3119961805800364741,19,baseline,9222223222222239222223,307,ood_long
56313928797893,919776066718174143,False,919832380646972036,18,baseline,76663676632323823333,307,ood_long
96246486963089,885498355800116318,False,885594602287079407,18,baseline,96664667646447060622,307,ood_long
65173948406204,508547713666819210,False,508612887615225414,18,baseline,65555555655545464001,307,ood_long
25404437750775,216896815699754403,False,216922220137505178,18,baseline,73555552744444474045,307,ood_long
34160026646523,282440930228813670,False,282475090255460193,18,baseline,62222222622200060611,307,ood_long
74390246129494,587723963591037800,False,587798353837167294,18,baseline,94442422242422000004,307,ood_long
89055563783101,159963781970731676,False,160052837534514777,18,baseline,67766677776666676777,307,ood_long
51182668391548,879031882874704286,False,879083065543095834,18,baseline,96166666666777776761,307,ood_long
46009650509586,589507156354944955,False,589553166005454541,18,baseline,56565655555655555550,307,ood_long
50492122167071,782920779493171905,False,782971271615338976,18,baseline,60000000022222121222,307,ood_long
53529357045659,836937326489055062,False,836990855846100721,18,baseline,95353535355554555555,307,ood_long
60322271603831,504388569851210720,False,504448892122814551,18,baseline,60000000002222222222,307,ood_long
84522516099555,667974584217157140,False,668059106733256695,18,baseline,55555555555552525525,307,ood_long
81626206130871,493485832253179521,False,493567458459310392,18,baseline,21111121612121626266,307,ood_long
60080747200860,233261709831518366,False,233321790578719226,18,baseline,60000000000000000000,307,ood_long
42735264062277,611293122272655752,False,611335857536718029,18,baseline,72222262626222262622,307,ood_long
39066250775655,783414681001986515,False,783453747252762170,18,baseline,65556676065266666600,307,ood_long
644683653593255,5595829299733,False,650279482892988,15,baseline,66361445637766637,307,ood_long
885749941833403,4984127611599,False,890734069445002,15,baseline,74545555547474544,307,ood_long
726081406911636,6391866572768,False,732473273484404,15,baseline,10101616116161000,307,ood_long
177855329337936,6027659299487,False,183882988637423,15,baseline,97266666666766565,307,ood_long
440544964343840,4605135125523,False,445150099469363,15,baseline,74444444440044444,307,ood_long
868044673901013,4799096129854,False,872843770030867,15,baseline,14767776465664740,307,ood_long
702876759311677,1342856338122,False,704219615649799,15,baseline,67676777777777776,307,ood_long
747938121635500,7975346687224,False,755913468322724,15,baseline,62131622121222222,307,ood_long
766556656508634,9001322822569,False,775557979331203,15,baseline,66666666666666665,307,ood_long
719488790385321,4141305076679,False,723630095462000,15,baseline,67777777777777772,307,ood_long
170469842384922,5906481442667,False,176376323827589,15,baseline,16247161111171632,307,ood_long
946437765696768,7081510257308,False,953519275954076,15,baseline,67777777777777777,307,ood_long
140533782411965,9387845683650,False,149921628095615,15,baseline,13777706777777733,307,ood_long
353317685136160,4761360320389,False,358079045456549,15,baseline,67676767666667777,307,ood_long
267197419933701,8403237919471,False,275600657853172,15,baseline,94440612464602473,307,ood_long
108460996007041,4505798399585,False,112966794406626,15,baseline,16000000006060060,307,ood_long
10277819810905771,929617529414443101,False,939895349225348872,18,baseline,111010210100001121010,307,ood_long
95309067466965895,591013186698343740,False,686322254165309635,18,baseline,677777777606066677766,307,ood_long
83567178305993978,414279302486901321,False,497846480792895299,18,baseline,177777777777777777777,307,ood_long
13403588167387518,400203577208940981,False,413607165376328499,18,baseline,266676600066666666666,307,ood_long
89830077972466741,656844179138520501,False,746674257110987242,18,baseline,777777777777777887777,307,ood_long
96344174980187107,917356850402801448,False,1013701025382988555,18,baseline,177777777107774647777,307,ood_long
40596960937670076,458344660856213057,False,498941621793883133,18,baseline,600060606060600000060,307,ood_long
41664127155466928,263012781075293044,False,304676908230759972,18,baseline,522616262222222222222,307,ood_long
38013333551998177,312519417137230625,False,350532750689228802,18,baseline,233333333333333333333,307,ood_long
18804646644728480,934347712880214075,False,953152359524942555,18,baseline,656666564646666777474,307,ood_long
42159601420351991,437767724817805056,False,479927326238157047,18,baseline,102102100060606222000,307,ood_long
14643168291850473,547345589877833131,False,561988758169683604,18,baseline,161616662606166666666,307,ood_long
39374199004882446,409595404143215235,False,448969603148097681,18,baseline,151661010101422232010,307,ood_long
338204695846624760,6285529925930,False,338210981376550690,18,baseline,63333333337475434333,307,ood_long
605550400715126417,7625752198537,False,605558026467324954,18,baseline,60000000005050505050,307,ood_long
848179249978034247,5815133378985,False,848185065111413232,18,baseline,93373333273474777778,307,ood_long
297779306128874201,8690728066157,False,297787996856940358,18,baseline,62222272722222727277,307,ood_long
134921478517355648,1422700026374,False,134922901217382022,18,baseline,24316161661542121600,307,ood_long
305275183023831611,7807406293154,False,305282990430124765,18,baseline,00000000000505122622,307,ood_long
365507111986972019,9915963314136,False,365517027950286155,18,baseline,96666666665660052605,307,ood_long
278022827811132558,7382561169608,False,278030210372302166,18,baseline,22722222222222221212,307,ood_long
197175292240790778,3795138616876,False,197179087379407654,18,baseline,92226667676666676667,307,ood_long
561589650796903901,6570538819764,False,561596221335723665,18,baseline,66666666666660005601,307,ood_long
653886540822954554,5388228750371,False,653891929051704925,18,baseline,55555556266667276263,307,ood_long
848937262934238682,2991233139721,False,848940254167378403,18,baseline,62727277777272727322,307,ood_long
741140469793639144,4194929893626,False,741144664723532770,18,baseline,94441514114151014101,307,ood_long
827951750472230,33632847087033447,False,34460798837505677,17,baseline,22222222272222222222,307,ood_long
978293156342730,18438863267366369,False,19417156423709099,17,baseline,72772777726232273777,307,ood_long
807848087100923,33936490052940662,False,34744338140041585,17,baseline,10000000000000404000,307,ood_long
713798224105392,51556994155310987,False,52270792379416379,17,baseline,92222222222222000003,307,ood_long
842046451871376,36881374148399766,False,37723420600271142,17,baseline,65454562625560146422,307,ood_long
239868910149807,91227153865310277,False,91467022775460084,17,baseline,12221121210006060609,307,ood_long
273900304196727,34944050295092652,False,35217950599289379,17,baseline,27222212222200000092,307,ood_long
384143989730919,18002443854348146,False,18386587844079065,17,baseline,98883437344444444444,307,ood_long
192437933234140,35611376334902808,False,35803814268136948,17,baseline,99999777727373777322,307,ood_long
901512174036069,68749128415349108,False,69650640589385177,17,baseline,60000000161222226211,307,ood_long
581129183741877,99612821958861317,False,100193951142603194,17,baseline,71111111111212111111,307,ood_long
235979408193298,57711999590856611,False,57947978999049909,17,baseline,12253422210009420922,307,ood_long
162960556515672,23580848331484656,False,23743808888000328,17,baseline,66666666665606666602,307,ood_long
791213711278349,45294702263883675,False,46085915975162024,17,baseline,67777777772727273222,307,ood_long
658908187737226,45066229681025352,False,45725137868762578,17,baseline,65555552610000100090,307,ood_long
917976992480438,20347558869451462,False,21265535861931900,17,baseline,90166677767676767677,307,ood_long
762041891903077,22539634573101511,False,23301676465004588,17,baseline,66626122222210426222,307,ood_long
290281764123728,64641738467915898,False,64932020232039626,17,baseline,27777277777772727777,307,ood_long
94062766498847332488,902890656912645281,False,94965657155759977769,20,baseline,8777777777777777777777,307,ood_long
70636067580974218026,968277726077888833,False,71604345307052106859,20,baseline,7777777777760007776660,307,ood_long
50345674968001879993,751536254757857041,False,51097211222759737034,20,baseline,6777470707740407074340,307,ood_long
60054648540372896627,489047982994717300,False,60543696523367613927,20,baseline,7565054646400000050000,307,ood_long
76626854640922976583,616637880622348950,False,77243492521545325533,20,baseline,7665655565656665566666,307,ood_long
82705847489428836748,674778686353817496,False,83380626175782654244,20,baseline,7664744747474747447422,307,ood_long
20056516899103359393,843648402404977991,False,20900165301508337384,20,baseline,2161660666660006061000,307,ood_long
42401720036431031655,385651694841636477,False,42787371731272668132,20,baseline,7222222227222222222222,307,ood_long
69445287434405255403,904311914544102319,False,70349599348949357722,20,baseline,6777722772745557765656,307,ood_long
60435003643966947182,230842132404553709,False,60665845776371500891,20,baseline,6000000000000000000400,307,ood_long
92399186335327232776,913919188364191837,False,93313105523691424613,20,baseline,2777727772722227777222,307,ood_long
85452789280758126704,775779991055318602,False,86228569271813445306,20,baseline,7777777777777777777777,307,ood_long
53049946001462266700,491120251254774590,False,53541066252717041290,20,baseline,7545454005454450555000,307,ood_long
78725035062120108050,944022730296986049,False,79669057792417094099,20,baseline,1272700011117770707777,307,ood_long
79678632654912651073,206708117818595198,False,79885340772731246271,20,baseline,7777272727344547246400,307,ood_long
30808837453302894671,358600923303350627,False,31167438376606245298,20,baseline,7333737773333337373333,307,ood_long
81613641326249828926,864118798978053312,False,82477760125227882238,20,baseline,1416462246466662646661,307,ood_long
47817355919075531159,540868686201804809,False,48358224605277335968,20,baseline,7555545075444445555577,307,ood_long
45264922333324192002,398539772591801938,False,45663462105915993940,20,baseline,7222222222222222222222,307,ood_long
7845677511161,3051303495300,False,10896981006461,13,baseline,1476666666666666,307,ood_long
2909449861464,4721404567037,False,7630854428501,13,baseline,9955556005556565,307,ood_long
2786182095079,7902887061986,False,10689069157065,13,baseline,9716016071111606,307,ood_long
5285584952571,9675832435445,False,14961417388016,13,baseline,6255555255566565,307,ood_long
9790674861788,8155404416942,False,17946079278730,13,baseline,8757777777777777,307,ood_long
9590893947096,7984046873006,False,17574940820102,13,baseline,1094849499900000,307,ood_long
9322501024825,3887309141113,False,13209810165938,13,baseline,1222222222122222,307,ood_long
6544942511471,8891887882712,False,15436830394183,13,baseline,7554101451514451,307,ood_long
2581951648165,6770504731255,False,9352456379420,13,baseline,6510010001666116,307,ood_long
8005330794244,8979480752333,False,16984811546577,13,baseline,7005337700303727,307,ood_long
6012518173106,8470195713561,False,14482713886667,13,baseline,6016606616666661,307,ood_long
2681067293906,1526546069739,False,4207613363645,13,baseline,9627260626601026,307,ood_long
81697109261218734,82629134049926192,False,164326243311144926,17,baseline,21112111210101111111,307,ood_long
81800940246385455,63553975352492694,False,145354915598878149,17,baseline,25151515100000001000,307,ood_long
17770226797072268,59984373178557790,False,77754599975630058,17,baseline,22222222222222222222,307,ood_long
52724344360634904,49824204632794769,False,102548548993429673,17,baseline,45445554444444444444,307,ood_long
15614964280724732,50721797565712153,False,66336761846436885,17,baseline,66666666662606666666,307,ood_long
17421626037827158,13824963169197433,False,31246589207024591,17,baseline,22222222222222222222,307,ood_long
91111692919606797,27335657019290371,False,118447349938897168,17,baseline,62677726260606661662,307,ood_long
93516248785823691,44272306575705000,False,137788555361528691,17,baseline,24444354542424444545,307,ood_long
99622221507813629,87145638005606402,False,186767859513420031,17,baseline,22233222222222222322,307,ood_long
76105211137287357,99416882696332160,False,175522093833619517,17,baseline,61222212122222222222,307,ood_long
31266747566251227,52821602601221575,False,84088350167472802,17,baseline,64747474767674646276,307,ood_long
66393902719510371,44932990179682638,False,111326892899193009,17,baseline,66106060200000000000,307,ood_long
27998105186746940,40653020259914805,False,68651125446661745,17,baseline,62111111101011122220,307,ood_long
60214151842694726,58198753923828194,False,118412905766522920,17,baseline,65650665151225650226,307,ood_long
85525139395786260,33310775410656277,False,118835914806442537,17,baseline,25555555521016265565,307,ood_long
39107310731608241,10484753980302540572,False,10523861291034148813,20,baseline,7261713003033330000033,307,ood_long
68435823178077366,52869536269356879705,False,52937972092534957071,20,baseline,7272222222222222222222,307,ood_long
15874683336776885,93476926499438408330,False,93492801182775185215,20,baseline,7777777777777777777777,307,ood_long
61967005603259664,54885618818094851949,False,54947585823698111613,20,baseline,1110000000000000000000,307,ood_long
73170088449320636,33605704131643947575,False,33678874220093268211,20,baseline,1177000000001330000010,307,ood_long
71456314438134239,38195412643482681299,False,38266868957920815538,20,baseline,4131414237314141414141,307,ood_long
15637536735919706,32111007108200219455,False,32126644644936139161,20,baseline,2777776060666666777666,307,ood_long
40090231680672936,38751702589803115220,False,38791792821483788156,20,baseline,7300323230230000000000,307,ood_long
27209166413639391,39417514835444412015,False,39444724001858051406,20,baseline,9666666666666227666722,307,ood_long
44375065597789458,93744265852803951786,False,93788640918401741244,20,baseline,1166660606064444000444,307,ood_long
94745363223373755,44070479318556533107,False,44165224681779906862,20,baseline,4777772777773337777733,307,ood_long
12875632068663620,12730931149950455519,False,12743806782019119139,20,baseline,6272272272662222727222,307,ood_long
26511901162032957,47571779332155012111,False,47598291233317045068,20,baseline,2121110122011111101115,307,ood_long
94474572210763677,83407670908444421362,False,83502145480655185039,20,baseline,7677662666666446666645,307,ood_long
82722872191995059,23398311294684327453,False,23481034166876322512,20,baseline,7777727272772222727272,307,ood_long
92128307899760820,71347877674791114978,False,71440005982690875798,20,baseline,3171702030302222000212,307,ood_long
26334370741690176,33921281702421869773,False,33947616073163559949,20,baseline,7777272070722222222222,307,ood_long
76164859477611382,24855080479900431091,False,24931245339378042473,20,baseline,6666665666666666666666,307,ood_long
23388330253811145,60133251371357346425,False,60156639701611157570,20,baseline,3333323030333333003333,307,ood_long
39283880974601,875553471776646,False,914837352751247,15,baseline,13090022727222223,307,ood_long
12578064258904,214236389875863,False,226814454134767,15,baseline,96066660706666100,307,ood_long
78262199067274,584209927757043,False,662472126824317,15,baseline,71212222222222222,307,ood_long
95159796273980,653062403510116,False,748222199784096,15,baseline,67776667777777272,307,ood_long
22532455628657,351961981207489,False,374494436836146,15,baseline,65525255252655552,307,ood_long
52716526151091,555267618368758,False,607984144519849,15,baseline,16662626666666666,307,ood_long
55686294467802,396010952515071,False,451697246982873,15,baseline,62455556266666726,307,ood_long
41715386232739,878288010309853,False,920003396542592,15,baseline,94777666341777232,307,ood_long
63094700178569,272476642400113,False,335571342578682,15,baseline,67660006660000040,307,ood_long
99625838669931,154232211860317,False,253858050530248,15,baseline,68477774777747606,307,ood_long
45812827748345,567346939557720,False,613159767306065,15,baseline,72772555777772727,307,ood_long
10795357982413,50445859022545,False,61241217004958,14,baseline,16266666666666657,307,ood_long
57682708339626,97547650541818,False,155230358881444,14,baseline,67777666777777727,307,ood_long
57396413757664,94826424168273,False,152222837925937,14,baseline,64416746466074646,307,ood_long
38825756518838,93223257535884,False,132049014054722,14,baseline,66666675767766665,307,ood_long
49960361516806,12836107083176,False,62796468599982,14,baseline,66066666677676000,307,ood_long
69822905538395,54080474783656,False,123903380322051,14,baseline,62626666667762512,307,ood_long
86922799929102,84186774285842,False,171109574214944,14,baseline,13888999788278888,307,ood_long
25703432241218,11388869780528,False,37092302021746,14,baseline,14242222414002334,307,ood_long
96338246552006,86362025050220,False,182700271602226,14,baseline,64446463424264322,307,ood_long
12806460470778,99747016742082,False,112553477212860,14,baseline,70616606666766060,307,ood_long
10901734363041,44817770338939,False,55719504701980,14,baseline,07374001474000747,307,ood_long
17914494330468,88269531180478,False,106184025510946,14,baseline,94440941441404444,307,ood_long
17247270938911,13136085338979,False,30383356277890,14,baseline,97271221211172222,307,ood_long
17412856288167,54472079154077,False,71884935442244,14,baseline,76266666626116626,307,ood_long
37252487213529,92787988172821,False,130040475386350,14,baseline,97247222424227242,307,ood_long
72695185475103,69125724283110,False,141820909758213,14,baseline,65166526161665151,307,ood_long
41924098210650,64717076892892,False,106641175103542,14,baseline,60409009050105040,307,ood_long
86307251907143,19289199974032,False,105596451881175,14,baseline,17226262622662622,307,ood_long
96741968299544,27773774284327,False,124515742583871,14,baseline,96076676666667610,307,ood_long
84069467676750,69196629962453,False,153266097639203,14,baseline,64767776647777760,307,ood_long
65868041683653,40085057311525,False,105953098995178,14,baseline,61306161616661000,307,ood_long
2744878452058,5101350563095629807,False,5101353307974081865,19,baseline,177777777747277777777,307,ood_long
2261939714833,1602108513867063520,False,1602110775806778353,19,baseline,922223222733333332222,307,ood_long
1297818313010,7761471786938856580,False,7761473084757169590,19,baseline,122210102222100000900,307,ood_long
1209825663780,8055139229798826558,False,8055140439624490338,19,baseline,266626666662626767277,307,ood_long
8326806899746,9907045930268985679,False,9907054257075885425,19,baseline,122227272770707162222,307,ood_long
1550276004311,5407397670230461893,False,5407399220506466204,19,baseline,165666666660602616050,307,ood_long
3418186559049,7194013673352797501,False,7194017091539356550,19,baseline,955666666666010000111,307,ood_long
3016839979003,1171471860207408083,False,1171474877047387086,19,baseline,900000000004040000011,307,ood_long
4650657627064,7154443515241435097,False,7154448165899062161,19,baseline,666666666566666666555,307,ood_long
2365131995980,9814666644322219851,False,9814669009454215831,19,baseline,922111222142310061161,307,ood_long
7918180527737,8700885048599778253,False,8700892966780305990,19,baseline,616161727161127272222,307,ood_long
9284432224144,8644107661065981094,False,8644116945498205238,19,baseline,122222222222334443223,307,ood_long
9483536239229,1476870365519637914,False,1476879849055877143,19,baseline,977747777772727373338,307,ood_long
482137553140777595,42511997279365336,False,524649550420142931,18,baseline,756665566666665656666,307,ood_long
756209164604178655,34281633759974141,False,790490798364152796,18,baseline,611161610000016666666,307,ood_long
159138667514889278,20312271012729153,False,179450938527618431,18,baseline,267776767676767777776,307,ood_long
261684738187948008,46784527952676256,False,308469266140624264,18,baseline,147477747473474647777,307,ood_long
166327186269180058,47835643325597743,False,214162829594777801,18,baseline,616161622222226662616,307,ood_long
228355197816853540,33975182761623574,False,262330380578477114,18,baseline,222222225166662222222,307,ood_long
150072209956280426,12781424408588153,False,162853634364868579,18,baseline,222222222222222202222,307,ood_long
283903038562543161,43067901262154874,False,326970939824698035,18,baseline,222222230303032222202,307,ood_long
150216012985107415,49891137263057180,False,200107150248164595,18,baseline,111111110106060000000,307,ood_long
803990575263383710,83240332130877730,False,887230907394261440,18,baseline,261266505066660000060,307,ood_long
396947364619578012,61106171019423641,False,458053535639001653,18,baseline,633374737777334444004,307,ood_long
802722960164434492,64508054246454034,False,867231014410888526,18,baseline,202262222222220202222,307,ood_long
299930174481603881,82649924021406609,False,382580098503010490,18,baseline,122722210000112222220,307,ood_long
905821338922980693,58958583606242358,False,964779922529223051,18,baseline,140000503232330000333,307,ood_long
316571659708389249,15680175408215898,False,332251835116605147,18,baseline,161666666060666666666,307,ood_long
598524487765692126,15681764710064426,False,614206252475756552,18,baseline,655555555555555565555,307,ood_long
362177230420924473,40583013759407579,False,402760244180332052,18,baseline,222222222222222222222,307,ood_long
616542797117359841,16236179839725050,False,632778976957084891,18,baseline,277777772727726667777,307,ood_long
359384986806555214,51770851244199936,False,411155838050755150,18,baseline,544546454505544444455,307,ood_long
903403532595518215,63297267800714638,False,966700800396232853,18,baseline,750005045005640000000,307,ood_long
880801664419522021,89001920892942440,False,969803585312464461,18,baseline,262666760606167777767,307,ood_long
987497193650365659,60071059066150806,False,1047568252716516465,18,baseline,672727272707167777771,307,ood_long
474652437697746991,45881222448816271,False,520533660146563262,18,baseline,244747444242444444424,307,ood_long
777116366683104886,64487170439543428,False,841603537122648314,18,baseline,673377777777777777777,307,ood_long
925716183301116055,79971082788157734,False,1005687266089273789,18,baseline,162222260606161222010,307,ood_long
78424968338694,3179997493064625,False,3258422461403319,16,baseline,977776767777664744,307,ood_long
53222916883590,7667187631172234,False,7720410548055824,16,baseline,161232626232222222,307,ood_long
46206129312245,4378705790791787,False,4424911920104032,16,baseline,962622212222222160,307,ood_long
39937327129450,2355874089163903,False,2395811416293353,16,baseline,032222277773323727,307,ood_long
86923736860601,9639903353919206,False,9726827090779807,16,baseline,637377737777377777,307,ood_long
74586272532166,6789973226986473,False,6864559499518639,16,baseline,627772627266272766,307,ood_long
93754051128506,9310516905750404,False,9404270956878910,16,baseline,653535343366651455,307,ood_long
64480618195551,1329854566986244,False,1394335185181795,16,baseline,661555565555610005,307,ood_long
84723270002839,3758415381852851,False,3843138651855690,16,baseline,127777272777222222,307,ood_long
26785082773593,9385563203360964,False,9412348286134557,16,baseline,926266222726220525,307,ood_long
46068560730905,8107358578569580,False,8153427139300485,16,baseline,066666565606565600,307,ood_long
41323315797688,4624285704283855,False,4665609020081543,16,baseline,725126317217233333,307,ood_long
77866753340742,1423200665795617,False,1501067419136359,16,baseline,757676666666666666,307,ood_long
37124260352124,5231670924072667,False,5268795184424791,16,baseline,261676262626222242,307,ood_long
50008168627997,3001252617674534,False,3051260786302531,16,baseline,266000000000000000,307,ood_long
40277401660448,5180124374406537,False,5220401776066985,16,baseline,040000000202242474,307,ood_long
93741003802080,2623777435320454,False,2717518439122534,16,baseline,003333333307101110,307,ood_long
23847790925946,5272068289984865,False,5295916080910811,16,baseline,922222272377777277,307,ood_long
62220011651346,3251699879579776,False,3313919891231122,16,baseline,611222161621110020,307,ood_long
60822108937908,7844342054703024,False,7905164163640932,16,baseline,017000000001202122,307,ood_long
58179553485391,2871001587029995,False,2929181140515386,16,baseline,155555556155555070,307,ood_long
82460447069377,5695638958315996,False,5778099405385373,16,baseline,742225252626444060,307,ood_long
39640222040260,5685851069343882,False,5725491291384142,16,baseline,022222266622222000,307,ood_long
77887232567886,8653671886670409,False,8731559119238295,16,baseline,727777777777272777,307,ood_long
96961541176606600714,7735555729159491,False,96969276732335760205,20,baseline,6555555556655555565555,307,ood_long
21463949727320674941,8059458272906394,False,21472009185593581335,20,baseline,1441444444444444444444,307,ood_long
77670842231860389391,1296822875859403,False,77672139054736248794,20,baseline,1474746242444666272466,307,ood_long
17040487032865046588,5259704486077652,False,17045746737351124240,20,baseline,1477770000470000000000,307,ood_long
12449687499328936638,8513098981690775,False,12458200598310627413,20,baseline,2777777777777777777777,307,ood_long
39417674769437889530,7128434399598957,False,39424803203837488487,20,baseline,7777777747777777777777,307,ood_long
42220743950101345929,2949217302411990,False,42223693167403757919,20,baseline,1442444444444444444444,307,ood_long
39512283439777487483,9902075277130393,False,39522185515054617876,20,baseline,2777732323233444437345,307,ood_long
81057892536901099355,2649405059380523,False,81060541941960479878,20,baseline,6972720000000000000000,307,ood_long
81075516181220621242,4813258788516844,False,81080329440009138086,20,baseline,6222266622226616222216,307,ood_long
7442935252106626,1341984014383222343,False,1349426949635328969,19,baseline,655555552266666666666,307,ood_long
9626413015432930,4335027010742348476,False,4344653423757781406,19,baseline,132323220222323323223,307,ood_long
2934706418239368,2856457285635414194,False,2859391992053653562,19,baseline,171727771060602227770,307,ood_long
5421777321009557,4772820366608774665,False,4778242143929784222,19,baseline,677777777777777377777,307,ood_long
2758094088714770,5902254247377458515,False,5905012341466173285,19,baseline,142421245001014551051,307,ood_long
3269901788782688,4430339948477843127,False,4433609850266625815,19,baseline,221122220001002222020,307,ood_long
4847692662496652,9244464139322770442,False,9249311831985267094,19,baseline,622727272222262772722,307,ood_long
3406629276068589,3572342060103943161,False,3575748689380011750,19,baseline,222222222222222332222,307,ood_long
3966906817346662,1200149746296365876,False,1204116653113712538,19,baseline,610606660606066666666,307,ood_long
7966975653641059,9029216554888987461,False,9037183530542628520,19,baseline,667676666666666676666,307,ood_long
8747158024895957,6107314590490269428,False,6116061748515165385,19,baseline,575756556555555555555,307,ood_long
2529648861572066,3881026684652024658,False,3883556333513596724,19,baseline,645564245505455555555,307,ood_long
29929586213779019266,12327699621739408,False,29941913913400758674,20,baseline,2777662626666666666667,307,ood_long
34088610924027836075,70325523261057745,False,34158936447288893820,20,baseline,1111001060611330201000,307,ood_long
95442534103235172422,26728684580691303,False,95469262787815863725,20,baseline,6355545242454554535455,307,ood_long
84151363040266047753,97819201622937983,False,84249182241888985736,20,baseline,1377763607734444777655,307,ood_long
59453337301292963230,54866764547685584,False,59508204065840648814,20,baseline,7444444373344444444445,307,ood_long
43340907383564452011,32662161680102700,False,43373569545244554711,20,baseline,7030300000003333000333,307,ood_long
17545301892826887140,37053359085286476,False,17582355251912173616,20,baseline,2111120202111111201115,307,ood_long
39292328780948932652,52282704730631373,False,39344611485679564025,20,baseline,2772323223233443232343,307,ood_long
42230642935700460648,63497875174462531,False,42294140810874923179,20,baseline,0524242424444232424242,307,ood_long
14383062974499166951,83364196024928405,False,14466427170524095356,20,baseline,9111626000011222720222,307,ood_long
92641442143476465815,12872510252754931,False,92654314653729220746,20,baseline,1542454444444444444555,307,ood_long
73429986890115552663,21669109602300004,False,73451655999717852667,20,baseline,1777770000000330000233,307,ood_long
25442621308598374312,65778431039179592,False,25508399739637553904,20,baseline,9222222222222222222222,307,ood_long
67297759733539319780,53011437118817832,False,67350771170658137612,20,baseline,6666666666666676666667,307,ood_long
58428185149163211270,86020687271921160,False,58514205836435132430,20,baseline,1666111111161556016655,307,ood_long
25743562341291453521,91647529633313530,False,25835209870924767051,20,baseline,6262626262666676666677,307,ood_long
35573442959507614509,90027993693355739,False,35663470953200970248,20,baseline,1454554444445555454555,307,ood_long
4962350637596127,182267946515104,False,5144618584111231,16,baseline,600000000005050350,307,ood_long
5954897518694402,423656114477630,False,6378553633172032,16,baseline,576566666665609704,307,ood_long
4388335226901292,551177844970402,False,4939513071871694,16,baseline,753333333353532433,307,ood_long
7839899652716108,206377895892479,False,8046277548608587,16,baseline,667767677770097016,307,ood_long
8835589060555726,304144802134070,False,9139733862689796,16,baseline,600000020205050555,307,ood_long
1710037089527186,161297226615743,False,1871334316142929,16,baseline,277777772271072211,307,ood_long
5298057361221039,826302846042143,False,6124360207263182,16,baseline,677752522266560160,307,ood_long
3803432425903317,194595118888264,False,3998027544791581,16,baseline,923232333333333333,307,ood_long
5280721799432025,304208361716757,False,5584930161148782,16,baseline,222222222272222727,307,ood_long
2314578767427083,714028127772282,False,3028606895199365,16,baseline,277777777777777777,307,ood_long
5465005236592255,890669726775740,False,6355674963367995,16,baseline,655455555555600505,307,ood_long
3201147264342124,312300149178834,False,3513447413520958,16,baseline,222222422272324241,307,ood_long
6409097805573222,808146355533905,False,7217244161107127,16,baseline,677555555560000000,307,ood_long
9324225368901137,386886793874191,False,9711112162775328,16,baseline,663535352625252263,307,ood_long
3587173617179768,436087073169763,False,4023260690349531,16,baseline,673556777777777777,307,ood_long
3700992363482864,784540507019645983,False,788241499383128847,18,baseline,62222222222222222222,307,ood_long
1678174254736872,839630698012212551,False,841308872266949423,18,baseline,67464617472374747772,307,ood_long
7729308217464240,909535600350938205,False,917264908568402445,18,baseline,62210222202000222222,307,ood_long
9761208223033615,157712268011306452,False,167473476234340067,18,baseline,67107772020000100000,307,ood_long
6176478092266550,150210063652807378,False,156386541745073928,18,baseline,61671717070706666667,307,ood_long
3126139070293046,346772689363998075,False,349898828434291121,18,baseline,91313131303030312220,307,ood_long
3663273498513066,363598491198383557,False,367261764696896623,18,baseline,64634646437433444444,307,ood_long
7293239951811629,102952871730399005,False,110246111682210634,18,baseline,15242520040303444440,307,ood_long
9983456880991430,654697243010979394,False,664680699891970824,18,baseline,66666666656065666766,307,ood_long
3532948346171672,312419228654582103,False,315952177000753775,18,baseline,63445434444444444444,307,ood_long
8404953911788771,983365710416561094,False,991770664328349865,18,baseline,74444445052666560006,307,ood_long
1846960959106373,497872918893730179,False,499719879852836552,18,baseline,61111116060606111110,307,ood_long
2081828769456067,626189917189874146,False,628271745959330213,18,baseline,62727777777777777777,307,ood_long
1114550865063543,541088339224216652,False,542202890089280195,18,baseline,61616161505066661160,307,ood_long
3838734255779200,414855878218310323,False,418694612474089523,18,baseline,63443434443244433337,307,ood_long
5411422813825649621,7739698738253452,False,5419162512563903073,19,baseline,722222222222222222222,307,ood_long
6235684478427722097,9933424496705163,False,6245617902924427260,19,baseline,745524544444444444444,307,ood_long
4323635415542632465,2151568768550150,False,4325786984311182615,19,baseline,744435454545443334354,307,ood_long
8527082692357779411,4904578743612835,False,8531987271101392246,19,baseline,722222222222222222222,307,ood_long
3271718681189831267,4181773673395329,False,3275900454863226596,19,baseline,122222771010122222777,307,ood_long
1839390709010661840,3818546199667136,False,1843209255210328976,19,baseline,111111000000001110000,307,ood_long
8374061575324674101,3799794888872882,False,8377861370213546983,19,baseline,622222266666666777166,307,ood_long
8915300395516369885,3861508323299477,False,8919161903839669362,19,baseline,111111100000111111001,307,ood_long
2579847683948578685,5826499266658254,False,2585674183215236939,19,baseline,747477774777474577777,307,ood_long
1427140049168621216,2056134123132796,False,1429196183291754012,19,baseline,111111101000111111000,307,ood_long
3899590087701796715,3829976967046939,False,3903420064668843654,19,baseline,101020000000000000000,307,ood_long
6198581850452319278,9198658174762246,False,6207780508627081524,19,baseline,112121010101011110101,307,ood_long
9443021705751886160,2584588270748743,False,9445606294022634903,19,baseline,222222222222222332222,307,ood_long
4692400875233136114,9841366037520017,False,4702242241270656131,19,baseline,600000000000000000000,307,ood_long
4295698604190731231,1270503853998432,False,4296969108044729663,19,baseline,622727200000000000000,307,ood_long
2201607531102244518,3433186219080046,False,2205040717321324564,19,baseline,227272760600060000070,307,ood_long
2078392710787956586,253336093284268,False,2078646046881240854,19,baseline,222222222222222222222,307,ood_long
6008505731081984814,323261755765834,False,6008828992837750648,19,baseline,600000000000000000000,307,ood_long
2262991191615362376,910805006849236,False,2263901996622211612,19,baseline,111111111010011122211,307,ood_long
6684577982793772143,949663681963975,False,6685527646475736118,19,baseline,677777777777777777777,307,ood_long
1145703451043515754,219258707917429,False,1145922709751433183,19,baseline,051410040400000041400,307,ood_long
3404606730763099608,598351845921441,False,3405205082609021049,19,baseline,037303770060060033000,307,ood_long
3167514818998162438,671723721853463,False,3168186542720015901,19,baseline,141415141010141414100,307,ood_long
7886695039000975028,286350515500556,False,7886981389516475584,19,baseline,656566666060656666666,307,ood_long
5076463553098749535,385478317883497,False,5076849031416633032,19,baseline,606060666606064060706,307,ood_long
7564799570268014366,205341636444978,False,7565004911904459344,19,baseline,655555555000706066060,307,ood_long
5763593363950596740,340484359331704,False,5763933848309928444,19,baseline,974747464439305666633,307,ood_long
6953566563229740491,780107814311305,False,6954346671044051796,19,baseline,666777666666666666666,307,ood_long
4214514950492846100,636388920152733,False,4215151339412998833,19,baseline,145425254510144444455,307,ood_long
8403506528327912263,695760293713470,False,8404202288621625733,19,baseline,256176666606666660666,307,ood_long
6090488444648963830,108001665353911,False,6090596446314317741,19,baseline,494040049404044444444,307,ood_long
4202636487760697941,325892998175592,False,4202962380758873533,19,baseline,743424247477743333770,307,ood_long
7685351662925130570,654914277515424,False,7686006577202645994,19,baseline,666666666662666666666,307,ood_long
7343523699150071491,870518256052615,False,7344394217406124106,19,baseline,633333332323233333370,307,ood_long
1790638973261079517,600822918412671,False,1791239796179492188,19,baseline,697377797000739797870,307,ood_long
6422378562173643368,685519742484272,False,6423064081916127640,19,baseline,667776762727777626277,307,ood_long
8180423853201846429,389909606794321,False,8180813762808640750,19,baseline,273333733232333131373,307,ood_long
3070619566346835099,244872783227210,False,3070864439130062309,19,baseline,600000060010161000000,307,ood_long
1398177736541746415,168567841711438,False,1398346304383457853,19,baseline,677777777777777777777,307,ood_long
2525328312578353556,444038168421708,False,2525772350746775264,19,baseline,222222222222222222222,307,ood_long
168897291247089,998447922142828,False,1167345213389917,15,baseline,122262627262272708,307,ood_long
844925170236767,877770386236087,False,1722695556472854,15,baseline,662525262626525226,307,ood_long
405256118089564,697379480254954,False,1102635598344518,15,baseline,650000000005051555,307,ood_long
181800973305709,988732067336022,False,1170533040641731,15,baseline,016111111110100000,307,ood_long
740472980758976,785168074851691,False,1525641055610667,15,baseline,727240077772007777,307,ood_long
729914504884411,511318554067573,False,1241233058951984,15,baseline,152525252225555100,307,ood_long
767579170579167,638433693286897,False,1406012863866064,15,baseline,666666767667172777,307,ood_long
393128684093207,639265273256936,False,1032393957350143,15,baseline,777777777777777777,307,ood_long
465245377312636,812224225973344,False,1277469603285980,15,baseline,734656546665555546,307,ood_long
945491940539891,588343395838545,False,1533835336378436,15,baseline,944445551545550044,307,ood_long
437599328098338,847099730645811,False,1284699058744149,15,baseline,723333333333230939,307,ood_long
248025768157829,952039731376943,False,1200065499534772,15,baseline,277777777777766767,307,ood_long
542630165066226,919724331583141,False,1462354496649367,15,baseline,616555166666102066,307,ood_long
512348997675497,382158072451980,False,894507070127477,15,baseline,241112514121424424,307,ood_long
743021608253084,361833599621277,False,1104855207874361,15,baseline,661626266262612122,307,ood_long
501483202726907,623028916508711,False,1124512119235618,15,baseline,671000000101202322,307,ood_long
624797542870657,100943748535161,False,725741291405818,15,baseline,656625666626562707,307,ood_long
272771483320356300,720042399426034047,False,992813882746390347,18,baseline,142424241014422224242,307,ood_long
202182283562178941,462616499905754449,False,664798783467933390,18,baseline,222222222222222222222,307,ood_long
445490332622170265,155474113741738572,False,600964446363908837,18,baseline,744444443000444444044,307,ood_long
367776776765429894,439309682498345699,False,807086459263775593,18,baseline,777777777777777777777,307,ood_long
265786683975237381,824894310234793324,False,1090680994210030705,18,baseline,667666666666666666666,307,ood_long
329161593436275172,541553296184885936,False,870714889621161108,18,baseline,152525551066522226662,307,ood_long
799188229339502214,609727011623874315,False,1408915240963376529,18,baseline,627272222222239322222,307,ood_long
392869342763459917,468802996356066357,False,861672339119526274,18,baseline,173434443334444444444,307,ood_long
707510118215781517,821294958895014987,False,1528805077110796504,18,baseline,711111111111100001111,307,ood_long
379594952003962573,988777622354764217,False,1368372574358726790,18,baseline,144254545044444444544,307,ood_long
392456178959752117,809370573548274293,False,1201826752508026410,18,baseline,627272726666233327172,307,ood_long
769841765269305390,303243396633000490,False,1073085161902305880,18,baseline,677777777607777777777,307,ood_long
814725560748083766,437220972172567421,False,1251946532920651187,18,baseline,666666666666666666666,307,ood_long
669618052553816914,29167263062158,False,669647219816879072,18,baseline,60600000000001160000,307,ood_long
377210964345925011,93290699648164,False,377304255045573175,18,baseline,97777122271101020227,307,ood_long
592540943587554406,27776047146660,False,592568719634701066,18,baseline,55555566655055555552,307,ood_long
382469405401951947,22833534480366,False,382492238936432313,18,baseline,04842425254242606622,307,ood_long
932278964618835932,25797577312357,False,932304762196148289,18,baseline,73333333322277777733,307,ood_long
259013808404833016,74954887587377,False,259088763292420393,18,baseline,72222222222030132222,307,ood_long
801130964307594159,57892692033117,False,801188856999627276,18,baseline,11000000010000000010,307,ood_long
763169784297075057,20955196364619,False,763190739493439676,18,baseline,67777777777707777733,307,ood_long
665924311141278385,51204305877850,False,665975515447156235,18,baseline,15656461655545141455,307,ood_long
705397865707129531,78724452293857,False,705476590159423388,18,baseline,67000000067777777605,307,ood_long
497299547723896796,52578351072922,False,497352126074969718,18,baseline,75666666666550024340,307,ood_long
148980648321587212,38895120745999,False,149019543442333211,18,baseline,11111111110000011091,307,ood_long
234479911332847207,14287979069726,False,234494199311916933,18,baseline,92222122222207072222,307,ood_long
684445620178665365,39115394315285,False,684484735572980650,18,baseline,66665666656560566655,307,ood_long
489187879928737096,88926216741959,False,489276806145479055,18,baseline,68778887777777888899,307,ood_long
581785867865241487,59098019145989,False,581844965884387476,18,baseline,66666667666666615611,307,ood_long
9221223331904,19796526951655,False,29017750283559,14,baseline,9332333333333333,307,ood_long
8696307208386,60829792766660,False,69526099975046,14,baseline,6277272727177272,307,ood_long
9081210069931,63896950537776,False,72978160607707,14,baseline,9020201111222121,307,ood_long
6421261670644,55689016975986,False,62110278646630,14,baseline,0266662626266626,307,ood_long
6434228989456,20455793862016,False,26890022851472,14,baseline,6337772622214423,307,ood_long
9641672866554,89882988722819,False,99524661589373,14,baseline,6476677677777777,307,ood_long
9619756234275,84857574105967,False,94477330340242,14,baseline,7626266666677666,307,ood_long
7621462391623,79986053200218,False,87607515591841,14,baseline,8260622262626262,307,ood_long
4846039732829,74682041946993,False,79528081679822,14,baseline,9733777447477744,307,ood_long
2696632359388,89300410630946,False,91997042990334,14,baseline,1606222222326623,307,ood_long
8634119116982,61340070817801,False,69974189934783,14,baseline,9610116212222222,307,ood_long
7060037563706,85836240927690,False,92896278491396,14,baseline,6677776667777760,307,ood_long
1482555231823,77610309940654,False,79092865172477,14,baseline,9652626666662665,307,ood_long
2250264243761,18268172124958,False,20518436368719,14,baseline,7242422262626272,307,ood_long
1637462085257,64482354198951,False,66119816284208,14,baseline,6726261666666666,307,ood_long
1630754666945,46527345577338,False,48158100244283,14,baseline,9675666666760666,307,ood_long
7066731678090,62213041123482,False,69279772801572,14,baseline,6677776677777767,307,ood_long
154978187617187,5699911454002269,False,5854889641619456,16,baseline,2111111116171777160,307,ood_long
675196829240400,5468021827390631,False,6143218656631031,16,baseline,0776666666666260606,307,ood_long
309345788742582,7116624550215566,False,7425970338958148,16,baseline,5777776777776666440,307,ood_long
729608061598146,2174058898783429,False,2903666960381575,16,baseline,1722121222160006060,307,ood_long
948372144037792,3369282691156237,False,4317654835194029,16,baseline,1444421727242277777,307,ood_long
339008277793553,7533452636941592,False,7872460914735145,16,baseline,6223222223223722232,307,ood_long
712684939978770,1232247900895798,False,1944932840874568,16,baseline,1411115172745551741,307,ood_long
969598407053545,2811192003894383,False,3780790410947928,16,baseline,5409555555555945454,307,ood_long
605672980634971,9671352547084035,False,10277025527719006,16,baseline,5000000000505227266,307,ood_long
677120515369593,3214185576700727,False,3891306092070320,16,baseline,5666666666661212625,307,ood_long
838615282156870,9417990829181485,False,10256606111338355,16,baseline,6232262626666116161,307,ood_long
990927162464175,7449784872860847,False,8440712035325022,16,baseline,6766777777772727777,307,ood_long
418872425266094,2234658740280985,False,2653531165547079,16,baseline,9415146761744247733,307,ood_long
803502729654053,7756754188389083,False,8560256918043136,16,baseline,6777777777772727266,307,ood_long
339489355244111,8319970604036692,False,8659459959280803,16,baseline,1433333333344443444,307,ood_long
437599211702585,2834139092381962,False,3271738304084547,16,baseline,7132322222222200520,307,ood_long
362992938920652264,97785153876570148024,False,98148146815490800288,20,baseline,9322222222223322223226,307,ood_long
380989172521084521,16541758577269343280,False,16922747749790427801,20,baseline,1212222102222222222222,307,ood_long
344629237240276698,33552933458777555711,False,33897562696017832409,20,baseline,9222222222223322222333,307,ood_long
767327963503074806,11439429253386825178,False,12206757216889899984,20,baseline,6767777777766777766777,307,ood_long
445482250530835218,11430351804467125073,False,11875834054997960291,20,baseline,7222222222223322222254,307,ood_long
488496792915168775,71563406890159210110,False,72051903683074378885,20,baseline,7777777777777777777788,307,ood_long
877488885671384928,11989332087235572958,False,12866820972906957886,20,baseline,7887777778877777777777,307,ood_long
683650163343884947,84126597066804867259,False,84810247230148752206,20,baseline,7161600016166767166663,307,ood_long
805267407995432658,88129968367088244538,False,88935235775083677196,20,baseline,7575552474640554545500,307,ood_long
897724672927696762,46995306149311061065,False,47893030822238757827,20,baseline,1777646047477777767788,307,ood_long
842329929594200701,84399295504109342251,False,85241625433703542952,20,baseline,1222200002222222222222,307,ood_long
692975720497137237,37346626504485923420,False,38039602224983060657,20,baseline,6766262666666666662626,307,ood_long
465448536954755465,96439525020975611727,False,96904973557930367192,20,baseline,7565555565555555555566,307,ood_long
558331333072882736,39514772234952390272,False,40073103568025273008,20,baseline,1773323232355522735555,307,ood_long
963882191160439643,88310090768611375290,False,89273972959771814933,20,baseline,6612222122222322222233,307,ood_long
154332300297561084,41363870906924119554,False,41518203207221680638,20,baseline,2712222222222222222222,307,ood_long
5037909459007448305,9006434361356376240,False,14044343820363824545,19,baseline,1004000000000000000400,307,ood_long
2954747146048545611,2671973858931412334,False,5626721004979957945,19,baseline,1772552474445557055555,307,ood_long
6394603724490719641,3561220824501726780,False,9955824548992446421,19,baseline,1740000000000000000000,307,ood_long
3089879576856766927,2384028964268773107,False,5473908541125540034,19,baseline,6767767676777777677778,307,ood_long
6785608540963955182,2540588129256224883,False,9326196670220180065,19,baseline,6060500006060700000071,307,ood_long
7064884553713721241,9332707035903854779,False,16397591589617576020,19,baseline,7505054546400000050600,307,ood_long
6900960175438807663,5641310512222312468,False,12542270687661120131,19,baseline,6771606066666666666660,307,ood_long
8724722254495006906,5086456719085648373,False,13811178973580655279,19,baseline,7222222222222222222222,307,ood_long
4722976001123120371,6364390157991252953,False,11087366159114373324,19,baseline,2672602066662726060222,307,ood_long
7493978169750017927,6011987054503428254,False,13505965224253446181,19,baseline,6727270707722227712223,307,ood_long
1309972500223478034,4224873963150534969,False,5534846463374013003,19,baseline,2222222222222222222200,307,ood_long
5572836606987736074,1419641048745860898,False,6992477655733596972,19,baseline,3677777777766677776665,307,ood_long
5057822833691665477,4706427271441377495,False,9764250105133042972,19,baseline,7272222222220522222550,307,ood_long
9564585818680061004,7516576736721093955,False,17081162555401154959,19,baseline,6665556666666666666666,307,ood_long
4263311643640854694,2425341145993838546,False,6688652789634693240,19,baseline,1616101010422222222622,307,ood_long
3554158739593535487,2406235072685606633,False,5960393812279142120,19,baseline,7775556576555555655555,307,ood_long
4734778420597521391,2700974648342842164,False,7435753068940363555,19,baseline,7774747274743437474333,307,ood_long
89687836386904,2621585093863,False,92309421480767,14,baseline,68777877788787777,307,ood_long
93074404602221,6159151615961,False,99233556218182,14,baseline,24410111441221141,307,ood_long
29071260179317,3086780311129,False,32158040490446,14,baseline,91702772727777222,307,ood_long
92418112528970,1718961457541,False,94137073986511,14,baseline,92222722222722222,307,ood_long
77722771603443,9231304080515,False,86954075683958,14,baseline,77777777777777727,307,ood_long
94548306547510,6713564058561,False,101261870606071,14,baseline,65576755557777554,307,ood_long
89292347284781,6044668450620,False,95337015735401,14,baseline,75484763548276434,307,ood_long
48549795281670,5717549352815,False,54267344634485,14,baseline,75727555567776560,307,ood_long
57769022194890,3570033745747,False,61339055940637,14,baseline,16000572605667220,307,ood_long
5952708620797,23940596190854919,False,23946548899475716,17,baseline,6765055066050670770,307,ood_long
2328178199408,95328906432193427,False,95331234610392835,17,baseline,9102222122222270212,307,ood_long
9954003004262,12285534866150196,False,12295488869154458,17,baseline,1759500000505000111,307,ood_long
3793556990319,63403465308901075,False,63407258865891394,17,baseline,9666265656656565656,307,ood_long
6194497953867,21876829401047210,False,21883023899001077,17,baseline,6777777777777000416,307,ood_long
8405753150247,42784894364709285,False,42793300117859532,17,baseline,7244405622650507276,307,ood_long
2595642990905,18135364227188480,False,18137959870179385,17,baseline,9222222125522450606,307,ood_long
9197545499899,74685143126341254,False,74694340671841153,17,baseline,9666166662265556096,307,ood_long
5335554753562,72726167308483836,False,72731502863237398,17,baseline,6543434666354456665,307,ood_long
5040111252337,53411825097798356,False,53416865209050693,17,baseline,7160000000050210000,307,ood_long
4838921583669,82760937243933994,False,82765776165517663,17,baseline,1613232668725222092,307,ood_long
2774579437402,94013442843028940,False,94016217422466342,17,baseline,7477777777777474757,307,ood_long
1252178816963,10324552858190815,False,10325805037007778,17,baseline,2772262622267777772,307,ood_long
9943534105846,65259623400846281,False,65269566934952127,17,baseline,6555555666655455656,307,ood_long
7053692934473,20488516696339945,False,20495570389274418,17,baseline,6200000000050506060,307,ood_long
1236002861367,14247176644673169,False,14248412647534536,17,baseline,7222266166262200606,307,ood_long
7892072657999,11116192171958888,False,11124084244616887,17,baseline,6722222722227727021,307,ood_long
3767021772264,14843987316189669,False,14847754337961933,17,baseline,2127272122222222072,307,ood_long
27938444856365,5041176939265545238,False,5041204877710401603,19,baseline,644442474544444449494,307,ood_long
77233885994872,3502735129977322220,False,3502812363863317092,19,baseline,777777772670877772777,307,ood_long
47411275687275,7350058439632241113,False,7350105850907928388,19,baseline,777777777727272744444,307,ood_long
80022976430871,6925195932507736747,False,6925275955484167618,19,baseline,777777777777777770007,307,ood_long
45805588700338,3275101476497087646,False,3275147282085787984,19,baseline,755555555555656555555,307,ood_long
61502494137160,5515046076407913164,False,5515107578902050324,19,baseline,656565665555046465565,307,ood_long
28930766410295,5877762358939387004,False,5877791289705797299,19,baseline,677777777767677777777,307,ood_long
59079312117031,8956711635591557491,False,8956770714903674522,19,baseline,666166661222272626006,307,ood_long
31566492798151,1060701606656798437,False,1060733173149596588,19,baseline,151414164105041414144,307,ood_long
35903869820435,2269724221975878392,False,2269760125845698827,19,baseline,267676777777777777777,307,ood_long
33486288733220,9826358623746812686,False,9826392110035545906,19,baseline,233333333232222233337,307,ood_long
86632432317348,9185265006743854521,False,9185351639176171869,19,baseline,766464664644444446633,307,ood_long
23147486113543,3613260207359362994,False,3613283354845476537,19,baseline,633343337646474333303,307,ood_long
18136060036910,9336680182645293421,False,9336698318705330331,19,baseline,111111111600060111110,307,ood_long
82445020140357,2732374491639321730,False,2732456936659462087,19,baseline,622222222220206022222,307,ood_long
16363530920381,4598531992179786692,False,4598548355710707073,19,baseline,066666666660606666260,307,ood_long
79865194820619,1659565593714657230,False,1659645458909477849,19,baseline,151516161510161155566,307,ood_long
78831000903967,6496849811757862464,False,6496928642758766431,19,baseline,611111111101011111110,307,ood_long
53635526432716,3652072601391716133,False,3652126236918148849,19,baseline,633326366626266666666,307,ood_long
859642486660904,3737172868810537780,False,3738032511297198684,19,baseline,655556555524245555555,307,ood_long
850814556979285,9172960729702947269,False,9173811544259926554,19,baseline,655666665555665555555,307,ood_long
589908592510131,1403122870270380728,False,1403712778862890859,19,baseline,655555555500665555566,307,ood_long
595990665289051,2920005140829140102,False,2920601131494429153,19,baseline,660616660606060600060,307,ood_long
757728952448909,4153451064876198491,False,4154208793828647400,19,baseline,755555555020202020700,307,ood_long
119928789087330,8639993699600613401,False,8640113628389700731,19,baseline,277777777777777777777,307,ood_long
945477803766224,2210840844988419847,False,2211786322792186071,19,baseline,257777777777777555666,307,ood_long
893225190712513,4843949796100065041,False,4844843021290777554,19,baseline,616222222121222223222,307,ood_long
891046721576326,2347703074415568188,False,2348594121137144514,19,baseline,677777777266666777777,307,ood_long
173876243055767,9903366830222560726,False,9903540706465616493,19,baseline,626262627266666627726,307,ood_long
710401463394871,5851529748553567559,False,5852240150016962430,19,baseline,751414146441014141404,307,ood_long
9259039427459,950056364833727,False,959315404261186,15,baseline,94455555405555400,307,ood_long
5676528149023,230820103336546,False,236496631485569,15,baseline,61510666222222622,307,ood_long
6893997937570,891419203176859,False,898313201114429,15,baseline,69777779777777000,307,ood_long
8923999498091,319449613551706,False,328373613049797,15,baseline,10006626007166000,307,ood_long
5506957287578,415993163590481,False,421500120878059,15,baseline,25727555661606560,307,ood_long
8170840818196,936146680559719,False,944317521377915,15,baseline,91057116151100000,307,ood_long
5579406894823,164036524393932,False,169615931288755,15,baseline,77777656161614700,307,ood_long
4519733264607,261608700078516,False,266128433343123,15,baseline,73377355473773337,307,ood_long
7326833704247,454476502063621,False,461803335767868,15,baseline,73737272733272733,307,ood_long
1464313230592369,15796596922948846,False,17260910153541215,17,baseline,96112111262322111662,307,ood_long
5090086886691152,89499751589801672,False,94589838476492824,17,baseline,66676666777777777777,307,ood_long
2623435785221496,12229385345375310,False,14852821130596806,17,baseline,26666626263626363222,307,ood_long
8993740554572609,24223917007410900,False,33217657561983509,17,baseline,66516666505051565555,307,ood_long
1526153334958061,66097049087397492,False,67623202422355553,17,baseline,95256262624606151222,307,ood_long
3743453444171293,40461837674332189,False,44205291118503482,17,baseline,14747474444456444444,307,ood_long
1945679831528463,45099005974910172,False,47044685806438635,17,baseline,27977777777777777777,307,ood_long
2107471649072823,82165985658589410,False,84273457307662233,17,baseline,21617171717271727100,307,ood_long
3592664045212691,99134013312043672,False,102726677357256363,17,baseline,64545552454561642422,307,ood_long
3359660292496812,80475677932520523,False,83835338225017335,17,baseline,93333333062060603330,307,ood_long
9347558776705149,19150546877991894,False,28498105654697043,17,baseline,63353536666566666337,307,ood_long
7581626740667728,78097494249903232,False,85679120990570960,17,baseline,67677777777277777777,307,ood_long
3622839279995930,83718899312652955,False,87341738592648885,17,baseline,92233322233333333332,307,ood_long
5170717090233233,54378502518391200,False,59549219608624433,17,baseline,26171271710102222121,307,ood_long
6667279217211928,28436671600191578,False,35103950817403506,17,baseline,26666666672727266666,307,ood_long
9917790271959061,64542942021494649,False,74460732293453710,17,baseline,16161617172070700001,307,ood_long
3004190950061087,38836925227326682907,False,38839929418276743994,20,baseline,1000000000000000000000,307,ood_long
2564825076069173,76514967988850206518,False,76517532813926275691,20,baseline,2525262226262555266665,307,ood_long
8502997507938796,22137110593962757935,False,22145613591470696731,20,baseline,1777775702767666767666,307,ood_long
6138364996055578,43407718871743795054,False,43413857236739850632,20,baseline,6556464606064646464646,307,ood_long
4569125996086586,12105090587188975872,False,12109659713185062458,20,baseline,7665555252525555556556,307,ood_long
3766068466651560,87455697675591928743,False,87459463744058580303,20,baseline,6475746606066666666666,307,ood_long
2124110059837261,33450218028694660360,False,33452342138754497621,20,baseline,2112111010010112100102,307,ood_long
4561868609482774,26623535294070417935,False,26628097162679900709,20,baseline,7777776770677666777766,307,ood_long
3436259472482699,34975128496927588246,False,34978564756400070945,20,baseline,1542544555554444455544,307,ood_long
1451894112227166,47879473327303753185,False,47880925221415980351,20,baseline,1111111212111151121115,307,ood_long
1742120638988411,82519094957784167561,False,82520837078423155972,20,baseline,2111112120211111101111,307,ood_long
7244940195511586,68631812970026147839,False,68639057910221659425,20,baseline,1521525105051222201022,307,ood_long
2112099180879789,78832416838815277619,False,78834528937996157408,20,baseline,1222222000001011100101,307,ood_long
9753410130303237,29156401606533962097,False,29166155016664265334,20,baseline,1010101000010000000000,307,ood_long
4103695536956349,15904006352752513068,False,15908110048289469417,20,baseline,9666655555556565656565,307,ood_long
4749736163243138,35052634408903472041,False,35057384145066715179,20,baseline,7777772222773737777273,307,ood_long
22072808428484136817,45681107033211113228,False,67753915461695250045,20,baseline,12000002022220202020022,307,ood_long
95988130947594002520,82721228402752034955,False,178709359350346037475,20,baseline,02422270249594200995959,307,ood_long
72059402430997517818,18467207792450301185,False,90526610223447819003,20,baseline,15204041412220002000001,307,ood_long
42812318773502983928,81197495568731123738,False,124009814342234107666,20,baseline,72222223232227222222222,307,ood_long
36245588948464278246,50094642760479550635,False,86340231708943828881,20,baseline,65656565656227576266277,307,ood_long
78517945764991007269,31800650009839160085,False,110318595774830167354,20,baseline,65555555555555555555555,307,ood_long
44295632877484366600,34732595102021892688,False,79028227979506259288,20,baseline,73232373333337733334444,307,ood_long
73945842057685909892,90129588068002126724,False,164075430125688036616,20,baseline,65424242522222525203092,307,ood_long
77728016567614542609,91218590528585851178,False,168946607096200393787,20,baseline,61101016167771716777777,307,ood_long
21855568162073403243,44873174610839862932,False,66728742772913266175,20,baseline,66666666666666666611666,307,ood_long
41455187069445029044,56690271767961794587,False,98145458837406823631,20,baseline,67222777161617701511111,307,ood_long
19015380116391849953,79570036868144822716,False,98585416984536672669,20,baseline,17000030211010001000000,307,ood_long
5648245328712080932,76253044017715377746,False,81901289346427458678,20,baseline,65555454544444455446644,307,ood_long
4814696148860935752,58413402378166396299,False,63228098527027332051,20,baseline,16660606066666666660971,307,ood_long
3945158119368660246,44433562369401543237,False,48378720488770203483,20,baseline,66652525652525252259959,307,ood_long
7571018321878940297,16890670578552675594,False,24461688900431615891,20,baseline,77272272727777777777777,307,ood_long
6998987962474729818,52898438347545779443,False,59897426310020509261,20,baseline,77777777788999877899000,307,ood_long
3512579442384615317,88178623532603976839,False,91691202974988592156,20,baseline,67454747474444744445515,307,ood_long
8998572400360916330,92092274231232553097,False,101090846631593469427,20,baseline,62722227272332722223999,307,ood_long
6790121049102122353,44755961043927106224,False,51546082093029228577,20,baseline,21112121111111111111001,307,ood_long
8043384008712108167,19340561860363245051,False,27383945869075353218,20,baseline,71504014140000111140040,307,ood_long
8324378879545904705,64569223760834357464,False,72893602640380262169,20,baseline,77777777783333777833333,307,ood_long
1927357639573222676,97209267245808164147,False,99136624885381386823,20,baseline,67776666666777777777777,307,ood_long
1422581514383758092,22601137824375640955,False,24023719338759399047,20,baseline,71122121211122121111522,307,ood_long
5875254853814419205,53679257213752074007,False,59554512067566493212,20,baseline,65555555555555555558875,307,ood_long
2938625722644515351,79287721763439095322,False,82226347486083610673,20,baseline,27625222252525256623343,307,ood_long
5886109885021331506,21191799803144909664,False,27077909688166241170,20,baseline,10000000101010101010888,307,ood_long
1408633155832641582,64917039946061998666,False,66325673101894640248,20,baseline,27233333333333733300000,307,ood_long
6143977973825750065,89525301059762920830,False,95669279033588670895,20,baseline,67777777777777777777167,307,ood_long
6530592450798702306,48983235720565225177,False,55513828171363927483,20,baseline,62252222222232222233333,307,ood_long
8709786151092137674,98869060529703219054,False,107578846680795356728,20,baseline,66626060666676666660707,307,ood_long
6437465690204740964,46930013993374448329,False,53367479683579189293,20,baseline,65666666666666666666444,307,ood_long
12107333365672910,4890430275187,False,12112223795948097,17,baseline,2426166776163333737,307,ood_long
46274873277786245,9510407144262,False,46284383684930507,17,baseline,7777773646777724747,307,ood_long
50572049835911954,6055987624076,False,50578105823536030,17,baseline,1400000000050502020,307,ood_long
67793281279365480,7125117792263,False,67800406397157743,17,baseline,6271727227222222322,307,ood_long
84461648014771262,3159281470671,False,84464807296241933,17,baseline,1744456666666611616,307,ood_long
24490365628097220,2571974234356,False,24492937602331576,17,baseline,2652526201262600000,307,ood_long
53352676630962183,2066185158263,False,53354742816120446,17,baseline,6777666666667676766,307,ood_long
85204876073813373,5006498237518,False,85209882572050891,17,baseline,7777777777777727777,307,ood_long
61861209559849263,7375104769592,False,61868584664618855,17,baseline,1611111121611211061,307,ood_long
15167100850677503,8132805839481,False,15175233656516984,17,baseline,6116161666610170671,307,ood_long
14137198447812682,3710909567949,False,14140909357380631,17,baseline,1711111111111717171,307,ood_long
62073025056277302,4340464230072,False,62077365520507374,17,baseline,6222262626260003776,307,ood_long
76480285924399412,6949576651695,False,76487235501051107,17,baseline,2566662226256300000,307,ood_long
38901538467079130,9933266921595,False,38911471734000725,17,baseline,9333334252253501161,307,ood_long
71160478643257253,8230621954373,False,71168709265211626,17,baseline,6477776677777471160,307,ood_long
61835288158789403,7153495983134,False,61842441654772537,17,baseline,2771166661662226666,307,ood_long
51471599920356711,5740255891196,False,51477340176247907,17,baseline,6651555666155561100,307,ood_long
17358994662352126,5817120405308871130,False,5834479399971223256,19,baseline,611111000000111111011,307,ood_long
70095082781669746,8711547663887226787,False,8781642746668896533,19,baseline,177720220206000000000,307,ood_long
97449645447254428,3205598326926429844,False,3303047972373684272,19,baseline,655465555555544445554,307,ood_long
46066456172635607,8369109191579110357,False,8415175647751745964,19,baseline,655656556665566666666,307,ood_long
22963409864676531,7589059689577331136,False,7612023099442007667,19,baseline,142142040404242220002,307,ood_long
19911139663722506,3612389620035185970,False,3632300759698908476,19,baseline,242424433333444533734,307,ood_long
73896691093949523,4678431087003364453,False,4752327778097313976,19,baseline,566660606066662260602,307,ood_long
81035001228661343,6209661744726170835,False,6290696745954832178,19,baseline,111211000001111101011,307,ood_long
14494016563447202,7535856246477166774,False,7550350263040613976,19,baseline,111111010101111110111,307,ood_long
56570360642787977,9391007014894174166,False,9447577375536962143,19,baseline,767666606777666667766,307,ood_long
10901857282850690,8147740045378221287,False,8158641902661071977,19,baseline,266665662626666666666,307,ood_long
99506776326940695,8102180284289477387,False,8201687060616418082,19,baseline,677777777777777777777,307,ood_long
64879595484990818,6342073398812229282,False,6406952994297220100,19,baseline,666655555555555555555,307,ood_long
16424486576508706,9895409338967042480,False,9911833825543551186,19,baseline,156564646056464656066,307,ood_long
54680507983590540,4581658814056455520,False,4636339322040046060,19,baseline,155555060505555555055,307,ood_long
24705381902805210,3359837329708151668,False,3384542711610956878,19,baseline,222222222222222222222,307,ood_long
16052867843706385,2308522451080500156,False,2324575318924206541,19,baseline,676767777777666677776,307,ood_long
66349932737751614,7457104986126355842,False,7523454918864107456,19,baseline,633323232232363677726,307,ood_long
50642879131904548,371865507024739,False,51014744638929287,17,baseline,0000000006772777700,307,ood_long
77590899938240333,697325045358837,False,78288224983599170,17,baseline,2757572225200012222,307,ood_long
94941180826976016,993628235540138,False,95934809062516154,17,baseline,6000000000000111000,307,ood_long
69706791280081685,410442494011007,False,70117233774092692,17,baseline,6767777777772777777,307,ood_long
29008491168199686,346446223193101,False,29354937391392787,17,baseline,1111516271504000010,307,ood_long
67107606073572525,980507801576862,False,68088113875149387,17,baseline,6166666666166666666,307,ood_long
23550646036766320,894461635369324,False,24445107672135644,17,baseline,6333433265455606665,307,ood_long
32418938000744154,573143973551727,False,32992081974295881,17,baseline,0222232723323000002,307,ood_long
79250175381604490,505301389699313,False,79755476771303803,17,baseline,6777777777660271773,307,ood_long
32516560832647149,851596244586113,False,33368157077233262,17,baseline,6222666666566666666,307,ood_long
95399901736514594,261020443351984,False,95660922179866578,17,baseline,6055555555000960092,307,ood_long
61589321939511238,887467447754026,False,62476789387265264,17,baseline,1616126161322232626,307,ood_long
58709376288767342,409289515279626,False,59118665804046968,17,baseline,7777777777777777777,307,ood_long
50150354471573318,783183570595477,False,50933538042168795,17,baseline,6505000150554000001,307,ood_long
7566868603025590,4567284513770,False,7571435887539360,16,baseline,666666666666666606,307,ood_long
3847985090727215,5935896484868,False,3853920987212083,16,baseline,252525522272655922,307,ood_long
6480881471856787,5487973882780,False,6486369445739567,16,baseline,671714477777100000,307,ood_long
9834941447755686,3151399914488,False,9838092847670174,16,baseline,655548455548544005,307,ood_long
3727309018805070,4513354424227,False,3731822373229297,16,baseline,020222202027222030,307,ood_long
8522703033617618,8084656077437,False,8530787689695055,16,baseline,677722217272222207,307,ood_long
3928286121610986,6487982249057,False,3934774103860043,16,baseline,126622266666222222,307,ood_long
4975928513476278,4457309026067,False,4980385822502345,16,baseline,727766666776662226,307,ood_long
2892857654365313,8039073125690,False,2900896727491003,16,baseline,666777666676665657,307,ood_long
5184722484419787,7454966906015524,False,12639689390435311,16,baseline,9515125162423272741,307,ood_long
4873464592738943,1343964271027541,False,6217428863766484,16,baseline,9484466674747474447,307,ood_long
9485771688920450,7267385860057492,False,16753157548977942,16,baseline,6777777777777777777,307,ood_long
3211280986261922,4336683390824629,False,7547964377086551,16,baseline,1222212222130222222,307,ood_long
5789902856993946,5931839406882803,False,11721742263876749,16,baseline,9722252725200090948,307,ood_long
8833354406420988,6150577130365688,False,14983931536786676,16,baseline,1484442525444446463,307,ood_long
4280949319707175,1474825024364754,False,5755774344071929,16,baseline,1222424224445000000,307,ood_long
3023435498522950,4213677697375399,False,7237113195898349,16,baseline,9403504025454424333,307,ood_long
7469392772193016,3480371880723108,False,10949764652916124,16,baseline,6272222222222222222,307,ood_long
9200069750894213,8507274173893949,False,17707343924788162,16,baseline,2222677676006060600,307,ood_long
3329654061229844,9852122217948379,False,13181776279178223,16,baseline,9333343334355426232,307,ood_long
1433142128763834,4144705152079148,False,5577847280842982,16,baseline,9221111111222411112,307,ood_long
84698230992272029945,9122862091862649151,False,93821093084134679096,20,baseline,2722222222222222222244,307,ood_long
71924364267162184644,4253567723800723474,False,76177931990962908118,20,baseline,7764636764647776646110,307,ood_long
60090810184210555195,7646171556668091799,False,67736981740878646994,20,baseline,6110101011000001100000,307,ood_long
16523378808130984010,3931691009575426442,False,20455069817706410452,20,baseline,0777777777766777776565,307,ood_long
59807876723238645137,4394206904201064363,False,64202083627439709500,20,baseline,6777777777777777777777,307,ood_long
97170928339690512149,2433891649674808392,False,99604819989365320541,20,baseline,9222222222222222222272,307,ood_long
59414475743332165361,5468792399316841394,False,64883268142649006755,20,baseline,7665764746566676766500,307,ood_long
78277346712084404444,8695563242512673026,False,86972909954597077470,20,baseline,7474744446472747472222,307,ood_long
82649617408769445046,8588128231888065297,False,91237745640657510343,20,baseline,6727277777222771726222,307,ood_long
62617788723936418200,1793952975498928546,False,64411741699435346746,20,baseline,6777777777777777777777,307,ood_long
3097993266906455417,7112782611824,False,3098000379689067241,19,baseline,023333000932393939333,307,ood_long
5807488297690313565,2561343164788,False,5807490859033478353,19,baseline,677777777772724747000,307,ood_long
1828655535911066711,1783187339332,False,1828657319098406043,19,baseline,666666666665656666622,307,ood_long
2812223341832951603,4459850592111,False,2812227801683543714,19,baseline,122222222232322222222,307,ood_long
6240953086040293628,8876728997777,False,6240961962769291405,19,baseline,625252525252556000042,307,ood_long
9580586619144354918,9030023916837,False,9580595649168271755,19,baseline,666666767666657666677,307,ood_long
7132615551932588423,7583296405349,False,7132623135228993772,19,baseline,266666666666161666637,307,ood_long
6788013906951631234,8310858634004,False,6788022217810265238,19,baseline,677771667710101000100,307,ood_long
9816440109823842627,1938613698140,False,9816442048437540767,19,baseline,111111111151414111111,307,ood_long
838471999999999999,5,False,838472000000000004,18,baseline,109999938980809988709,307,carry_chain
219999999999999999,9,False,220000000000000008,18,baseline,101001010000000000000,307,carry_chain
199999999999999999,3,False,200000000000000002,18,baseline,110000000000000000000,307,carry_chain
455709999999999999,1,False,455710000000000000,18,baseline,155555555580845570000,307,carry_chain
199999999999999999,5,False,200000000000000004,18,baseline,110000000000000000000,307,carry_chain
459599999999999999,6,False,459600000000000005,18,baseline,100000000050000000000,307,carry_chain
277799999999999999,7,False,277800000000000006,18,baseline,108888877880808880888,307,carry_chain
101266999999999999,6,False,101267000000000005,18,baseline,,307,carry_chain
992117357999999999,3,False,992117358000000002,18,baseline,961111033210011111111,307,carry_chain
394899999999999999,3,False,394900000000000002,18,baseline,100500099590000500009,307,carry_chain
206099999999999999,1,False,206100000000000000,18,baseline,,307,carry_chain
855710899999999999,2,False,855710900000000001,18,baseline,906565555680705671007,307,carry_chain
494777108999999999,3,False,494777109000000002,18,baseline,,307,carry_chain
550499999999999999,3,False,550500000000000002,18,baseline,900000055050000050000,307,carry_chain
365167499999999999,3,False,365167500000000002,18,baseline,,307,carry_chain
314015799999999999,6,False,314015800000000005,18,baseline,,307,carry_chain
968283999999999999,1,False,968284000000000000,18,baseline,100009778370008030002,307,carry_chain
776997999999999999,8,False,776998000000000007,18,baseline,107077787700077700007,307,carry_chain
999999999999999999,4,False,1000000000000000003,18,baseline,100000000000000000000,307,carry_chain
322883399999999999,7,False,322883400000000006,18,baseline,,307,carry_chain
923258999999999999,1,False,923259000000000000,18,baseline,101443333300000366003,307,carry_chain
303879999999999999,7,False,303880000000000006,18,baseline,104334103480800088878,307,carry_chain
112470399999999999,1,False,112470400000000000,18,baseline,,307,carry_chain
123999999999999999,8,False,124000000000000007,18,baseline,,307,carry_chain
548889799999999999,2,False,548889800000000001,18,baseline,,307,carry_chain
600189999999999999,9,False,600190000000000008,18,baseline,,307,carry_chain
962299999999999999,6,False,962300000000000005,18,baseline,103127726310012700003,307,carry_chain
229302469999999999,1,False,229302470000000000,18,baseline,,307,carry_chain
788889999999999999,3,False,788890000000000002,18,baseline,109999998990099999009,307,carry_chain
629999999999999999,3,False,630000000000000002,18,baseline,100000100000000000000,307,carry_chain
338999999999999999,9,False,339000000000000008,18,baseline,109099444900099900000,307,carry_chain
155099999999999999,4,False,155100000000000003,18,baseline,,307,carry_chain
777640009999999999,7,False,777640010000000006,18,baseline,,307,carry_chain
499999999999999999,4,False,500000000000000003,18,baseline,100000000000000000000,307,carry_chain
984999999999999999,4,False,985000000000000003,18,baseline,100005999500005500000,307,carry_chain
651363308999999999,1,False,651363309000000000,18,baseline,,307,carry_chain
489999999999999999,1,False,490000000000000000,18,baseline,100000099900000000000,307,carry_chain
970999999999999999,9,False,971000000000000008,18,baseline,100000879800000000000,307,carry_chain
999999999999999999,6,False,1000000000000000005,18,baseline,100000000000000000000,307,carry_chain
626369999999999999,6,False,626370000000000005,18,baseline,107677326767077777777,307,carry_chain
202209999999999999,7,False,202210000000000006,18,baseline,102222020210012220000,307,carry_chain
899999999,6,False,900000005,9,baseline,900165,307,carry_chain
133999999,3,False,134000002,9,baseline,133432,307,carry_chain
311369999,8,False,311370007,9,baseline,311017,307,carry_chain
511999999,5,False,512000004,9,baseline,512154,307,carry_chain
394989999,5,False,394990004,9,baseline,495544,307,carry_chain
999999999,8,False,1000000007,9,baseline,1000070,307,carry_chain
199999999,3,False,200000002,9,baseline,100032,307,carry_chain
199999999,6,False,200000005,9,baseline,100065,307,carry_chain
325999999,9,False,326000008,9,baseline,326108,307,carry_chain
999999999,2,False,1000000001,9,baseline,1000110,307,carry_chain
999999999,4,False,1000000003,9,baseline,1000443,307,carry_chain
999999999,5,False,1000000004,9,baseline,1000054,307,carry_chain
899999999,4,False,900000003,9,baseline,900443,307,carry_chain
431229999,9,False,431230008,9,baseline,431128,307,carry_chain
299999999,7,False,300000006,9,baseline,300176,307,carry_chain
999999999,9,False,1000000008,9,baseline,1000009,307,carry_chain
494999999,3,False,495000002,9,baseline,595332,307,carry_chain
435779999,3,False,435780002,9,baseline,436112,307,carry_chain
999999999,6,False,1000000005,9,baseline,1000165,307,carry_chain
279099999,3,False,279100002,9,baseline,279342,307,carry_chain
643999999,7,False,644000006,9,baseline,644166,307,carry_chain
699999999,6,False,700000005,9,baseline,700165,307,carry_chain
399999999,3,False,400000002,9,baseline,400232,307,carry_chain
551599999,1,False,551600000,9,baseline,551210,307,carry_chain
899999999,5,False,900000004,9,baseline,900054,307,carry_chain
274499999,3,False,274500002,9,baseline,274872,307,carry_chain
91259999999999999,4,False,91260000000000003,17,baseline,10011112221500011000,307,carry_chain
99999999999999999,3,False,100000000000000002,17,baseline,10000000000000000000,307,carry_chain
76702639999999999,9,False,76702640000000008,17,baseline,10270777677100770037,307,carry_chain
40925388999999999,4,False,40925389000000003,17,baseline,10000000000350000000,307,carry_chain
61883304599999999,9,False,61883304600000008,17,baseline,94998991918489599949,307,carry_chain
44979080999999999,7,False,44979081000000006,17,baseline,95494000099999493790,307,carry_chain
51999999999999999,3,False,52000000000000002,17,baseline,10000001010000000000,307,carry_chain
93559999999999999,7,False,93560000000000006,17,baseline,10055565455500555600,307,carry_chain
62053999999999999,2,False,62054000000000001,17,baseline,10000000200500000000,307,carry_chain
51673999999999999,6,False,51674000000000005,17,baseline,10757762227808077748,307,carry_chain
99999999999999999,6,False,100000000000000005,17,baseline,10000000000000000000,307,carry_chain
74400356199999999,7,False,74400356200000006,17,baseline,95904544444000040000,307,carry_chain
13999999999999999,4,False,14000000000000003,17,baseline,10000000000000000000,307,carry_chain
85400999999999999,2,False,85401000000000001,17,baseline,10000555554000049000,307,carry_chain
50079999999999999,3,False,50080000000000002,17,baseline,10001010000800800800,307,carry_chain
59999999999999999,6,False,60000000000000005,17,baseline,10000000000000000000,307,carry_chain
73599999999999999,9,False,73600000000000008,17,baseline,10000554455000050000,307,carry_chain
49999999999999999,8,False,50000000000000007,17,baseline,10000000000000000000,307,carry_chain
48531750099999999,5,False,48531750100000004,17,baseline,95555558555094555555,307,carry_chain
64769999999999999,2,False,64770000000000001,17,baseline,10767675467079077700,307,carry_chain
89999999999999999,9,False,90000000000000008,17,baseline,10000000000000000000,307,carry_chain
87250174999999999,2,False,87250175000000001,17,baseline,90526102225000025500,307,carry_chain
20199999999999999,6,False,20200000000000005,17,baseline,10111111011000011000,307,carry_chain
69999999999999999,1,False,70000000000000000,17,baseline,10000000000000000000,307,carry_chain
65560517999999999,8,False,65560518000000007,17,baseline,95555655555606055600,307,carry_chain
36134064999999999,7,False,36134065000000006,17,baseline,99411111011499900044,307,carry_chain
28766633999999999,6,False,28766634000000005,17,baseline,92277778777669677677,307,carry_chain
27689999999999999,1,False,27690000000000000,17,baseline,11170777777900770900,307,carry_chain
62137499999999999,3,False,62137500000000002,17,baseline,90111122222709011086,307,carry_chain
15666359099999999,3,False,15666359100000002,17,baseline,90060666666606666666,307,carry_chain
31799999999999999,8,False,31800000000000007,17,baseline,10080882278000878000,307,carry_chain
99999999999999999,7,False,100000000000000006,17,baseline,10000000000000000000,307,carry_chain
69999999999999999,2,False,70000000000000001,17,baseline,10000000000000000000,307,carry_chain
52729999999999999,9,False,52730000000000008,17,baseline,10707173227000777000,307,carry_chain
88969999999,8,False,88970000007,11,baseline,1890078,307,carry_chain
59999999999,4,False,60000000003,11,baseline,400009,307,carry_chain
27199999999,5,False,27200000004,11,baseline,177118,307,carry_chain
58999999999,2,False,59000000001,11,baseline,489009,307,carry_chain
24399999999,2,False,24400000001,11,baseline,144430,307,carry_chain
81699999999,4,False,81700000003,11,baseline,1112703,307,carry_chain
33769999999,1,False,33770000000,11,baseline,233769,307,carry_chain
16939999999,2,False,16940000001,11,baseline,077000,307,carry_chain
18999999999,6,False,19000000005,11,baseline,099900,307,carry_chain
67730999999,1,False,67731000000,11,baseline,1777709,307,carry_chain
89999999999,6,False,90000000005,11,baseline,1000000,307,carry_chain
24379999999,4,False,24380000003,11,baseline,144439,307,carry_chain
99999999999,9,False,100000000008,11,baseline,1000000,307,carry_chain
74020999999,6,False,74021000005,11,baseline,1444009,307,carry_chain
11799999999,3,False,11800000002,11,baseline,011170,307,carry_chain
61999999999,6,False,62000000005,11,baseline,912008,307,carry_chain
99999999999,4,False,100000000003,11,baseline,1000009,307,carry_chain
72869999999,2,False,72870000001,11,baseline,1228070,307,carry_chain
32881199999,8,False,32881200007,11,baseline,1228809,307,carry_chain
79999999999,4,False,80000000003,11,baseline,1000003,307,carry_chain
80813999999,4,False,80814000003,11,baseline,1000819,307,carry_chain
82639999999,9,False,82640000008,11,baseline,1223738,307,carry_chain
99999999999,1,False,100000000000,11,baseline,1000000,307,carry_chain
16763599999,1,False,16763600000,11,baseline,577769,307,carry_chain
54759399999,2,False,54759400001,11,baseline,345763,307,carry_chain
59999999999,1,False,60000000000,11,baseline,400009,307,carry_chain
63066799999,5,False,63066800004,11,baseline,1300174,307,carry_chain
20434999999,5,False,20435000004,11,baseline,1000439,307,carry_chain
86199999999,9,False,86200000008,11,baseline,1671108,307,carry_chain
63039999999,8,False,63040000007,11,baseline,430018,307,carry_chain
62693999999,6,False,62694000005,11,baseline,427603,307,carry_chain
99854999999,5,False,99855000004,11,baseline,1000959,307,carry_chain
27619999999,9,False,27620000008,11,baseline,1777109,307,carry_chain
71999999999,9,False,72000000008,11,baseline,1122008,307,carry_chain
36999999999,5,False,37000000004,11,baseline,367009,307,carry_chain
46704999999,2,False,46705000001,11,baseline,467709,307,carry_chain
33440499999,6,False,33440500005,11,baseline,233359,307,carry_chain
33999999999,8,False,34000000007,11,baseline,234008,307,carry_chain
10395999999,7,False,10396000006,11,baseline,000130,307,carry_chain
7409999999999999,6,False,7410000000000005,16,baseline,1000000009400090000,307,carry_chain
9118637999999999,5,False,9118638000000004,16,baseline,1000000122227980107,307,carry_chain
6351819999999999,7,False,6351820000000006,16,baseline,1900000553550090500,307,carry_chain
9999999999999999,8,False,10000000000000007,16,baseline,1000000000000090000,307,carry_chain
6099999999999999,5,False,6100000000000004,16,baseline,1000000000000090000,307,carry_chain
9076749999999999,9,False,9076750000000008,16,baseline,1707070707077999777,307,carry_chain
4849999999999999,1,False,4850000000000000,16,baseline,1000000589950994950,307,carry_chain
5999999999999999,7,False,6000000000000006,16,baseline,1000000000000090000,307,carry_chain
4578759999999999,4,False,4578760000000003,16,baseline,1000847566788958888,307,carry_chain
2999999999999999,7,False,3000000000000006,16,baseline,1011100000000091000,307,carry_chain
9999999999999999,7,False,10000000000000006,16,baseline,1000000000000090000,307,carry_chain
3913199999999999,4,False,3913200000000003,16,baseline,1500111100114098015,307,carry_chain
8026485899999999,1,False,8026485900000000,16,baseline,9600707132275007176,307,carry_chain
2599999999999999,8,False,2600000000000007,16,baseline,1010100000990090990,307,carry_chain
2685734999999999,8,False,2685735000000007,16,baseline,9924849689697948965,307,carry_chain
1368909999999999,3,False,1368910000000002,16,baseline,1099900616669099609,307,carry_chain
7409999999999999,2,False,7410000000000001,16,baseline,1000000009400090000,307,carry_chain
7504909999999999,6,False,7504910000000005,16,baseline,1000000005005090005,307,carry_chain
8841349999999999,3,False,8841350000000002,16,baseline,1325152544441990522,307,carry_chain
4209999999999999,5,False,4210000000000004,16,baseline,1000000000000094000,307,carry_chain
7197399999999999,1,False,7197400000000000,16,baseline,1800800000008008008,307,carry_chain
1798109999999999,7,False,1798110000000006,16,baseline,1010090009791090909,307,carry_chain
1412111299999999,5,False,1412111300000004,16,baseline,1100111011111090111,307,carry_chain
9180299999999999,2,False,9180300000000001,16,baseline,1010090910090000900,307,carry_chain
4835229999999999,3,False,4835230000000002,16,baseline,1524354488355000435,307,carry_chain
4219999999999999,1,False,4220000000000000,16,baseline,1000000111110094100,307,carry_chain
1806336199999999,5,False,1806336200000004,16,baseline,9201070100066906006,307,carry_chain
9789999999999999,2,False,9790000000000001,16,baseline,1000090988890090890,307,carry_chain
3899999999999999,1,False,3900000000000000,16,baseline,1000000000000099990,307,carry_chain
6715999999999999,8,False,6716000000000007,16,baseline,1000500111105090015,307,carry_chain
1210999999999999,4,False,1211000000000003,16,baseline,1000000111100090110,307,carry_chain
3156649999999999,2,False,3156650000000001,16,baseline,9699506500506999656,307,carry_chain
4063779999999999,5,False,4063780000000004,16,baseline,1700747660678998677,307,carry_chain
8219719399999999,4,False,8219719400000003,16,baseline,1000000122210930100,307,carry_chain
9739999999999999,9,False,9740000000000008,16,baseline,1000043088890090800,307,carry_chain
6899999999999999,7,False,6900000000000006,16,baseline,1000000000000090000,307,carry_chain
9750759999999999,3,False,9750760000000002,16,baseline,1000005557550890500,307,carry_chain
3577999999999999,1,False,3578000000000000,16,baseline,1002327757679998778,307,carry_chain
8250029999999999,6,False,8250030000000005,16,baseline,1000000525250090500,307,carry_chain
9674799999999999,7,False,9674800000000006,16,baseline,1700708777788080758,307,carry_chain
8380549999999999,8,False,8380550000000007,16,baseline,1000009088800590800,307,carry_chain
3387451899999999,3,False,3387451900000002,16,baseline,9499908893885099888,307,carry_chain
7999999,2,False,8000001,7,baseline,7000010,307,carry_chain
5769999,7,False,5770006,7,baseline,577006,307,carry_chain
1349999,1,False,1350000,7,baseline,1340000,307,carry_chain
2079999,3,False,2080002,7,baseline,2080029,307,carry_chain
9719999,8,False,9720007,7,baseline,971007,307,carry_chain
8399999,4,False,8400003,7,baseline,8400039,307,carry_chain
9999999,9,False,10000008,7,baseline,10000089,307,carry_chain
1899999,7,False,1900006,7,baseline,199006,307,carry_chain
9799999,4,False,9800003,7,baseline,9800039,307,carry_chain
1899999,9,False,1900008,7,baseline,1900089,307,carry_chain
8217999,9,False,8218008,7,baseline,8218089,307,carry_chain
2849999,6,False,2850005,7,baseline,285005,307,carry_chain
9999999,3,False,10000002,7,baseline,1000032,307,carry_chain
9999999,2,False,10000001,7,baseline,10000210,307,carry_chain
5123999,6,False,5124005,7,baseline,512405,307,carry_chain
3459999,5,False,3460004,7,baseline,3460040,307,carry_chain
7999999,7,False,8000006,7,baseline,7000069,307,carry_chain
9999999,6,False,10000005,7,baseline,1000065,307,carry_chain
1999999,9,False,2000008,7,baseline,10000089,307,carry_chain
9999999,7,False,10000006,7,baseline,10000069,307,carry_chain
1999999,4,False,2000003,7,baseline,1000043,307,carry_chain
9499999,2,False,9500001,7,baseline,9590010,307,carry_chain
9999999,4,False,10000003,7,baseline,10000439,307,carry_chain
9999999,8,False,10000007,7,baseline,10000079,307,carry_chain
9999999,1,False,10000000,7,baseline,10000100,307,carry_chain
3991999,5,False,3992004,7,baseline,3992040,307,carry_chain
6486999,5,False,6487004,7,baseline,6487050,307,carry_chain
2207999,5,False,2208004,7,baseline,2208049,307,carry_chain
7399999,7,False,7400006,7,baseline,740006,307,carry_chain
6999999,6,False,7000005,7,baseline,6000055,307,carry_chain
3801999,4,False,3802003,7,baseline,3802039,307,carry_chain
3999999,1,False,4000000,7,baseline,3900000,307,carry_chain
1575999,3,False,1576002,7,baseline,157603,307,carry_chain
9831999,8,False,9832007,7,baseline,983207,307,carry_chain
178882709999999,5,False,178882710000004,15,baseline,189099909898919990,307,carry_chain
980519659999999,4,False,980519660000003,15,baseline,950000050000009500,307,carry_chain
538999999999999,4,False,539000000000003,15,baseline,100000000949909999,307,carry_chain
114539999999999,6,False,114540000000005,15,baseline,159090000044509999,307,carry_chain
687299999999999,8,False,687300000000007,15,baseline,120000001887709908,307,carry_chain
968559999999999,5,False,968560000000004,15,baseline,166000500969600909,307,carry_chain
615499999999999,8,False,615500000000007,15,baseline,150000005651509990,307,carry_chain
999999999999999,4,False,1000000000000003,15,baseline,100000000000009880,307,carry_chain
899999999999999,1,False,900000000000000,15,baseline,100000000000009000,307,carry_chain
370269999999999,3,False,370270000000002,15,baseline,126999404000069882,307,carry_chain
623249999999999,6,False,623250000000005,15,baseline,135000004333419990,307,carry_chain
199999999999999,4,False,200000000000003,15,baseline,100000000000009890,307,carry_chain
759208599999999,6,False,759208600000005,15,baseline,120900000959209949,307,carry_chain
129116129999999,1,False,129116130000000,15,baseline,101999000000009090,307,carry_chain
916683399999999,4,False,916683400000003,15,baseline,179533957616689397,307,carry_chain
469790999999999,3,False,469791000000002,15,baseline,180999000000089995,307,carry_chain
992849079999999,6,False,992849080000005,15,baseline,195000000033090900,307,carry_chain
842702999999999,9,False,842703000000008,15,baseline,170000701222700888,307,carry_chain
999999999999999,5,False,1000000000000004,15,baseline,100000000000009880,307,carry_chain
280663289999999,8,False,280663290000007,15,baseline,167222270100700907,307,carry_chain
999999999999999,9,False,1000000000000008,15,baseline,100000000000009900,307,carry_chain
961136699999999,7,False,961136700000006,15,baseline,113600012211110951,307,carry_chain
325712599999999,1,False,325712600000000,15,baseline,160099500525009499,307,carry_chain
833051349999999,9,False,833051350000008,15,baseline,900005444333009444,307,carry_chain
999999999999999,2,False,1000000000000001,15,baseline,100000000000009880,307,carry_chain
2899999999,9,False,2900000008,10,baseline,199908,307,carry_chain
2207399999,9,False,2207400008,10,baseline,122203,307,carry_chain
9999999999,3,False,10000000002,10,baseline,1000012,307,carry_chain
4567999999,7,False,4568000006,10,baseline,356676,307,carry_chain
9999999999,9,False,10000000008,10,baseline,1000009,307,carry_chain
9564999999,8,False,9565000007,10,baseline,166662,307,carry_chain
4570999999,6,False,4571000005,10,baseline,356705,307,carry_chain
2369999999,2,False,2370000001,10,baseline,133410,307,carry_chain
9999999999,8,False,10000000007,10,baseline,1000007,307,carry_chain
5499999999,8,False,5500000007,10,baseline,955007,307,carry_chain
3986999999,3,False,3987000002,10,baseline,300002,307,carry_chain
7857399999,9,False,7857400008,10,baseline,1889629,307,carry_chain
9399999999,4,False,9400000003,10,baseline,1443034,307,carry_chain
3709999999,1,False,3710000000,10,baseline,377010,307,carry_chain
9311999999,1,False,9312000000,10,baseline,1433019,307,carry_chain
4319299999,3,False,4319300002,10,baseline,333102,307,carry_chain
3899999999,5,False,3900000004,10,baseline,399004,307,carry_chain
1265999999,4,False,1266000003,10,baseline,022663,307,carry_chain
5999999999,2,False,6000000001,10,baseline,400010,307,carry_chain
9849999999,5,False,9850000004,10,baseline,1988504,307,carry_chain
5449999999,7,False,5450000006,10,baseline,955515,307,carry_chain
6419799999,9,False,6419800008,10,baseline,1445109,307,carry_chain
7479999999,9,False,7480000008,10,baseline,1445709,307,carry_chain
3908999999,4,False,3909000003,10,baseline,300913,307,carry_chain
8999999999,9,False,9000000008,10,baseline,1000009,307,carry_chain
9999999999,4,False,10000000003,10,baseline,1000003,307,carry_chain
8999999999,2,False,9000000001,10,baseline,1000010,307,carry_chain
9999999999,5,False,10000000004,10,baseline,1000004,307,carry_chain
8199999999,9,False,8200000008,10,baseline,1111008,307,carry_chain
7728199999,5,False,7728200004,10,baseline,1778264,307,carry_chain
5799999999,5,False,5800000004,10,baseline,178800,307,carry_chain
8189999999,8,False,8190000007,10,baseline,1111807,307,carry_chain
2750399999,4,False,2750400003,10,baseline,177758,307,carry_chain
1699999999,6,False,1700000005,10,baseline,077005,307,carry_chain
9999999999,2,False,10000000001,10,baseline,1000010,307,carry_chain
7849999999,1,False,7850000000,10,baseline,1889509,307,carry_chain
6999999999,1,False,7000000000,10,baseline,1000000,307,carry_chain
9261999999,6,False,9262000005,10,baseline,1322625,307,carry_chain
2043999999,3,False,2044000002,10,baseline,1000242,307,carry_chain
283499999999,4,False,283500000003,12,baseline,133449,307,carry_chain
238959999999,2,False,238960000001,12,baseline,133909,307,carry_chain
999999999999,4,False,1000000000003,12,baseline,1000009,307,carry_chain
359999999999,3,False,360000000002,12,baseline,261003,307,carry_chain
899999999999,5,False,900000000004,12,baseline,1000009,307,carry_chain
999999999999,7,False,1000000000006,12,baseline,1000008,307,carry_chain
727099999999,4,False,727100000003,12,baseline,1227009,307,carry_chain
999999999999,1,False,1000000000000,12,baseline,100000000000000,307,carry_chain
945819999999,8,False,945820000007,12,baseline,1456909,307,carry_chain
657999999999,6,False,658000000005,12,baseline,1568009,307,carry_chain
167999999999,3,False,168000000002,12,baseline,077800,307,carry_chain
264199999999,4,False,264200000003,12,baseline,167519,307,carry_chain
811412999999,1,False,811413000000,12,baseline,1112510,307,carry_chain
349999999999,7,False,350000000006,12,baseline,245008,307,carry_chain
598999999999,7,False,599000000006,12,baseline,100900,307,carry_chain
589999999999,4,False,590000000003,12,baseline,899009,307,carry_chain
254999999999,1,False,255000000000,12,baseline,156500,307,carry_chain
799999999999,5,False,800000000004,12,baseline,1000009,307,carry_chain
475389999999,7,False,475390000006,12,baseline,277633,307,carry_chain
575601999999,4,False,575602000003,12,baseline,3776094,307,carry_chain
799999999999,3,False,800000000002,12,baseline,1000008,307,carry_chain
999999999999,9,False,1000000000008,12,baseline,10000008,307,carry_chain
596589999999,8,False,596590000007,12,baseline,1007688,307,carry_chain
926999999999,1,False,927000000000,12,baseline,1337009,307,carry_chain
516999999999,8,False,517000000007,12,baseline,1127009,307,carry_chain
609424999999,5,False,609425000004,12,baseline,6010599,307,carry_chain
635699999999,8,False,635700000007,12,baseline,1356709,307,carry_chain
339999999999,6,False,340000000005,12,baseline,243009,307,carry_chain
186699999999,3,False,186700000002,12,baseline,180770,307,carry_chain
808369999999,5,False,808370000004,12,baseline,1008479,307,carry_chain
510937999999,5,False,510938000004,12,baseline,1110039,307,carry_chain
870427999999,3,False,870428000002,12,baseline,1771579,307,carry_chain
962799999999,1,False,962800000000,12,baseline,1677809,307,carry_chain
587999999999,9,False,588000000008,12,baseline,888809,307,carry_chain
448204999999,8,False,448205000007,12,baseline,2458239,307,carry_chain
664559999999,4,False,664560000003,12,baseline,1675699,307,carry_chain
273799999999,2,False,273800000001,12,baseline,177480,307,carry_chain
988684999999,7,False,988685000006,12,baseline,1889739,307,carry_chain
402281999999,4,False,402282000003,12,baseline,402289,307,carry_chain
999999999999,5,False,1000000000004,12,baseline,1000009,307,carry_chain
516192999999,1,False,516193000000,12,baseline,612709,307,carry_chain
668999999999,1,False,669000000000,12,baseline,167900,307,carry_chain
959999999999,9,False,960000000008,12,baseline,1660008,307,carry_chain
446699999999,5,False,446700000004,12,baseline,345769,307,carry_chain
946999999999,1,False,947000000000,12,baseline,1457009,307,carry_chain
499999999999,5,False,500000000004,12,baseline,300009,307,carry_chain
14419999999999999999,5,False,14420000000000000004,20,baseline,15444444000000000000000,307,carry_chain
61414037369999999999,3,False,61414037370000000002,20,baseline,91514140000000000000000,307,carry_chain
46651978999999999999,2,False,46651979000000000001,20,baseline,16666666506565500005000,307,carry_chain
18756529999999999999,7,False,18756530000000000006,20,baseline,97688877650887667066000,307,carry_chain
89999999999999999999,9,False,90000000000000000008,20,baseline,10000000000000000000000,307,carry_chain
99999999999999999999,1,False,100000000000000000000,20,baseline,10000000000000000000000,307,carry_chain
76808644499999999999,6,False,76808644500000000005,20,baseline,97088689009090009090005,307,carry_chain
19999999999999999999,3,False,20000000000000000002,20,baseline,10000000000000000000000,307,carry_chain
66506699999999999999,6,False,66506700000000000005,20,baseline,15555655070555077600000,307,carry_chain
25135339999999999999,6,False,25135340000000000005,20,baseline,15111011499911359099995,307,carry_chain
41291869999999999999,3,False,41291870000000000002,20,baseline,91131610000000000000000,307,carry_chain
68530419999999999999,5,False,68530420000000000004,20,baseline,95559595500555000000000,307,carry_chain
69999999999999999999,1,False,70000000000000000000,20,baseline,10000000000000000000000,307,carry_chain
46651499999999999999,2,False,46651500000000000001,20,baseline,16666660054655000000000,307,carry_chain
36199999999999999999,3,False,36200000000000000002,20,baseline,11111110000010000000000,307,carry_chain
14207310999999999999,1,False,14207311000000000000,20,baseline,90222221000010000900000,307,carry_chain
38149999999999999999,6,False,38150000000000000005,20,baseline,12222111500222500000000,307,carry_chain
34575899999999999999,1,False,34575900000000000000,20,baseline,15559599999959709000999,307,carry_chain
19559062799999999999,8,False,19559062800000000007,20,baseline,91660900600005500000000,307,carry_chain
20387878199999999999,5,False,20387878200000000004,20,baseline,90400003799903879809700,307,carry_chain
48999999999999999999,7,False,49000000000000000006,20,baseline,10000000000000000000000,307,carry_chain
47999999999999999999,1,False,48000000000000000000,20,baseline,10000899900999000000000,307,carry_chain
99999999999999999999,6,False,100000000000000000005,20,baseline,10000000000000000000000,307,carry_chain
47370699999999999999,9,False,47370700000000000008,20,baseline,17477773707973700070750,307,carry_chain
16561044999999999999,3,False,16561045000000000002,20,baseline,96556565000555000909950,307,carry_chain
88419999999999999999,3,False,88420000000000000002,20,baseline,15548444000050100000000,307,carry_chain
99999999999999999999,8,False,100000000000000000007,20,baseline,10000000000000000000000,307,carry_chain
29999999999999999999,2,False,30000000000000000001,20,baseline,10000000000000000000000,307,carry_chain
27119999999999999999,1,False,27120000000000000000,20,baseline,12211111100111110010100,307,carry_chain
38748999999999999999,8,False,38749000000000000007,20,baseline,18888878599988599999000,307,carry_chain
76098770599999999999,1,False,76098770600000000000,20,baseline,90006000979000999990000,307,carry_chain
38773501999999999999,7,False,38773502000000000006,20,baseline,97778877795777735979505,307,carry_chain
62999999999999999999,3,False,63000000000000000002,20,baseline,10001000000000000000000,307,carry_chain
34613979999999999999,8,False,34613980000000000007,20,baseline,16664999989900000000000,307,carry_chain
29999999999999999999,1,False,30000000000000000000,20,baseline,10000000000000000000000,307,carry_chain
48818249999999999999,5,False,48818250000000000004,20,baseline,98088889000980100000000,307,carry_chain
65599999999999999999,4,False,65600000000000000003,20,baseline,15666555000555000000000,307,carry_chain
71487899999999,2,False,71487900000001,14,baseline,15880000085055889,307,carry_chain
89430379999999,5,False,89430380000004,14,baseline,15300000045445098,307,carry_chain
34980489999999,3,False,34980490000002,14,baseline,19899888809999399,307,carry_chain
99999999999999,1,False,100000000000000,14,baseline,10000000000000098,307,carry_chain
23249999999999,3,False,23250000000002,14,baseline,12599983003225098,307,carry_chain
13838499999999,7,False,13838500000006,14,baseline,18399999009989099,307,carry_chain
93252769999999,8,False,93252770000007,14,baseline,92579000003336099,307,carry_chain
96320649999999,6,False,96320650000005,14,baseline,13200449536422594,307,carry_chain
92861099999999,6,False,92861100000005,14,baseline,18610900060926099,307,carry_chain
23237799999999,9,False,23237800000008,14,baseline,12389992313123799,307,carry_chain
99999999999999,5,False,100000000000004,14,baseline,10000000000000098,307,carry_chain
64903129999999,2,False,64903130000001,14,baseline,19040900009990090,307,carry_chain
77819999999999,8,False,77820000000007,14,baseline,18100900000880098,307,carry_chain
29799999999999,5,False,29800000000004,14,baseline,18009883008888099,307,carry_chain
87999999999999,1,False,88000000000000,14,baseline,10000000000098098,307,carry_chain
77199999999999,6,False,77200000000005,14,baseline,11000900001110098,307,carry_chain
72547999999999,7,False,72548000000006,14,baseline,15580000006565899,307,carry_chain
79673999999999,7,False,79674000000006,14,baseline,17740000007777099,307,carry_chain
14706299999999,2,False,14706300000001,14,baseline,17009990000700099,307,carry_chain
19899999999999,2,False,19900000000001,14,baseline,190009,307,carry_chain
57057099999999,7,False,57057100000006,14,baseline,90079499005000099,307,carry_chain
44999999999999,8,False,45000000000007,14,baseline,10004883039499498,307,carry_chain
99999999999999,2,False,100000000000001,14,baseline,10000000000000089,307,carry_chain
92658999999999,3,False,92659000000002,14,baseline,16600000057776999,307,carry_chain
26258299999999,2,False,26258300000001,14,baseline,12612223313121089,307,carry_chain
99999999999999,3,False,100000000000002,14,baseline,10000000000000098,307,carry_chain
30531899999999,7,False,30531900000006,14,baseline,15309993035955099,307,carry_chain
31999999999999,9,False,32000000000008,14,baseline,10000983000000098,307,carry_chain
97699999999999,7,False,97700000000006,14,baseline,17000900006770099,307,carry_chain
69499999999999,6,False,69500000000005,14,baseline,15000000005055099,307,carry_chain
49539999999999,4,False,49540000000003,14,baseline,15449933045055998,307,carry_chain
50999999999999,8,False,51000000000007,14,baseline,10000988000000098,307,carry_chain
58737059999999,1,False,58737060000000,14,baseline,17370900008787094,307,carry_chain
81462999999999,6,False,81463000000005,14,baseline,15730000015146098,307,carry_chain
89975099999999,7,False,89975100000006,14,baseline,10800900000008099,307,carry_chain
38999999999999,1,False,39000000000000,14,baseline,10009932300000098,307,carry_chain
3799999999999,1,False,3800000000000,13,baseline,180002,307,carry_chain
5999999999999,6,False,6000000000005,13,baseline,100009,307,carry_chain
5942099999999,5,False,5942100000004,13,baseline,1950099490059550,307,carry_chain
4779999999999,5,False,4780000000004,13,baseline,1780099883077789,307,carry_chain
9999999999999,4,False,10000000000003,13,baseline,1000008883000000,307,carry_chain
5557999999999,5,False,5558000000004,13,baseline,5568099930455550,307,carry_chain
1795999999999,4,False,1796000000003,13,baseline,180609,307,carry_chain
9999999999999,1,False,10000000000000,13,baseline,1000000000000000,307,carry_chain
9999999999999,9,False,10000000000008,13,baseline,1000000000000000,307,carry_chain
9951309999999,3,False,9951310000002,13,baseline,1061100000005960,307,carry_chain
9171999999999,5,False,9172000000004,13,baseline,1171009880017170,307,carry_chain
8402999999999,9,False,8403000000008,13,baseline,1003000000000200,307,carry_chain
9999999999999,8,False,10000000000007,13,baseline,1000008880000000,307,carry_chain
4639889999999,4,False,4639890000003,13,baseline,1740999883046349,307,carry_chain
7999999999999,7,False,8000000000006,13,baseline,1000008,307,carry_chain
7922623999999,6,False,7922624000005,13,baseline,1227223333273317,307,carry_chain
4782999999999,3,False,4783000000002,13,baseline,178293,307,carry_chain
7999999999999,9,False,8000000000008,13,baseline,1000000000000000,307,carry_chain
5196739999999,6,False,5196740000005,13,baseline,1107339330000007,307,carry_chain
2183432999999,5,False,2183433000004,13,baseline,118432,307,carry_chain
6488429999999,3,False,6488430000002,13,baseline,849929,307,carry_chain
9999999999999,6,False,10000000000005,13,baseline,1000008880000000,307,carry_chain
8999999999999,7,False,9000000000006,13,baseline,1000008,307,carry_chain
3999999999999,6,False,4000000000005,13,baseline,100009,307,carry_chain
2819999999999,6,False,2820000000005,13,baseline,192009,307,carry_chain
6299999999999,4,False,6300000000003,13,baseline,1200099883000000,307,carry_chain
6961699999999,7,False,6961700000006,13,baseline,1062009083060610,307,carry_chain
8608669999999,3,False,8608670000002,13,baseline,1609700000000006,307,carry_chain
4538509999999,3,False,4538510000002,13,baseline,4549099999440444,307,carry_chain
2937672999999,1,False,2937673000000,13,baseline,104802,307,carry_chain
8399999999999,5,False,8400000000004,13,baseline,1400009088000000,307,carry_chain
2113999999999,6,False,2114000000005,13,baseline,112499,307,carry_chain
6986999999999,6,False,6987000000005,13,baseline,1097009000009000,307,carry_chain
25239999,7,False,25240006,8,baseline,252476,307,carry_chain
99999999,9,False,100000008,8,baseline,1000008,307,carry_chain
89999999,8,False,90000007,8,baseline,900087,307,carry_chain
38999999,9,False,39000008,8,baseline,390098,307,carry_chain
41999999,1,False,42000000,8,baseline,410010,307,carry_chain
89999999,2,False,90000001,8,baseline,900021,307,carry_chain
59999999,9,False,60000008,8,baseline,600008,307,carry_chain
11999999,4,False,12000003,8,baseline,110043,307,carry_chain
80099999,5,False,80100004,8,baseline,801054,307,carry_chain
39999999,1,False,40000000,8,baseline,300010,307,carry_chain
99999999,3,False,100000002,8,baseline,1000032,307,carry_chain
62689999,1,False,62690000,8,baseline,626910,307,carry_chain
59249999,6,False,59250005,8,baseline,592565,307,carry_chain
45939999,5,False,45940004,8,baseline,459454,307,carry_chain
79999999,8,False,80000007,8,baseline,800087,307,carry_chain
72649999,3,False,72650002,8,baseline,726532,307,carry_chain
68779999,7,False,68780006,8,baseline,687876,307,carry_chain
79999999,7,False,80000006,8,baseline,800076,307,carry_chain
95259999,4,False,95260003,8,baseline,952643,307,carry_chain
16199999,5,False,16200004,8,baseline,162054,307,carry_chain
89999999,3,False,90000002,8,baseline,900032,307,carry_chain
99999999,5,False,100000004,8,baseline,1000054,307,carry_chain
54449999,1,False,54450000,8,baseline,544510,307,carry_chain
27999999,1,False,28000000,8,baseline,280010,307,carry_chain
31999999,6,False,32000005,8,baseline,310065,307,carry_chain
19499999,3,False,19500002,8,baseline,195032,307,carry_chain
58999999,6,False,59000005,8,baseline,590065,307,carry_chain
69239999,4,False,69240003,8,baseline,692443,307,carry_chain
95199999,6,False,95200005,8,baseline,952065,307,carry_chain
77799999,3,False,77800002,8,baseline,778032,307,carry_chain
47099999,7,False,47100006,8,baseline,471076,307,carry_chain
79999999,3,False,80000002,8,baseline,800032,307,carry_chain
49999999,7,False,50000006,8,baseline,500076,307,carry_chain
4049999999999999999,7,False,4050000000000000006,19,baseline,,307,carry_chain
9071439999999999999,2,False,9071440000000000001,19,baseline,1717100721007171550100,307,carry_chain
8372709999999999999,8,False,8372710000000000007,19,baseline,1788877788080772787770,307,carry_chain
3599999999999999999,3,False,3600000000000000002,19,baseline,1000044499009000000000,307,carry_chain
5901677719999999999,5,False,5901677720000000004,19,baseline,,307,carry_chain
8599999999999999999,6,False,8600000000000000005,19,baseline,1000000000000000000000,307,carry_chain
5999999999999999999,1,False,6000000000000000000,19,baseline,1000000000000000000000,307,carry_chain
1655374799999999999,9,False,1655374800000000008,19,baseline,,307,carry_chain
4899999999999999999,9,False,4900000000000000008,19,baseline,1000009990000000000000,307,carry_chain
8607917149999999999,7,False,8607917150000000006,19,baseline,,307,carry_chain
4748538619999999999,1,False,4748538620000000000,19,baseline,,307,carry_chain
1999999999999999999,9,False,2000000000000000008,19,baseline,1000000000000000000000,307,carry_chain
5496975999999999999,2,False,5496976000000000001,19,baseline,9000000006060000000700,307,carry_chain
9999999999999999999,8,False,10000000000000000007,19,baseline,1000000000000000000000,307,carry_chain
4982983999999999999,7,False,4982984000000000006,19,baseline,1094909990000900000000,307,carry_chain
9507899999999999999,2,False,9507900000000000001,19,baseline,1000005508080078900870,307,carry_chain
9522249999999999999,7,False,9522250000000000006,19,baseline,1626355223703223333220,307,carry_chain
7999999999999999999,2,False,8000000000000000001,19,baseline,1000000000000000000000,307,carry_chain
6639399999999999999,7,False,6639400000000000006,19,baseline,1444767440000490000000,307,carry_chain
9999999999999999999,2,False,10000000000000000001,19,baseline,1000000000000000000000,307,carry_chain
8147699999999999999,5,False,8147700000000000004,19,baseline,1000001497070008777770,307,carry_chain
1009999999999999999,3,False,1010000000000000002,19,baseline,,307,carry_chain
6699999999999999999,4,False,6700000000000000003,19,baseline,1000000000000000000000,307,carry_chain
9999999999999999999,3,False,10000000000000000002,19,baseline,1000000000000000000000,307,carry_chain
3887999999999999999,9,False,3888000000000000008,19,baseline,1998999988080988000880,307,carry_chain
9639999999999999999,4,False,9640000000000000003,19,baseline,1000477700000000000000,307,carry_chain
7759999999999999999,7,False,7760000000000000006,19,baseline,1006667650000600000000,307,carry_chain
6359677350999999999,4,False,6359677351000000003,19,baseline,,307,carry_chain
8730439999999999999,5,False,8730440000000000004,19,baseline,1030473740004300555000,307,carry_chain
4299999999999999999,5,False,4300000000000000004,19,baseline,1000001000000000000000,307,carry_chain
3653667699999999999,5,False,3653667700000000004,19,baseline,,307,carry_chain
5071496099999999999,9,False,5071496100000000008,19,baseline,,307,carry_chain
999999,1,False,1000000,6,baseline,990000,307,carry_chain
999999,9,False,1000008,6,baseline,990008,307,carry_chain
